,formula,pearson_symbol,space_group,enthalpy_formation_exp,mpid,energy_formation_mp,oqmdid,energy_formation_oqmd
0,ScAg2,tI6,I4/mmm,-0.2809,mp-1018128,-0.30212525,27633,-0.30750919
1,ScAg,cP2,Pm-3m,-0.2715,mp-11237,-0.27875396,10665,-0.28691687
2,Ag51Y14,hP68,P6/m,-0.2301,,,,
3,YAg,cP2,Pm-3m,-0.2778,mp-2474,-0.33641916,10681,-0.34309354
4,Ag51La14,hP68,P6/m,-0.2218,,,,
5,LaAg,cP2,Pm-3m,-0.1752,mp-1948,-0.26173778,10639,-0.26489469
6,Ag51Ce14,hP68,P6/m,-0.2,,,,
7,CeAg,cP2,Pm-3m,-0.1399,mp-2756,-0.03966432,10361,-0.24419368
8,Ag51Pr14,hP68,P6/m,-0.229,,,,
9,PrAg,cP2,Pm-3m,-0.2529,mp-2525,-0.24710848,10662,-0.25770733
10,Ag51Nd14,hP68,P6/m,-0.1834,,,,
11,NdAg,cP2,Pm-3m,-0.2052,mp-1236,-0.25934894,10660,-0.26962121
12,ZrAg,tP4,P4/nmm,-0.0323,mp-11239,-0.12296924,10690,-0.12506091
13,Zr2Ag,tI6,I4/mmm,-0.0152,mp-2221,-0.10909721,10691,-0.11036623
14,HfAg,tP4,P4/nmm,-0.1113,mp-13156,-0.11973231,20652,-0.11913138
15,Al0.67Ni0.17Y0.16,oC24,Cmcm,-0.5597,,,,
16,YAl2Ni,oS16,Cmcm,-0.6509,mp-13094,-0.64821439,10532,-0.65212275
17,Al0.18Ni0.55Y0.27,cI44,Im-3m,-0.5027,,,,
18,Al0.8Ni0.15Y0.05,,Cmcm,-0.37,,,,
19,Al0.6Ni0.07Y0.33,cF24,Fd-3m,-0.5877,,,,
20,YAlNi,hP9,P-62m,-0.5607,mp-13095,-0.59861675,27924,-0.60450311
21,YAl3Ni2,hP18,P6/mmm,-0.6509,mp-5063,-0.65817815,647439,-0.66654722
22,Al0.25Ni0.58Y0.17,hP6,P6/mmm,-0.5006,,,,
23,Al0.15Ni0.68Y0.17,hP6,P6/mmm,-0.4902,,,,
24,Al0.05Ni0.78Y0.17,hP6,P6/mmm,-0.3746,,,,
25,Al0.08Ni0.67Y0.25,hP24,P63/mmc,-0.3928,,,,
26,HfAlNi2,cF16,Fm-3m,-0.6032,mp-5748,-0.63745526,10473,-0.64536214
27,Al0.82Fe0.09Ni0.09,mP22,P121/c1,-0.2674,,,,
28,Al0.72Fe0.14Ni0.14,,,-0.3804,,,,
29,Al0.18Fe0.07Ni0.75,cP4,Pm-3m,-0.2933,,,,
30,AlFe2Ni,cP2,Pm-3m,-0.2892,,,,
31,AlFeNi2,cP2,Pm-3m,-0.3171,,,,
32,Al3Fe3Ni4,cP2,Pm-3m,-0.3545,,,,
33,Al0.33Fe0.57Ni0.1,cP2,Pm-3m,-0.256,,,,
34,Al2Fe3Ni,cP2,Pm-3m,-0.3348,,,,
35,AlFeNi,cP2,Pm-3m,-0.4084,,,,
36,Al3Fe2Ni4,cP2,Pm-3m,-0.427,,,,
37,Al2FeNi3,cP2,Pm-3m,-0.4301,,,,
38,Al0.33Fe0.1Ni0.57,cP2,Pm-3m,-0.454,,,,
39,Al4Fe5Ni,cP2,Pm-3m,-0.2933,,,,
40,Al2Fe2Ni,cP2,Pm-3m,-0.3399,,,,
41,Al4Fe3Ni3,cP2,Pm-3m,-0.3669,,,,
42,Al2FeNi2,cP2,Pm-3m,-0.4436,,,,
43,Al4FeNi5,cP2,Pm-3m,-0.5058,,,,
44,Al5Fe4Ni,cP2,Pm-3m,-0.3089,,,,
45,Al2FeNi,cP2,Pm-3m,-0.4612,,,,
46,Al5FeNi4,cP2,Pm-3m,-0.4944,,,,
47,AlFe2,cP2,Pm-3m,-0.2301,,,,
48,Al2Fe3,cP2,Pm-3m,-0.2684,,,,
49,AlFe,cP2,Pm-3m,-0.2747,mp-2658,-0.33204742,54708,-0.33175568
50,AlNbNi,hP12,P63/mmc,-0.4239,,,,
51,NbAlNi2,cF16,Fm-3m,-0.4001,mp-4813,-0.42826975,10512,-0.44036077
52,Al0.27Nb0.33Ni0.4,hP12,P63/mmc,-0.4052,,,,
53,Al0.4Nb0.33Ni0.2,hP12,P63/mmc,-0.4788,,,,
54,Al0.2Nb0.04Ni0.76,cP4,Pm-3m,-0.2943,,,,
55,Al0.45Ni0.45Ru0.1,cP2,Pm-3m,-0.5752,,,,
56,Al2Ni2Ru,cP2,Pm-3m,-0.5349,,,,
57,Al5NiRu4,cP2,Pm-3m,-0.6426,,,,
58,Al5Ni2Ru3,cP2,Pm-3m,-0.6544,,,,
59,Al5Ni4Ru,cP2,Pm-3m,-0.5794,,,,
60,Al5Ni3Ru2,cP2,Pm-3m,-0.6374,,,,
61,Al0.45Ni0.1Ru0.45,cP2,Pm-3m,-0.5816,,,,
62,Al0.45Ni0.35Ru0.2,cP2,Pm-3m,-0.597,,,,
63,Al0.45Ni0.2Ru0.35,cP2,Pm-3m,-0.5896,,,,
64,Al5CoNi4,cP2,Pm-3m,-0.5618,,,,
65,Al0.5Co0.2Ni0.3,cP2,Pm-3m,-0.548,,,,
66,Al0.5Co0.3Ni0.2,cP2,Pm-3m,-0.5348,,,,
67,Al5Co4Ni,cP2,Pm-3m,-0.5304,,,,
68,AlCo,cP2,Pm-3m,-0.5367,mp-284,-0.60278819,10411,-0.61034217
69,Al4CoNi5,cP2,Pm-3m,-0.479,,,,
70,Al2CoNi2,cP2,Pm-3m,-0.4578,,,,
71,Al4Co3Ni3,cP2,Pm-3m,-0.4382,,,,
72,Al0.5Co0.05Ni0.45,cP2,Pm-3m,-0.6051,,,,
73,Al2Co2Ni,cP2,Pm-3m,-0.4353,,,,
74,Al4Co5Ni,cP2,Pm-3m,-0.4213,,,,
75,Al2Co3,cP2,Pm-3m,-0.3716,,,,
76,Al0.55Co0.1Ni0.35,cP2,Pm-3m,-0.6093,,,,
77,Al0.52Co0.18Ni0.3,cP2,Pm-3m,-0.5539,,,,
78,Al0.4Co0.05Ni0.55,cP2,Pm-3m,-0.486,,,,
79,Al0.33Co0.2Ni0.47,cP2,Pm-3m,-0.3758,,,,
80,Al0.25Co0.05Ni0.7,cp4,Pm-3m,-0.3238,,,,
81,Al0.71Co0.25Ni0.04,hP28,P63/mmc,-0.4208,,,,
82,AlCo,cP2,Pm-3m,-0.5535,mp-284,-0.60278819,10411,-0.61034217
83,AlNi,cP2,Pm-3m,-0.6405,mp-1487,-0.65864811,94913,-0.66944636
84,Al0.5Cu0.05Ni0.45,cP2,Pm-3m,-0.5815,,,,
85,Al5CuNi4,cP2,Pm-3m,-0.5675,,,,
86,Al0.5Cu0.15Ni0.35,cP2,Pm-3m,-0.426,,,,
87,Al5Cu2Ni3,cP2,Pm-3m,-0.4033,,,,
88,Al2CuNi,cP2,Pm-3m,-0.3319,,,,
89,Al5Cu3Ni2,cP2,Pm-3m,-0.3106,,,,
90,Al2Ni3,cP2,Pm-3m,-0.5317,,,,
91,Al4CuNi5,cP2,Pm-3m,-0.5068,,,,
92,Al2CuNi2,cP2,Pm-3m,-0.4315,,,,
93,Al0.4Cu0.25Ni0.35,cP2,Pm-3m,-0.4059,,,,
94,Al4Cu3Ni3,cP2,Pm-3m,-0.3888,,,,
95,Al2Cu2Ni,cP2,Pm-3m,-0.3029,,,,
96,Al0.4Cu0.45Ni0.15,cP2,Pm-3m,-0.3294,,,,
97,Al0.55Cu0.15Ni0.3,cP2,Pm-3m,-0.4294,,,,
98,AlCu8Ni,cF4,Fm-3m,-0.0685,,,,
99,Al3Cu5Ni2,cP2,Pm-3m,-0.2953,,,,
100,Al5Ni4Pt,cP2,Pm-3m,-0.7038,,,,
101,Al5Ni3Pt2,cP2,Pm-3m,-0.7472,,,,
102,Al0.45Ni0.45Pt0.1,cP2,Pm-3m,-0.6247,,,,
103,Al0.45Ni0.4Pt0.15,cP2,Pm-3m,-0.6389,,,,
104,Al0.5Ni0.45Pt0.05,cP2,Pm-3m,-0.6296,,,,
105,Al0.55Ni0.4Pt0.05,cP2,Pm-3m,-0.6321,,,,
106,Al6Ni3Pt,hP5,P-3m1,-0.6692,,,,
107,Al3NiPt,hP5,P-3m1,-0.8191,,,,
108,Al6NiPt3,hP5,P-3m1,-0.9105,,,,
109,Al0.27Ni0.63Pt0.1,cP2,Pm-3m,-0.5166,,,,
110,Al0.27Ni0.68Pt0.05,cP2,Pm-3m,-0.4337,,,,
111,Al0.05Ni0.9Pt0.05,cF4,Fm-3m,-0.1538,,,,
112,Al0.9Ni0.05Pt0.05,cF4,Fm-3m,-0.1919,,,,
113,Al5Ni4Pd,cP2,Pm-3m,-0.6777,,,,
114,Al5Ni3Pd2,cP2,Pm-3m,-0.7476,,,,
115,Al5Ni2Pd3,cP2,Pm-3m,-0.808,,,,
116,Al5NiPd4,cP2,Pm-3m,-0.9033,,,,
117,AlPd,cP2,Pm-3m,-0.9457,mp-829,-0.8822333,10550,-0.87597428
118,Al4Ni5Pd,cP2,Pm-3m,-0.5922,,,,
119,Al2Ni2Pd,cP2,Pm-3m,-0.6382,,,,
120,Al4Ni3Pd3,cP2,Pm-3m,-0.7154,,,,
121,Al2NiPd2,cP2,Pm-3m,-0.7781,,,,
122,Al0.54Ni0.46,cP2,Pm-3m,-0.6177,,,,
123,Al0.45Ni0.5Ti0.05,cP2,Pm-3m,-0.6156,,,,
124,Al4Ni5Ti,cP2,Pm-3m,-0.6229,,,,
125,Al0.45Ni0.55,cP2,Pm-3m,-0.6053,,,,
126,Al0.4Ni0.55Ti0.05,cP2,Pm-3m,-0.5882,,,,
127,Al0.5Ni0.42Ti0.08,cP2,Pm-3m,-0.5721,,,,
128,Al3Ni5Ti2,cF16,Fm-3m,-0.5599,,,,
129,TiAlNi2,cF16,Fm-3m,-0.5783,mp-7187,-0.62052541,21081,-0.64117697
130,Al2Ni5Ti3,cF16,Fm-3m,-0.569,,,,
131,Al0.05Ni0.5Ti0.45,cP2,Pm-3m,-0.4218,,,,
132,Al5Ni2Ti3,cF144,Fm-3m,-0.4995,,,,
133,Al0.21Ni0.74Ti0.05,cP4,Pm-3m,-0.2545,,,,
134,Al0.16Ni0.74Ti0.1,cP4,Pm-3m,-0.3341,,,,
135,Al0.11Ni0.74Ti0.15,cP4,Pm-3m,-0.4102,,,,
136,TiAl2Ni,cF144,Fm-3m,-0.5,,,509949,-0.33701128
137,Al0.05Ni0.75Ti0.2,hP16,P63/mmc,-0.3616,,,,
138,Al5IrNi4,cP2,Pm-3m,-0.6227,,,,
139,Al5Ir2Ni3,cP2,Pm-3m,-0.6825,,,,
140,Al5Ir4Ni,cP2,Pm-3m,-0.8476,,,,
141,AlIr,cP2,Pm-3m,-0.8875,mp-1885,-0.9453517,10480,-0.94632008
142,AlIr,cP2,Pm-3m,-0.9618,mp-1885,-0.9453517,10480,-0.94632008
143,Al4IrNi5,cP2,Pm-3m,-0.5559,,,,
144,Al2IrNi2,cP2,Pm-3m,-0.6187,,,,
145,Al4Ir3Ni3,cP2,Pm-3m,-0.6869,,,,
146,Al2Ir2Ni,cP2,Pm-3m,-0.7747,,,,
147,ScAu,cP2,Pm-3m,-0.7887,mp-11256,-0.80003426,10797,-0.8037018
148,YAu,cP2,Pm-3m,-0.8157,mp-11261,-0.8561513,10822,-0.86178639
149,LaAu,oP8,Pnma,-0.7245,,,28181,-0.82187696
150,Au51Ce14,hP68,P6/m,-0.513,,,,
151,Au2Ce,oI12,Imma,-0.5959,,,,
152,CeAu,oP8,Pnma,-0.6509,,,28133,-0.78051986
153,Au51Pr14,hP68,P6/m,-0.569,,,,
154,PrAu2,oI12,Imma,-0.6654,mp-30415,-0.76024071,10795,-0.76304137
155,PrAu,oP8,Pnma,-0.7483,,,28204,-0.79399349
156,Au51Nd14,hP68,P6/m,-0.511,,,,
157,Au2Nd,tP106,P4/nmm,-0.7224,,,,
158,NdAu,oP8,Pnma,-0.7276,,,28192,-0.8085836
159,TiAu2,tI6,I4/mmm,-0.476,mp-1018123,-0.42368917,10816,-0.43286958
160,TiAu,tP4,P4/nmm,-0.4581,mp-998972,-0.42630756,28225,-0.44766886
161,Ti3Au,cP8,Pm-3n,-0.3253,mp-1786,-0.3503004,10815,-0.40897919
162,ZrAu3,oP8,Pmmn,-0.5328,,,28234,-0.49745752
163,ZrAu2,tI6,I4/mmm,-0.6322,mp-1018103,-0.57450582,28235,-0.57476874
164,Au4Zr5,mP32,P12/m1,-0.4887,,,,
165,Zr3Au,cP8,Pm-3n,-0.3117,mp-11263,-0.34064662,10833,-0.344695
166,HfAu3,oP8,Pmmn,-0.5676,,,28169,-0.47940044
167,HfAu2,tI6,I4/mmm,-0.6424,mp-1018153,-0.55926991,28170,-0.56096042
168,HfAu,tP4,P4/nmm,-0.5911,mp-1007755,-0.53970088,28171,-0.54374941
169,Hf2Au,tI6,I4/mmm,-0.4224,mp-30383,-0.44170843,10733,-0.43916889
170,Au4V,,,-0.1015,,,,
171,Au2V,,,-0.1075,,,,
172,AuV4,,,-0.1009,,,,
173,Au2Nb,,,-0.1385,,,,
174,Au2Ta3,,,-0.2131,,,,
175,CeNi,oS8,Cmcm,-0.314,mp-21188,-0.31832568,19828,-0.2680098
176,CeNi5,hP6,P6/mmm,-0.2912,mp-1910,-0.34174988,,
177,CeRu2,cF24,Fd-3m,-0.2892,mp-607,-0.28556185,31172,-0.03192737
178,CeRh2,cF24,Fd-3m,-0.6892,mp-951,-0.72223566,18272,-0.60159683
179,CeRh3,cP4,Pm-3m,-0.5721,mp-1518,-0.65070242,29167,-0.22961403
180,Ce5Rh4,oP36,Pnma,-0.7307,mp-680602,-0.6354722,27547,-0.56776512
181,CePd,oS8,Cmcm,-0.8115,mp-1018086,-0.67666873,29155,-0.76634775
182,CePd3,cP4,Pm-3m,-0.7566,mp-2092,-0.84301504,18665,-0.72610748
183,CeIr2,cF24,Fd-3m,-0.7649,mp-582,-0.77569556,29113,-0.62518661
184,CePt,oS8,Cmcm,-1.0758,mp-21245,-1.09083658,18268,-1.0789242
185,CePt2,cF24,Fd-3m,-0.939,mp-2109,-1.01138152,18795,-0.99678888
186,CeCu6,oP28,Pnma,-0.2166,mp-21708,-0.11954031,19222,-0.11315403
187,CeCu6,oP28,Pnma,-0.1047,mp-21708,-0.11954031,19222,-0.11315403
188,CeCu2,oI12,Imma,-0.2197,mp-2801,-0.15003585,29059,-0.17359366
189,CeCu2,oI12,Imma,-0.1534,mp-2801,-0.15003585,29059,-0.17359366
190,TiCo,cP2,Pm-3m,-0.428,mp-823,-0.39000135,18811,-0.4096884
191,ZrCo2,cF24,Fd-3m,-0.371,mp-929,-0.30849371,31202,-0.32129482
192,ZrCo,cP2,Pm-3m,-0.371,mp-2283,-0.28187688,29537,-0.28789901
193,Zr2Co,tI12,I4/mcm,-0.2736,mp-628,-0.25113077,29534,-0.26078137
194,HfCo2,cF24,Fd-3m,-0.4084,mp-2337,-0.36745692,29360,-0.38035091
195,HfCo,cP2,Pm-3m,-0.4923,mp-2027,-0.39554595,88389,-0.39532442
196,HfCo,cP2,Pm-3m,-0.4436,mp-2027,-0.39554595,88389,-0.39532442
197,Cu4Sc,,,-0.1451,,,,
198,ScCu2,tI6,I4/mmm,-0.18,mp-1018149,-0.25442908,29783,-0.25688792
199,ScCu,cP2,Pm-3m,-0.2161,mp-1169,-0.27157447,88926,-0.27835424
200,Cu4Y,hP6,P6/mmm,-0.1662,,,,
201,YCu2,oI12,Imma,-0.2021,mp-2698,-0.25999506,22909,-0.263491
202,YCu,cP2,Pm-3m,-0.2004,mp-712,-0.23550464,88957,-0.2439541
203,LaCu6,oP28,Pnma,-0.1027,mp-636256,-0.12873991,29713,-0.13245614
204,LaCu2,hP3,P6/mmm,-0.1675,mp-2051,-0.21782207,29715,-0.22225439
205,PrCu6,oP28,Pnma,-0.1171,mp-30698,-0.12151383,29754,-0.1256437
206,Cu2Pr,oI12,Imma,-0.1503,,,,
207,Cu6Nd,oP28,Pnma,-0.1378,,,,
208,NdCu2,oI12,Imma,-0.1752,mp-11852,-0.20811317,18310,-0.20554552
209,CuTi,,,-0.0996,,,,
210,Cu3Zr,,,-0.1458,,,,
211,Cu3Zr2,,,-0.1276,,,,
212,CuZr,,,-0.0938,,,,
213,CuZr2,,,-0.1135,,,,
214,Cu4Hf,,,-0.1415,,,,
215,Cu3Hf2,,,-0.131,,,,
216,CuHf2,,,-0.1578,,,,
217,DyNi,oP8,Pnma,-0.3648,mp-2738,-0.45827261,89117,-0.46149673
218,DyNi5,hP6,P6/mmm,-0.284,mp-1179,-0.33433602,29892,-0.3363989
219,DyRu2,hP12,P63/mmc,-0.2829,,,,
220,DyRh,cP2,Pm-3m,-0.7929,mp-232,-0.89557702,89140,-0.87351625
221,DyRh2,cF24,Fd-3m,-0.6457,mp-1388,-0.75729068,29923,-0.75177647
222,Dy7Rh3,,,-0.5887,,,,
223,DyPd,,,-0.8633,,,,
224,Dy4Pd5,,,-0.8975,,,,
225,DyPd3,,,-0.7898,,,,
226,DyIr2,cF24,Fd-3m,-0.7245,mp-1358,-0.81256708,29881,-0.81551265
227,DyPt,oP8,Pnma,-1.1338,,,29915,-1.28752687
228,DyPt2,,,-1.0167,,,,
229,DyPt3,,,-0.8582,,,,
230,ErNi,oP8,Pnma,-0.4363,mp-567314,-0.48549384,30015,-0.49334426
231,ErNi5,hP6,P6/mmm,-0.3026,mp-853,-0.33986862,9962,-0.34341508
232,ErRu2,hP12,P63/mmc,-0.2715,mp-569220,-0.36478196,19323,-0.3528259
233,ErRh,cP2,Pm-3m,-0.9058,mp-2381,-0.9528684,30040,-0.93567722
234,ErRh2,cF24,Fd-3m,-0.7234,mp-1762,-0.76770201,30042,-0.7658654
235,ErPd,cP2,Pm-3m,-0.9442,mp-851,-0.93696182,89074,-0.93152616
236,Er3Pd4,hR42,R-3,-0.9805,,,30026,-0.96967227
237,ErPd3,cP4,Pm-3m,-0.9349,mp-2825,-0.91946738,18320,-0.9140862
238,ErIr2,cF24,Fd-3m,-0.7866,mp-1495,-0.82361226,29997,-0.82946363
239,ErPt,oP8,Pnma,-1.2302,,,30033,-1.31429651
240,ErPt2,cF24,Fd-3m,-1.1173,mp-480,-1.11267266,30034,-1.1099039
241,ErPt3,cP4,Pm-3m,-0.9701,mp-1913,-1.0588538,30031,-1.05419548
242,ErIr,cP2,Pm-3m,-0.8592,mp-2713,-0.90571141,30000,-0.88723354
243,GdNi,oS8,Cmcm,-0.3099,mp-542632,-0.39817732,31223,-0.4264578
244,GdNi5,hP6,P6/mmm,-0.285,mp-21305,-0.31645859,18493,-0.32547128
245,GdRu2,hP12,P63/mmc,-0.2249,,,19322,-0.27254295
246,GdRh,cP2,Pm-3m,-0.7504,mp-1742,-0.79845049,89749,-0.80485092
247,GdRh2,cF24,Fd-3m,-0.6778,mp-20084,-0.72410801,18849,-0.73098246
248,GdPd,oS8,Cmcm,-0.8561,mp-11427,-0.87615604,30400,-0.90098728
249,Gd3Pd4,,,-0.9172,,,,
250,GdPd3,cP4,Pm-3m,-0.826,mp-21427,-0.85188089,18693,-0.86843066
251,GdIr2,cF24,Fd-3m,-0.71,,,30381,-0.79258353
252,GdPt,oP8,Pnma,-1.1328,mp-11428,-1.22332553,30403,-1.25292099
253,GdPt2,cF24,Fd-3m,-1.0364,mp-1422,-1.09387375,19392,-1.09629062
254,Hf2Ni7,mS36,C12/m1,-0.4571,,,,
255,HfNi,oS8,Cmcm,-0.6146,mp-1018056,-0.51942899,30515,-0.51903074
256,HfNi,,,-0.5006,,,,
257,HfNi3,hP40,P63/mmc,-0.4954,mp-12174,-0.53959734,,
258,HfPt,oS8,Cmcm,-1.1784,mp-1007691,-1.1551287,30519,-1.15022438
259,HfPd3,hP16,P63/mmc,-0.9183,mp-11453,-0.88831847,17381,-0.88228811
260,HfPd3,,,-0.9172,,,,
261,HfPd,,,-0.7203,,,,
262,HfPd,cP2,Pm-3m,-0.6986,mp-1002106,-0.62011466,307534,-0.62936267
263,HfRh,cP2,Pm-3m,-0.9929,mp-11457,-0.84404262,17386,-0.86225973
264,HfIr,,Pmma,-1.0022,mp-1018055,-0.9168302,,
265,HoNi,oP8,Pnma,-0.4322,mp-11871,-0.47223961,18379,-0.47578984
266,HoNi5,hP6,P6/mmm,-0.3099,mp-1553,-0.33706329,,
267,HoRu2,hP12,P63/mmc,-0.2778,,,,
268,HoRh,cP2,Pm-3m,-0.9038,mp-2163,-0.92349809,89924,-0.90454717
269,HoRh2,cF24,Fd-3m,-0.7296,mp-546,-0.762437,17475,-0.75878765
270,Ho3Rh2,tI140,I4/mcm,-0.7607,,,,
271,HoPd,oP8,Pnma,-0.9483,,,30553,-0.93871055
272,Ho3Pd4,,,-0.9763,,,,
273,HoPd3,cP4,Pm-3m,-0.9058,mp-1979,-0.91014537,17468,-0.90423583
274,HoIr2,cF24,Fd-3m,-0.7711,mp-928,-0.81827398,17458,-0.82305063
275,HoPt,oP8,Pnma,-1.2624,,,30556,-1.30171123
276,HoPt2,cF24,Fd-3m,-1.1048,mp-2579,-1.11254222,17471,-1.10920807
277,HoPt3,cP4,Pm-3m,-0.9877,mp-195,-1.04221636,17472,-1.03721597
278,HoIr,cP2,Pm-3m,-0.8364,mp-11476,-0.87271706,17457,-0.85305838
279,LaIr2,cF24,Fd-3m,-0.6519,mp-1463,-0.72561905,17488,-0.72714162
280,LaIr3,hR36,R-3m,-0.5151,,,30613,-0.5348565
281,PrIr2,cF24,Fd-3m,-0.7328,mp-946,-0.66232216,17509,-0.66759489
282,TbIr2,cF24,Fd-3m,-0.7317,mp-2725,-0.80297357,17519,-0.58630438
283,LuIr,cP2,Pm-3m,-0.8861,mp-1529,-0.9940064,17492,-0.97229331
284,LuIr2,cF24,Fd-3m,-0.7359,mp-1761,-0.8276612,17493,-0.83185282
285,YIr,cP2,Pm-3m,-0.683,mp-30746,-0.80468492,17536,-0.78488145
286,YIr2,cF24,Fd-3m,-0.6156,mp-2762,-0.79612315,17537,-0.80149427
287,ZrIr,cP2,Pm-3m,-0.8882,mp-11484,-0.7304602,17541,-0.76682189
288,TiIr,cP2,Pm-3m,-0.8737,mp-12594,-0.74761197,116945,-0.78383948
289,La3Ni,oP16,Pnma,-0.1358,,,668142,-0.19038848
290,LaNi,oS8,Cmcm,-0.257,,,30648,-0.33702567
291,LaNi5,hP6,P6/mmm,-0.2726,mp-2317,-0.28580203,17564,-0.28991384
292,LaRu2,cF24,Fd-3m,-0.1068,mp-2019,-0.13222134,17577,-0.11503042
293,LaRh,oS8,Cmcm,-0.5835,mp-1002107,-0.75047637,31221,-0.7408583
294,LaRh2,cF24,Fd-3m,-0.5959,mp-1702,-0.70925247,17575,-0.70088488
295,LaPd,oS8,Cmcm,-0.7898,mp-1002115,-0.83987198,30656,-0.83094462
296,LaPd3,cP4,Pm-3m,-0.7991,mp-674,-0.8155392,17569,-0.81537576
297,LaOs2,hP12,P63/mmc,-0.0933,,,,
298,LaPt2,cF24,Fd-3m,-0.9328,mp-912,-1.08864628,17572,-1.08129716
299,LaPt,oS8,Cmcm,-0.9545,mp-1002104,-1.19302803,30659,-1.1873856
300,LaPt,oS8,Cmcm,-1.0333,mp-1002104,-1.19302803,30659,-1.1873856
301,LuNi,oP8,Pnma,-0.4902,,,30692,-0.52931072
302,LuNi5,hP6,P6/mmm,-0.3109,mp-11491,-0.34297382,17615,-0.34533348
303,LuRh2,cF24,Fd-3m,-0.7058,mp-1728,-0.77552117,17626,-0.77269213
304,Lu3Rh2,,,-0.6084,,,,
305,LuPd,cP2,Pm-3m,-0.9442,mp-2205,-0.9775014,17621,-0.97183242
306,LuPd,cP2,Pm-3m,-0.9846,mp-2205,-0.9775014,17621,-0.97183242
307,LuPd3,cP4,Pm-3m,-0.9193,mp-1158,-0.93985103,17622,-0.9350624
308,LuPt,oP8,Pnma,-0.939,,,30701,-1.3408569
309,LuPt,oP8,Pnma,-1.2271,,,30701,-1.3408569
310,LuPt3,cP4,Pm-3m,-0.9245,mp-790,-1.09541409,17624,-1.09078775
311,LuPt3,,,-1.0717,,,,
312,Lu3Pd4,,,-1.0198,,,,
313,NbPt3,mP16,P121/m1,-0.483,mp-12700,-0.65285668,647400,-0.65412165
314,NdNi,oS8,Cmcm,-0.2591,mp-999339,-0.31759139,30796,-0.32541812
315,NdNi5,hP6,P6/mmm,-0.2715,mp-1824,-0.27940392,,
316,NdRu2,cF24,Fd-3m,-0.1948,mp-1781,-0.1392589,17774,-0.1218511
317,Nd5Ru2,mS28,C12/c1,-0.1783,,,,
318,NdRh,oS8,Cmcm,-0.6654,mp-999335,-0.68586954,30810,-0.67523078
319,NdRh2,cF24,Fd-3m,-0.6208,mp-2290,-0.66563857,17771,-0.6576357
320,NdRh3,hP24,P63/mmc,-0.4602,mp-864699,-0.50838989,30811,-0.50505822
321,Nd5Rh4,oP36,Pnma,-0.6208,,,,
322,NdPd,oS8,Cmcm,-0.8001,mp-999336,-0.81837344,30805,-0.81555618
323,NdPd3,cP4,Pm-3m,-0.7597,mp-2333,-0.78640393,17765,-0.78414478
324,NdIr2,cF24,Fd-3m,-0.7006,mp-890,-0.69447488,17503,-0.69973281
325,Nd5Ir3,tP32,P4/ncc,-0.6187,mp-30522,-0.616531,,
326,NdPt,oP8,Pnma,-1.082,,,30808,-1.14886368
327,NdPt2,cF24,Fd-3m,-1.0147,mp-2720,-1.04798648,17768,-1.0439796
328,NdPt5,hP6,P6/mmm,-0.57,mp-2359,-0.70115448,17770,-0.70350947
329,NiPt,cF4,Fm-3m,-0.0406,,,,
330,TiNi,cP2,Pm-3m,-0.3749,mp-571,-0.34371282,116608,-0.3780194
331,PrNi,oS8,Cmcm,-0.2912,mp-11799,-0.29216889,30838,-0.29994979
332,PrNi5,hP6,P6/mmm,-0.2653,mp-2370,-0.26405656,17787,-0.26530056
333,SmNi,oS8,Cmcm,-0.3773,mp-999145,-0.36764828,30859,-0.37422219
334,SmNi5,hP6,P6/mmm,-0.284,mp-1075,-0.30177932,17806,-0.30369402
335,TbNi,mP24,P121/m1,-0.3814,mp-31139,-0.44018856,17831,-0.11587876
336,TbNi5,hP6,P6/mmm,-0.284,mp-30808,-0.32187828,17834,-0.22247785
337,TmNi,oP8,Pnma,-0.4809,mp-11525,-0.50330897,17842,-0.50868034
338,TmNi5,hP6,P6/mmm,-0.3016,mp-11526,-0.3424406,17844,-0.34492088
339,TiNi3,hP16,P63/mmc,-0.4374,mp-1409,-0.48423085,5776,-0.49490854
340,TiNi,cP2,Pm-3m,-0.3431,mp-571,-0.34371282,116608,-0.3780194
341,Ni7Zr2,mS36,C12/m1,-0.4208,mp-2717,-0.42918024,2288,-0.43017345
342,ZrNi,oS8,Cmcm,-0.5234,mp-556,-0.45603911,17864,-0.45579793
343,Zr2Ni,tI12,I4/mcm,-0.3234,mp-328,-0.32276983,103369,-0.32468612
344,VNi3,tI8,I4/mmm,-0.2249,mp-171,-0.24632097,17850,-0.23769544
345,TaNi3,mP16,P121/m1,-0.2114,mp-569776,-0.36122189,647410,-0.36419278
346,YOs2,hP12,P63/mmc,-0.257,mp-570670,-0.30890026,19318,-0.30353374
347,OsTi,cP2,Pm-3m,-0.71,mp-291,-0.71361444,90586,-0.73613297
348,PrPd,oS8,Cmcm,-0.8167,mp-999291,-0.79545696,31204,-0.79253344
349,Pd2Pr,,,-0.8571,,,,
350,SmPd,oS8,Cmcm,-0.854,mp-31380,-0.8606244,18690,-0.85599954
351,Pd4Sm3,hR42,R-3,-0.9038,,,,
352,Pd3Sm,,,-0.8592,,,,
353,TbPd,oS8,Cmcm,-0.883,mp-999124,-0.92341571,30947,-0.58771042
354,Pd4Tb3,,,-0.8861,,,,
355,Pd3Tb,,,-0.8167,,,,
356,TmPd,cP2,Pm-3m,-0.9597,mp-348,-0.95361712,17980,-0.9479927
357,TmPd3,cP4,Pm-3m,-0.8996,mp-982,-0.9290976,17981,-0.92451966
358,YPd,oS8,Cmcm,-0.9836,,,21469,-0.91325416
359,Pd4Y3,hR42,R-3,-0.9618,,,,
360,YPd3,cP4,Pm-3m,-0.8188,mp-559,-0.86590274,17986,-0.85931583
361,TiPd3,hP16,P63/mmc,-0.6737,,,21293,-0.64955897
362,TaPd3,tI18,I4/mmm,-0.3741,mp-30836,-0.49012818,17964,-0.48488672
363,UPd3,hP16,P63/mmc,-0.7638,mp-30841,-0.53641653,17982,-0.5302551
364,UPd3,hP16,P63/mmc,-0.741,mp-30841,-0.53641653,17982,-0.5302551
365,TiPd,cP2,Pm-3m,-0.5348,mp-11546,-0.47762927,17970,-0.48671641
366,TiPd,oP4,Pmma,-0.5524,mp-980094,-0.54879321,,
367,Pd3Zr,,,-0.8747,,,,
368,ZrPd,mS16,Cmcm,-0.6353,mp-13495,-0.65376425,9971,-0.64896546
369,ZrPd,mS16,Cmcm,-0.6851,mp-13495,-0.65376425,9971,-0.64896546
370,PrRu2,cF24,Fd-3m,-0.1752,mp-2665,-0.1002159,18889,-0.08165385
371,PrRh2,cF24,Fd-3m,-0.626,mp-2529,-0.64200098,18888,-0.63329281
372,PrPt,oP8,Pnma,-1.0717,,,30953,-1.11835627
373,PrPt2,cF24,Fd-3m,-0.9691,mp-1061,-1.02865162,18883,-1.02437444
374,SmPt,oP8,Pnma,-1.1266,,,30979,-1.19778358
375,SmPt2,cF24,Fd-3m,-1.0385,mp-1127,-1.0750635,17999,-1.07204855
376,TbPt,oP8,Pnma,-1.1991,,,670146,-0.94239172
377,TbPt2,cF24,Fd-3m,-1.0022,mp-1697,-1.10877126,18011,-0.88454865
378,Pt3Tb,,,-0.8872,,,,
379,PtTm,oP8,Pnma,-1.2541,,,,
380,TmPt2,cF24,Fd-3m,-1.1649,mp-571271,-1.11064205,18020,-1.10883487
381,Pt3Tm,,,-0.9442,,,,
382,YPt,oP8,Pnma,-1.0779,,,30992,-1.26036657
383,YPt3,cP4,Pm-3m,-0.9007,mp-2403,-0.98465417,18031,-0.98113343
384,VPt3,tI8,I4/mmm,-0.284,mp-2705,-0.45914973,18028,-0.44208346
385,VPt2,oI6,Immm,-0.3856,mp-12108,-0.55702017,30989,-0.53721562
386,TiPt,cP2,Pm-3m,-0.826,mp-11552,-0.79131172,18015,-0.79979012
387,TiPt,oP4,Pmma,-0.94,mp-998949,-0.9285324,,
388,ZrPt,oS8,Cmcm,-0.995,,,30995,-1.08603694
389,ZrPt,oS8,Cmcm,-1.0789,,,30995,-1.08603694
390,SmRh2,cF24,Fd-3m,-0.6789,mp-840,-0.70122295,18058,-0.69424156
391,Rh3Sm4,,,-0.6892,,,,
392,TbRh,cP2,Pm-3m,-0.7493,mp-11561,-0.86392462,18067,-0.51145901
393,TbRh2,cF24,Fd-3m,-0.6675,mp-1310,-0.74930235,18068,-0.52306842
394,TmRh,cP2,Pm-3m,-0.9214,mp-11564,-0.98561536,18076,-0.96668025
395,TmRh2,cF24,Fd-3m,-0.7566,mp-30865,-0.77274405,18077,-0.77044224
396,YRh,cP2,Pm-3m,-0.7887,mp-191,-0.85827792,18083,-0.84222032
397,YRh2,cF24,Fd-3m,-0.6778,mp-921,-0.74091214,18084,-0.73874162
398,ZrRh,cP2,Pm-3m,-0.7866,mp-2808,-0.73091778,90794,-0.75268252
399,RhZr,,,-0.8188,,,,
400,URh3,cP4,Pm-3m,-0.7224,mp-1150,-0.66664515,18078,-0.67258111
401,TiRh,cP2,Pm-3m,-0.741,mp-11563,-0.71770692,18073,-0.74982654
402,TiRh,mP4,P12/m1,-0.7711,,,755406,-0.76142264
403,Ru2Tb,hP12,P63/mmc,-0.2446,,,,
404,Ru2Tb5,,,-0.3099,,,,
405,Ru2.Y5,mS28,C12/c1,-0.2829,,,,
406,ZrRu,cP2,Pm-3m,-0.712,mp-214,-0.66012382,116234,-0.64287548
407,TiRu,cP2,Pm-3m,-0.798,mp-592,-0.7733,94574,-0.78846466
408,URu3,cP4,Pm-3m,-0.3213,mp-1263,-0.32529303,18098,-0.32385064
409,HfRu,cP2,Pm-3m,-0.9514,mp-2802,-0.8331391,17389,-0.81247741
410,Fe2Sc,hP12,P63/mmc,-0.1161,,,,
411,ScCo2,cF24,Fd-3m,-0.3368,mp-253,-0.35023303,19393,-0.36189395
412,Sc2Co,tI12,I4/mcm,-0.2767,mp-30562,-0.26004219,17119,-0.26502967
413,ScNi,cP2,Pm-3m,-0.4633,mp-11521,-0.50720254,17795,-0.51584033
414,ScNi2,cF24,Fd-3m,-0.4457,mp-850,-0.52315748,17796,-0.52449873
415,ScRu,cP2,Pm-3m,-0.4612,mp-30867,-0.54169358,18090,-0.53324862
416,ScRh,cP2,Pm-3m,-0.9794,mp-1780,-1.0415801,18054,-1.02687326
417,ScIr,cP2,Pm-3m,-0.9297,mp-1129,-1.05110554,17512,-1.03014618
418,ScRh3,cP4,Pm-3m,-0.5358,mp-635,-0.61301078,18055,-0.61530617
419,ScPd,cP2,Pm-3m,-0.9255,mp-2781,-0.90841484,17944,-0.90740356
420,ScIr2,cF24,Fd-3m,-0.6871,mp-2263,-0.74323264,17513,-0.7488888
421,ScPt,cP2,Pm-3m,-1.0862,mp-892,-1.22008164,17995,-1.22878817
422,ScPt3,cP4,Pm-3m,-0.9805,mp-481,-1.05328318,17997,-1.04670448
423,Tm4Pd5,,,-0.9639,,,,
424,AlB12,tP216,P41212,-0.1182,,,,
425,AlMn4,cP20,P4132,-0.1565,,,,
426,AlMo3,cP8,Pm-3n,-0.2311,mp-259,-0.22816317,10507,-0.23531136
427,Nb3Al,cP8,Pm-3n,-0.142,mp-796,-0.15861377,18709,-0.18075574
428,AlPt3,,,-0.6592,,,,
429,AlPd2,oP12,Pnma,-0.9048,mp-2824,-0.83438478,10552,-0.82853899
430,AlRe2,tI6,I4/mmm,-0.3068,mp-10909,-0.26518005,10574,-0.25623593
431,Ta2Al,tP30,P42/mnm,-0.2062,mp-639874,-0.06988478,658981,-0.25063347
432,Al2Mn3,hP2,P63/mmc,-0.2425,,,,
433,Y3Al2,tP20,P42/mnm,-0.4146,mp-16723,-0.35436314,,
434,AlFe,cP2,Pm-3m,-0.2436,mp-2658,-0.33204742,54708,-0.33175568
435,HfAl,oS8,Cmcm,-0.4135,mp-249,-0.40458448,18706,-0.40186183
436,AlNi,cP2,Pm-3m,-0.6042,mp-1487,-0.65864811,94913,-0.66944636
437,AlPt,cP8,P213,-1.0385,mp-10904,-1.04806983,10562,-1.0482982
438,AlPt,cP8,P213,-1.0116,mp-10904,-1.04806983,10562,-1.0482982
439,AlRh,cP2,Pm-3m,-1.1017,mp-364,-1.09471293,10576,-1.09711632
440,AlRu,cP2,Pm-3m,-0.6436,mp-542569,-0.6935834,18193,-0.66275832
441,ScAl,cP2,Pm-3m,-0.426,mp-331,-0.45145086,10539,-0.44950931
442,Al4C3,hR21,R-3m,-0.1897,mp-1591,-0.09141716,,
443,Al3Pt2,hP5,P-3m1,-1.0001,mp-10905,-0.99776218,10565,-1.0001106
444,Al8Cr5,tI6,I4/mmm,-0.1752,,,,
445,Al8V5,cI52,I-43m,-0.3524,,,,
446,ScAl1.78,cF24,Fd-3m,-0.4944,,,,
447,HfAl2,hP12,P63/mmc,-0.454,mp-12657,-0.44346682,19094,-0.44402344
448,LaAl2,cF24,Fd-3m,-0.5172,mp-2694,-0.49784908,10483,-0.49709903
449,LuAl2,cF24,Fd-3m,-0.5452,mp-1234,-0.48386232,10492,-0.48440793
450,Al2Os,tI6,I4/mmm,-0.4654,mp-7188,-0.56370358,10545,-0.5618871
451,YAl2,cF24,Fd-3m,-0.5224,mp-2322,-0.5314414,10612,-0.53390158
452,ZrAl2,hP12,P63/mmc,-0.54,mp-2772,-0.53810863,9987,-0.54013952
453,Al8Mo3,mS22,C12/m1,-0.342,,,,
454,Al11Re4,aP15,P-1,-0.3576,,,,
455,ZrAl3,tI16,I4/mmm,-0.5016,mp-395,-0.48454051,18198,-0.48795685
456,HfAl3,tI16,I4/mmm,-0.4208,mp-568718,-0.39534417,19074,-0.39629425
457,NbAl3,tI8,I4/mmm,-0.4198,mp-1842,-0.42336587,18710,-0.43058276
458,TaAl3,tI8,I4/mmm,-0.3099,mp-869,-0.31732438,644858,-0.31961342
459,TiAl3,tI8,I4/mmm,-0.3793,mp-542915,-0.39576492,18722,-0.41231514
460,Al3V,tI8,I4/mmm,-0.2881,mp-2554,-0.2886842,10604,-0.28231944
461,Al11La3,oI28,Immm,-0.3887,,,,
462,Al4W,mS30,C1m1,-0.1461,mp-30336,-0.15354977,10605,-0.15547335
463,Co2B,tI12,I4/mcm,-0.2011,mp-493,-0.24053737,5855,-0.20127126
464,Fe2B,tI12,I4/mcm,-0.2342,mp-1915,-0.31252032,7798,-0.31235674
465,Mn2B,tI12,I4/mcm,-0.3285,mp-20318,-0.39763521,67949,-0.39815569
466,Ni2B,tI12,I4/mcm,-0.2342,mp-2536,-0.28994333,7800,-0.29406372
467,BPt2,hP6,P63/mmc,-0.2073,,,,
468,CoB,oP8,Pnma,-0.3607,mp-20857,-0.40155458,5858,-0.41008351
469,FeB,oP8,Pnma,-0.3348,mp-20787,-0.37298173,5857,-0.37596999
470,MnB,oP8,Pnma,-0.371,mp-8365,-0.49912716,13802,-0.49958023
471,BMo,,,-0.2975,,,,
472,NiB,oS8,Cmcm,-0.2083,mp-14019,-0.2414927,5171,-0.24335188
473,NiB,oS8,Cmcm,-0.2145,mp-14019,-0.2414927,5171,-0.24335188
474,RhB1.1,hP4,P63/mmc,-0.3679,mp-567164,-0.38261772,,
475,RuB1.1,hP4,P63/mmc,-0.2301,,,,
476,B4Ir3,mS28,C12/c1,-0.2166,,,,
477,CrB2,hP3,P6/mmm,-0.4125,mp-374,-0.34044859,5847,-0.3372479
478,DyB2,hP3,P6/mmm,-0.313,mp-2057,-0.56534511,8332,-0.5618701
479,ErB2,hP3,P6/mmm,-0.2829,mp-1774,-0.62338387,647372,-0.62242526
480,HoB2,hP3,P6/mmm,-0.2892,mp-2267,-0.5948309,8366,-0.59305299
481,LuB2,hP3,P6/mmm,-0.3089,mp-11219,-0.69191694,115218,-0.68902248
482,MnB2,hP3,P6/mmm,-0.2187,mp-585,-0.28357077,8179,-0.2887995
483,NbB2,hP3,P6/mmm,-0.625,mp-450,-0.69347592,5806,-0.69505215
484,ReB2,hP6,P63/mmc,-0.2228,mp-1773,-0.42981648,4449,-0.42013953
485,ScB2,hP3,P6/mmm,-1.0603,mp-2252,-0.84106919,8428,-0.83846984
486,TaB2,hP3,P6/mmm,-0.5524,mp-1108,-0.652593,5807,-0.64900102
487,TbB2,hP3,P6/mmm,-0.3545,mp-965,-0.53102592,8471,-0.30809373
488,TiB2,hP3,P6/mmm,-1.1349,mp-1145,-1.05740636,5808,-1.06683324
489,TmB2,hP3,P6/mmm,-0.3171,mp-800,-0.65282273,8473,-0.65122261
490,VB2,hP3,P6/mmm,-0.7328,mp-1491,-0.74284597,109274,-0.73208942
491,YB2,hP3,P6/mmm,-0.37,mp-1542,-0.56479997,8475,-0.56358483
492,B5Gd2,mP28,P121/c1,-0.4467,,,,
493,B5Nd2,,,-0.4032,,,,
494,B5Os2,hP6,P63/mmc,-0.1182,,,,
495,B5Pd2,mS28,C12/c1,-0.2653,,,,
496,B5W2,hP12,P63/mmc,-0.1814,,,,
497,CeB4,tP20,P4/mbm,-0.5545,mp-1974,-0.62698238,4683,-0.51932182
498,LaB4,tP20,P4/mbm,-0.5255,mp-7283,-0.57170034,2155,-0.56834399
499,NdB4,tP20,P4/mbm,-0.5524,mp-1632,-0.5648665,19849,-0.56388366
500,PrB4,tP20,P4/mbm,-0.5503,mp-12569,-0.54672396,18748,-0.54576316
501,YB4,tP20,P4/mbm,-0.5421,mp-637,-0.59063889,5124,-0.58949615
502,LaB6,cP7,Pm-3m,-0.5928,mp-2680,-0.56401877,,
503,PrB6,cP7,Pm-3m,-0.5317,mp-12762,-0.48410568,,
504,C2Mn5,mS28,C12/c1,-0.0922,,,,
505,C2Mn5,mS28,C12/c1,-0.1036,,,,
506,C3Cr7,hP80,P63mc,-0.1461,,,,
507,C3Mn7,hP80,P63mc,-0.0943,,,,
508,Mo2C,oP16,Pbcn,-0.1202,mp-1552,-0.10295956,8050,-0.11555772
509,CSc2,cF48,Fd-3m,-0.4716,,,,
510,Y2C,hR9,R-3m,-0.3296,mp-1334,-0.29194155,4155,-0.29775347
511,C3V4,hP8,P63mc,-0.4177,,,,
512,TiC,cF8,Fm-3m,-0.9628,mp-631,-0.80734115,1949,-0.80412494
513,CeC2,tI6,I4/mmm,-0.2633,mp-2839,-0.1554227,13373,-0.08301998
514,DyC2,tI6,I4/mmm,-0.2964,mp-541840,-0.19310779,7901,-0.19727318
515,ErC2,tI6,I4/mmm,-0.2985,mp-1579,-0.19368365,4391,-0.20063332
516,GdC2,tI6,I4/mmm,-0.257,mp-12765,-0.16630952,19369,-0.18553698
517,HoC2,,,-0.2964,,,,
518,LaC2,tI6,I4/mmm,-0.2819,mp-2367,-0.16197667,5051,-0.16385663
519,LuC2,tI6,I4/mmm,-0.2767,mp-8371,-0.18638216,13888,-0.19246326
520,NdC2,tI6,I4/mmm,-0.3026,mp-2297,-0.11838131,53650,-0.12456444
521,PrC2,tI6,I4/mmm,-0.3047,mp-1995,-0.10019788,3666,-0.10602352
522,SmC2,tI6,I4/mmm,-0.2664,mp-12764,-0.14752258,19368,-0.15356634
523,TbC2,tI6,I4/mmm,-0.255,mp-2119,-0.18882349,13374,0.02651546
524,C2Tm,,,-0.3265,,,,
525,CeSi2,tI12,I4/mcm,-0.627,,,,
526,CeSi,oP8,Pnma,-0.7369,mp-21115,-0.65310562,18278,-0.71849747
527,Ce5Si3,tI32,I4/mcm,-0.5472,mp-570175,-0.54661531,29191,-0.55564635
528,Ga3Co,tP16,P42/mnm,-0.3047,mp-20559,-0.26603952,29254,-0.26709825
529,CoSi2,cF12,Fm-3m,-0.3617,mp-2379,-0.46811329,5256,-0.47477289
530,CoSi,cP8,P213,-0.511,mp-7577,-0.61459397,3604,-0.62430027
531,Co2Si,oP12,Pnma,-0.3928,mp-19905,-0.45288601,646168,-0.46466624
532,CrSi2,hP9,P6222,-0.2674,mp-1222,-0.36275147,,
533,CrSi,cP8,P213,-0.3545,mp-7576,-0.29522304,3602,-0.2884598
534,Cr5Si3,tI32,I4/mcm,-0.3482,mp-7506,-0.31502719,3178,-0.31060762
535,Cr3Ga,cP8,Pm-3n,-0.1223,mp-1231,-0.04884287,29544,-0.05522517
536,Cr3Si,cP8,Pm-3n,-0.2819,mp-729,-0.34850978,3600,-0.36159126
537,Cu3Si,,,-0.0632,,,,
538,DySi2,oI12,Imma,-0.5659,,,,
539,DySi,oP8,Pnma,-0.7141,mp-1182,-0.83304592,21014,-0.8317414
540,Dy5Si3,hP16,P63/mcm,-0.6633,mp-2836,-0.68672013,651409,-0.68469964
541,ErSi2,hP3,P6/mmm,-0.6488,mp-2145,-0.49372392,665784,-0.49122696
542,ErSi,oS8,Cmcm,-0.8799,mp-378,-0.82215116,2939,-0.8255611
543,Er5Si3,hP16,P63/mcm,-0.7328,mp-31167,-0.69769718,10339,-0.7014002
544,Ga3Fe,tP16,P42/mnm,-0.257,mp-636368,-0.23007081,30160,-0.23789909
545,FeSi,cP8,P213,-0.4001,mp-871,-0.51035913,6697,-0.51414325
546,GaMo3,cP8,Pm-3n,-0.172,mp-2377,-0.15113122,30299,-0.15670685
547,GaPd2,oP12,Pnma,-0.6675,mp-1869,-0.64677807,18584,-0.64203331
548,Ti2Ga,hP6,P63/mmc,-0.4042,mp-30671,-0.39903784,22484,-0.4449591
549,Zr2Ga,tI12,I4/mcm,-0.5535,mp-569833,-0.46617369,17131,-0.4660022
550,Nb5Ga3,tI32,I4/mcm,-0.2747,mp-570293,-0.3216266,30301,-0.3365402
551,Sc5Ga3,hP16,P63/mcm,-0.6156,mp-17332,-0.52132614,,
552,GaNi,cP2,Pm-3m,-0.4654,mp-1941,-0.36500987,89558,-0.37624769
553,GaPd,cP8,P213,-0.7421,,,23801,-0.65903422
554,GaRh,cP2,Pm-3m,-0.7587,mp-2444,-0.69359272,89616,-0.68984355
555,GaRu,cP2,Pm-3m,-0.3669,mp-22320,-0.32212428,17297,-0.29821966
556,YGa,oS8,Cmcm,-0.74,mp-11420,-0.66433596,30366,-0.66682175
557,Ga2Ru,oF24,Fddd,-0.4249,,,,
558,YGa2,hP3,P6/mmm,-0.7058,mp-1914,-0.6629153,30368,-0.66099664
559,Ga5V2,tP14,P4/mbm,-0.172,,,,
560,Ga3Rh,tP16,P42/mnm,-0.4654,,,,
561,TmGa3,cP4,Pm-3m,-0.5027,mp-1603,-0.49921012,19193,-0.50422251
562,GdSi2,oI12,Imma,-0.6115,,,,
563,GdSi,oP8,Pnma,-0.7835,mp-601371,-0.78330897,12494,-0.82500956
564,Gd5Si3,hP16,P63/mcm,-0.7048,,,30419,-0.65729056
565,HfSi,oP8,Pnma,-0.7348,mp-1042,-0.82072508,647082,-0.8201266
566,Hf3Si2,tP10,P4/mbm,-0.8291,mp-2105,-0.8034006,647083,-0.80117558
567,HoSi2,oI12,Imma,-0.6022,,,,
568,HoSi,oS8,Cmcm,-0.8385,mp-12899,-0.82723595,19859,-0.82907496
569,Ho5Si3,hP16,P63/mcm,-0.7732,mp-13236,-0.69273225,30562,-0.69430109
570,SiIr,oP8,Pnma,-0.6612,mp-1128,-0.68431045,3182,-0.69033796
571,SiIr,oP8,Pnma,-0.6675,mp-1128,-0.68431045,3182,-0.69033796
572,LaSi2,tI12,I4/mcm,-0.5887,,,14081,-0.66589192
573,LaSi,oP8,Pnma,-0.7659,mp-1860,-0.74327757,2938,-0.73829345
574,La3Si2,tP10,P4/mbm,-0.6384,mp-10162,-0.63776534,8508,-0.63053424
575,La5Si3,tI32,I4/mcm,-0.6229,mp-10961,-0.60975188,16378,-0.60340254
576,LuSi,oS8,Cmcm,-0.8115,mp-1001612,-0.79471601,31331,-0.79627164
577,Lu5Si3,hP16,P63/mcm,-0.7027,mp-11908,-0.70254819,31330,-0.70342489
578,MnSi,cP8,P213,-0.4084,mp-1431,-0.46536604,3603,-0.46425079
579,Mn5Si3,hP16,P63/mcm,-0.3524,mp-1111,-0.34849914,,
580,Si2Mo,tI6,I4/mmm,-0.4964,mp-2592,-0.490212,17715,-0.49665163
581,Si3Mo5,tI32,I4/mcm,-0.3959,mp-1332,-0.38982914,6653,-0.39820548
582,NbSi2,hP9,P6222,-0.5566,mp-2478,-0.54430792,,
583,Nb5Si3,tI32,I4/mcm,-0.6695,mp-13686,-0.66596324,3572,-0.67982951
584,NdSi2,oI12,Imma,-0.6426,,,,
585,NdSi,oP8,Pnma,-0.8157,mp-9967,-0.76401844,7934,-0.76616419
586,Nd5Si3,tI32,I4/mcm,-0.6457,mp-567735,-0.58656729,27253,-0.58972551
587,SiNi,oP8,Pnma,-0.4394,mp-351,-0.50192808,5883,-0.5038064
588,SiNi2,oP12,Pnma,-0.5244,mp-1118,-0.55259568,4675,-0.55906508
589,Ni5Si2,hP43,P321,-0.4674,,,,
590,Si3Os2,oP40,Pbcn,-0.3161,mp-16608,-0.45552864,83466,-0.45174752
591,SiOs,cP8,P213,-0.4146,mp-2488,-0.36805215,3181,-0.36359973
592,SiPd2,hP9,P-62m,-0.6685,mp-697068,-0.69371833,669944,-0.6909829
593,SiPd2,hP9,P-62m,-0.6654,mp-697068,-0.69371833,669944,-0.6909829
594,SiPd3,oP16,Pnma,-0.6001,mp-20622,-0.61338369,8197,-0.60600528
595,PrSi2,oI12,Imma,-0.6374,,,,
596,PrSi,oP8,Pnma,-0.8094,mp-9968,-0.74327973,7935,-0.74525461
597,Pr5Si3,tI32,I4/mcm,-0.7006,,,,
598,SiPt,oP8,Pnma,-0.6156,mp-696,-0.67142261,2257,-0.67066312
599,SiPt,oP8,Pnma,-0.6177,mp-696,-0.67142261,2257,-0.67066312
600,SiPt2,tI6,I4/mmm,-0.6395,mp-1299,-0.72375884,14060,-0.72264214
601,SiPt2,,,-0.6561,,,,
602,Re2Si,mP24,P121/c1,-0.1316,mp-669547,0.10865856,10376,-0.09513163
603,SiRh,oP8,Pnma,-0.7773,mp-818,-0.82274837,18901,-0.82411252
604,SiRh,,,-0.7856,,,,
605,SiRh2,oP12,Pnma,-0.6623,mp-20418,-0.72588414,8055,-0.73085926
606,Si3Ru2,oP40,Pbcn,-0.6291,mp-22192,-0.63734496,2149,-0.624669
607,SiRu,cP8,P213,-0.6022,mp-189,-0.65174517,14277,-0.63907988
608,SiRu,,,-0.6022,,,,
609,ScSi,oS8,Cmcm,-0.853,mp-9969,-0.83644904,7936,-0.83784269
610,Sc5Si3,hP16,P63/mcm,-0.9317,mp-7822,-0.76833573,4475,-0.76933428
611,V3Si,cP8,Pm-3n,-0.4809,mp-2567,-0.4647244,4182,-0.46975583
612,Sm5Si3,hP16,P63/mcm,-0.6954,,,31250,-0.61183675
613,Ta5Si3,tI32,I4/mcm,-0.3949,mp-1989,-0.61606373,3573,-0.61647648
614,Tb5Si3,hP16,P63/mcm,-0.6322,mp-206,-0.67495204,17347,-0.26112869
615,Ti5Si3,hP16,P63/mcm,-0.7649,mp-2108,-0.76599174,,
616,Tm5Si3,hP16,P63/mcm,-0.7887,,,31067,-0.70337537
617,V5Si3,tI32,I4/mcm,-0.6115,mp-568671,-0.58859846,31069,-0.57183864
618,Y5Si3,hP16,P63/mcm,-0.7431,mp-2538,-0.71907995,8194,-0.72101896
619,Y5Si3,hP16,P63/mcm,-0.8333,mp-2538,-0.71907995,8194,-0.72101896
620,Zr5Si3,hP16,P63/mcm,-0.7431,mp-568115,-0.81774496,31218,-0.81917994
621,Si4Ti5,oP36,Pnma,-0.8136,,,,
622,Si4Zr5,tP36,P41212,-0.9525,mp-1304,-0.90321937,3883,-0.90447382
623,SmSi,oP8,Pnma,-0.826,,,31066,-0.79741521
624,TbSi,oP8,Pnma,-0.8385,mp-1924,-0.8316249,4359,-0.50097379
625,TiSi,oP8,Pnma,-0.7524,mp-7092,-0.76805125,8102,-0.79083582
626,TmSi,oS8,Cmcm,-0.8924,,,31068,-0.81673222
627,YSi,oS8,Cmcm,-0.8364,mp-9972,-0.85029844,7939,-0.8523987
628,ZrSi,oP8,Pnma,-0.9794,mp-893,-0.93338872,3569,-0.9340726
629,Si2Sm,oI12,Imma,-0.6871,,,,
630,TaSi2,hP9,P6222,-0.4768,mp-517,-0.47875561,8153,-0.47784741
631,Si2Tb,oI12,Imma,-0.6374,,,,
632,TiSi2,oF24,Fddd,-0.5908,mp-2582,-0.55103089,1833,-0.57236762
633,TmSi2,hP3,P6/mmm,-0.6726,mp-772,-0.4725959,657436,-0.47019623
634,VSi2,hP9,P6222,-0.3887,mp-10711,-0.48601618,,
635,Si2W,tI6,I4/mmm,-0.2829,mp-1620,-0.34341414,5147,-0.3448632
636,YSi2,hP3,P6/mmm,-0.6405,mp-2568,-0.52999675,670808,-0.52655247
637,ZrSi2,oS12,Cmcm,-0.625,mp-1515,-0.65230484,3570,-0.6533262
638,CeIn3,cP4,Pm-3m,-0.5089,mp-20369,-0.41688439,29103,-0.48217938
639,PrIn3,cP4,Pm-3m,-0.5317,mp-20903,-0.47857438,11139,-0.48202635
640,NdIn3,cP4,Pm-3m,-0.5338,mp-21197,-0.47555777,11111,-0.47815617
641,SmIn3,cP4,Pm-3m,-0.5389,mp-19977,-0.46268878,11162,-0.46591877
642,GdIn3,cP4,Pm-3m,-0.5027,mp-20258,-0.43358645,30377,-0.44569283
643,TbIn3,cP4,Pm-3m,-0.5545,mp-20920,-0.4323234,11165,-0.26806531
644,DyIn3,cP4,Pm-3m,-0.4985,mp-20236,-0.4179685,31227,-0.41726646
645,Ho5In3,hP16,P63/mcm,-0.5203,,,30538,-0.37241795
646,Er5In3,hP16,P63/mcm,-0.4944,,,29991,-0.37016066
647,TmIn3,cP4,Pm-3m,-0.4923,mp-21177,-0.36591188,11173,-0.3670282
648,Lu5In3,hP16,P63/mcm,-0.5421,,,30575,-0.35227743
649,Cu51Zr14,hP68,P6/m,-0.2519,,,,
650,Cu3Pd,cP4,Pm-3m,-0.0788,mp-580357,-0.10879453,17159,-0.10493702
651,Cu51Hf14,hP68,P6/m,-0.2373,,,,
652,Cu3Pt,cP4,Pm-3m,-0.1119,mp-12086,-0.13770523,29766,-0.14090041
653,TiAg,tP4,P4/nmm,-0.0166,mp-1017985,-0.06492099,27645,-0.10027248
654,Ti2Ag,tI6,I4/mmm,-0.0238,mp-979115,-0.05569064,27647,-0.10437079
655,YAg2,tI6,I4/mmm,-0.2757,mp-999544,-0.32922003,27649,-0.33455439
656,ScAu2,tI6,I4/mmm,-0.8644,mp-1018148,-0.81646376,28211,-0.81625514
657,ScAu4,tI10,I4/m,-0.5939,,,28212,-0.54758362
658,AuMn,oP2,Pmmm,-0.2622,,,,
659,YAu2,tI6,I4/mmm,-0.8768,mp-1018113,-0.85966874,28232,-0.85953584
660,YAu3,oP8,Pmmn,-0.7162,,,28231,-0.713549
661,PdAu3,cP4,Fm-3m,-0.0819,,,313826,-0.04314195
662,ScMn2,hP12,P63/mmc,-0.2705,mp-2039,-0.14292699,18873,-0.13666327
663,Os11Sc4,cF120,Fm-3m,-0.2342,,,,
664,TiMn2,hP12,P63/mmc,-0.0891,mp-1949,-0.271193,17696,-0.28692448
665,HfV2,cF24,Fd-3m,-0.1731,mp-1043,0.03197413,643804,0.03389914
666,VIr,oS8,Cmmm,-0.2912,mp-569250,-0.5207884,17531,-0.52346627
667,HfFe2,,,-0.1275,,,,
668,Fe7Nb6,hR39,R-3m,-0.0643,,,,
669,NbCo3,hP24,P63/mmc,-0.0767,mp-977426,-0.14701269,,
670,Co3Ta,hP24,P63/mmc,-0.0881,,,,
671,YNi,oP8,Pnma,-0.341,mp-1364,-0.4360015,17852,-0.44546416
672,ScOs2,hP12,P63/mmc,-0.2042,mp-567612,-0.39309886,19315,-0.38791876
673,VCo3,hP24,P63/mmc,-0.0674,mp-542614,-0.17098186,31151,-0.18077774
674,V3Ir,cP8,Pm-3n,-0.3047,mp-2006,-0.49090709,17532,-0.49317772
675,YFe3,hR36,R-3m,-0.0176,,,30268,-0.06392285
676,YFe2,cF24,Fd-3m,-0.0021,mp-1570,-0.06311649,18348,-0.06298
677,NbFe2,hP12,P63/mmc,-0.0549,mp-568901,-0.12231512,30227,-0.12212013
678,NbCo2,cF24,Fd-3m,-0.0684,mp-670,-0.13615909,29408,-0.15548255
679,TaCo2,cF24,Fd-3m,-0.0653,mp-1799,-0.21619792,29506,-0.22813203
680,TaFe2,hP12,P63/mmc,-0.0653,mp-568077,-0.18944423,,
681,NbNi3,oP8,Pmmn,-0.1741,mp-1451,-0.28823706,30781,-0.29802735
682,TbCu2,oI12,Imma,-0.256,mp-1527,-0.26626757,23033,-0.04598186
683,Cu2Dy,oI12,Imma,-0.2529,,,,
684,HoCu2,oI12,Imma,-0.2591,mp-30584,-0.27565436,17147,-0.27657653
685,Cu2Er,oI12,Imma,-0.2798,,,,
686,Cu2Tm,oI12,Imma,-0.2425,,,,
687,TbCu5,,,-0.1907,,,,
688,DyCu5,,,-0.1627,,,,
689,HoCu5,,,-0.1793,,,,
690,Cu5Er,,,-0.1907,,,,
691,TmCu5,,,-0.1959,,,,
692,Cu5Lu,,,-0.1948,,,,
693,TbAu,oS8,Cmcm,-0.8965,mp-999141,-0.8814057,28223,-0.5498906
694,DyAu,,,-0.8644,,,,
695,ErAu,oP2,Pm-3m,-0.9349,mp-2442,-0.87936308,10720,-0.88506276
696,TmAu,,,-0.9618,,,,
697,TbAu2,tI6,I4/mmm,-0.8416,mp-570179,-0.86087666,10811,-0.63931355
698,DyAu2,tI6,I4/mmm,-0.8063,mp-11241,-0.86878179,10716,-0.86652412
699,HoAu2,tI6,I4/mmm,-0.8768,mp-990,-0.8741942,10738,-0.87478831
700,ErAu2,tI6,I4/mmm,-0.8903,mp-2466,-0.87975395,10721,-0.88130488
701,TmAu2,tI6,I4/mmm,-0.9494,mp-560,-0.8855729,10687,-0.88724459
702,LuAu2,tI6,I4/mmm,-0.9442,mp-1018152,-0.89031574,28185,-0.89017268
703,TbAu3,oP8,Pmmn,-0.6892,,,28224,-0.55416782
704,DyAu3,,,-0.6664,,,,
705,HoAu3,oP8,Pmmn,-0.6954,mp-30386,-0.72317647,10739,-0.72445413
706,ErAu3,,,-0.6851,,,,
707,TmAu3,oP8,Pmmn,-0.7535,mp-568247,-0.72834168,28227,-0.7269042
708,Au51La14,hP68,P6/m,-0.6001,,,,
709,SmCu,cP2,Pm-3m,-0.1285,mp-12586,-0.17435732,,
710,Cu2Sm,oI12,Imma,-0.1731,,,,
711,SmCu6,oP28,Pnma,-0.142,mp-30699,-0.1468077,29800,-0.14585006
712,AgSm,oP8,Pnma,-0.3835,,,,
713,Ag2Sm,,,-0.2498,,,,
714,Ag51Sm14,hP68,P6/m,-0.1741,,,,
715,SmAu,,,-0.7908,,,,
716,Au2Sm,tP106,P4/nmm,-0.7991,,,,
717,Au51Sm14,hP68,P6/m,-0.6198,,,,
718,TbAg,cP2,Pm-3m,-0.3783,mp-2268,-0.32250589,10672,0.00103123
719,DyAg,cP2,Pm-3m,-0.3866,mp-2167,-0.32984297,10365,-0.33555494
720,ErAg,cP2,Pm-3m,-0.4654,mp-2621,-0.33953982,10623,-0.34775013
721,TmAg,cP2,Pm-3m,-0.4457,mp-2796,-0.34526791,10678,-0.35077449
722,PrAg2,oI12,Imma,-0.256,,,27628,-0.28436382
723,NdAg2,oI12,Imma,-0.2259,,,27623,-0.28434503
724,GdAg2,,,-0.2477,,,,
725,TbAg2,,,-0.2353,,,,
726,DyAg2,,,-0.2311,,,,
727,HoAg2,,,-0.2591,,,,
728,ErAg2,tI6,I4/mmm,-0.2487,mp-30339,-0.3325519,10626,-0.341657
729,TmAg2,tI6,I4/mmm,-0.2622,mp-30359,-0.33645216,10679,-0.34547508
730,Ag2Tm,oI12,Imma,-0.2622,,,,
731,LuAg2,tI6,I4/mmm,-0.2653,mp-1018131,-0.34222325,27616,-0.34837039
732,Ag3Tb,hP68,P6/m,-0.2135,,,,
733,Ag3Dy,hP68,P6/m,-0.2363,,,,
734,Ag3Ho,hP68,P6/m,-0.2601,,,,
735,Ag3Er,hP68,P6/m,-0.2633,,,,
736,Ag3Tm,oP8,Pnma,-0.2094,,,,
737,Al5Ni4Rh,cP2,Pm-3m,-0.7684,,,,
738,Al5Ni3Rh2,cP2,Pm-3m,-0.8019,,,,
739,Al5Ni2Rh3,cP2,Pm-3m,-0.8439,,,,
740,Al5NiRh4,cP2,Pm-3m,-1.0331,,,,
741,Ti5Ge3,hP16,P63/mcm,-0.7333,mp-568151,-0.69194752,,
742,V5Ge3,tI32,I4/mcm,-0.4586,,,,
743,Mn5Ge3,hP16,P63/mcm,-0.1884,mp-617291,-0.09905215,,
744,Fe5Ge3,hP6,P63/mmc,-0.1078,,,,
745,Co5Ge3,hP6,P63/mmc,-0.2029,,,,
746,Ni5Ge3,hP6,P63/mmc,-0.3222,,,,
747,Al0.1Ti0.25Zn0.65,cP4,Pm-3m,-0.2798,,,,
748,Al0.2Ti0.25Zn0.55,cP4,Pm-3m,-0.3109,,,,
749,Al0.3Ti0.25Zn0.45,cP4,Pm-3m,-0.3317,,,,
750,Al0.4Ti0.25Zn0.35,cP4,Pm-3m,-0.3524,,,,
751,Al2TiZn,cP4,Pm-3m,-0.3627,,,,
752,Al0.6Ti0.25Zn0.15,cP4,Pm-3m,-0.3731,,,,
753,InPd,cP2,Pm-3m,-0.7151,mp-21215,-0.50914396,55542,-0.50734224
754,In3Pd2,hP5,P-3m1,-0.5908,mp-510437,-0.48537325,11131,-0.48064328
755,Sn2Pd,tI48,I41/acd,-0.5182,mp-1573,-0.38963342,5782,-0.45171323
756,Zr2Co,tI12,I4/mcm,,mp-628,-0.25113077,29534,-0.26078137
757,ZrCo,cP2,Pm-3m,,mp-2283,-0.28187688,29537,-0.28789901
758,ZrCo2,cF24,Fd-3m,,mp-929,-0.30849371,31202,-0.32129482
759,Co4Zr,cF116,Fm-3m,,,,,
760,TiFe,cP2,Pm-3m,,mp-305,-0.41788011,19423,-0.44919251
761,TiFe2,hP12,P63/mmc,,mp-2454,-0.28543016,18688,-0.29783282
762,TiCo,cP2,Pm-3m,,mp-823,-0.39000135,18811,-0.4096884
763,TiCo2,hP24,P63/mmc,,,,29519,-0.32565458
764,Ti2Ni,cF96,Fd-3m,,mp-1808,-0.27684474,3230,-0.31275551
765,TiNi,cP2,Pm-3m,,mp-571,-0.34371282,116608,-0.3780194
766,TiNi3,hP16,P63/mmc,,mp-1409,-0.48423085,5776,-0.49490854
767,ZrFe2,cF24,Fd-3m,,mp-1718,-0.2832444,18350,-0.2798164
768,Zr2Ni,tI12,I4/mcm,,mp-328,-0.32276983,103369,-0.32468612
769,ZrNi,oS8,Cmcm,,mp-556,-0.45603911,17864,-0.45579793
770,Ni7Zr2,mS36,C12/m1,,mp-2717,-0.42918024,2288,-0.43017345
771,ZrNi5,cF24,F-43m,,mp-2439,-0.32116925,669588,-0.32486008
772,TiPd,cP2,Pm-3m,,mp-11546,-0.47762927,17970,-0.48671641
773,Ti3Pd5,tP8,P4/mmm,,mp-570199,-0.61720347,17974,-0.62559859
774,TiPd2,oI6,Immm,,,,21292,-0.64280199
775,TiPd3,hP16,P63/mmc,,,,21293,-0.64955897
776,Zr2Pd,tI6,I4/mmm,,mp-266,-0.48842171,17990,-0.48801108
777,ZrPd,cP2,Pm-3m,,mp-13496,-0.58775328,9972,-0.58504166
778,ZrPd2,tI6,I4/mmm,,mp-1018102,-0.76098711,30951,-0.75783907
779,ZrPd3,hP16,P63/mmc,,mp-30842,-0.82334471,17991,-0.8178025
780,HfNi5,cF24,F-43m,,mp-569516,-0.34621853,19424,-0.3497438
781,Hf2Ni7,mS26,C12/m1,,,,,
782,Hf9Ni11,tI40,I4/m,,,,,
783,HfNi,oS8,Cmcm,,mp-1018056,-0.51942899,30515,-0.51903074
784,Hf2Ni,tI12,I4/mcm,,mp-861,-0.34446509,88683,-0.34184014
785,Ag0.610Mg0.390,cP2,Pm-3m,-0.041,,,,
786,Ag0.561Mg0.439,cP2,Pm-3m,-0.0438,,,,
787,Ag0.542Mg0.458,cP2,Pm-3m,-0.0449,,,,
788,Ag0.510Mg0.490,cP2,Pm-3m,-0.0455,mp-2696,-0.25172764,94482,-0.25753188
789,Ag0.497Mg0.503,cP2,Pm-3m,-0.0453,mp-2696,-0.25172764,94482,-0.25753188
790,Ag0.485Mg0.515,cP2,Pm-3m,-0.0455,mp-2696,-0.25172764,94482,-0.25753188
791,Ag0.480Mg0.520,cP2,Pm-3m,-0.0452,mp-2696,-0.25172764,94482,-0.25753188
792,Ag0.452Mg0.548,cP2,Pm-3m,-0.0444,,,,
793,Hf2Pd,tI6,I4/mmm,,mp-11454,-0.53118521,17382,-0.52756749
794,HfPd,cP2,Pm-3m,,mp-1002106,-0.62011466,307534,-0.62936267
795,HfPd2,tI6,I4/mmm,,,,,
796,HfPd3,hP16,P63/mmc,,mp-11453,-0.88831847,17381,-0.88228811
797,GeRu,cP8,P213,,,,683580,-0.27869893
798,ZrRu,cP2,Pm-3m,,mp-214,-0.66012382,116234,-0.64287548
799,ZrRu2,hP12,P63/mmc,,mp-569979,-0.37699088,31033,-0.37261451
800,Zr3Au,cP8,Pm-3n,,mp-11263,-0.34064662,10833,-0.344695
801,Zr2Au,tI6,I4/mmm,,mp-2348,-0.41852153,18742,-0.41759104
802,AuZr,,,,,,,
803,Au0.588Zr0.412,,,,,,,
804,ZrAu2,tI6,I4/mmm,,mp-1018103,-0.57450582,28235,-0.57476874
805,ZrAu3,oP8,Pmmn,,,,28234,-0.49745752
806,ZrAu4,oP20,Pnma,,mp-17813,-0.42172582,31356,-0.41869664
807,Al3FeSi2,tI24,I4/mcm,-0.2123,,,,
808,Al2Fe3Si4,oS36,Cmcm,-0.3716,mp-29111,-0.43019911,14987,-0.4330145
809,Al0.71Fe0.19Si0.10,hP245,P63/mmc,-0.255,,,,
810,Al0.31Mn0.6Ni0.2,oS156,Cmcm,-0.2398,mp-30179,-0.22249812,,
811,VSi2,hP9,P6222,-0.4319,mp-10711,-0.48601618,,
812,Sn3Ru2,tP20,P-4c2,,mp-680677,-0.17968633,18093,-0.22988746
813,Sn7Ru3,cI40,Im-3m,,mp-22344,-0.20901573,647455,-0.27008554
814,Si3Ru4,oP28,Pnma,,mp-510412,-0.55339038,5838,-0.54075562
815,SiRu,cP2,Pm-3m,,mp-381,-0.63762195,74704,-0.6368074
816,Si3Ru2,tP20,P-4c2,,mp-20191,-0.615632,16443,-0.60255945
817,AlNb4,cP8,Pm-3n,,,,,
818,Nb2Al,tP30,P42/mnm,,mp-18427,-0.28263381,10511,-0.29648968
819,NbAl3,tI8,I4/mmm,,mp-1842,-0.42336587,18710,-0.43058276
820,OsTi,cP2,Pm-3m,,mp-291,-0.71361444,90586,-0.73613297
821,HfOs,cP2,Pm-3m,,mp-11452,-0.70975701,17380,-0.70811812
822,Hf54Os17,oI142,Immm,,,,,
823,Al4Ba,tI10,I4/m,,,,,
824,TiAl3,tI8,I4/mmm,,mp-542915,-0.39576492,18722,-0.41231514
825,TiAl3,tI8,I4/mmm,,mp-542915,-0.39576492,18722,-0.41231514
826,TiAl2,tI24,I41/amd,,mp-567705,-0.42977359,18487,-0.44963193
827,TiAl2,tI24,I41/amd,,mp-567705,-0.42977359,18487,-0.44963193
828,TiAl,tP2,P4/mmm,,mp-1953,-0.40280557,18721,-0.43603073
829,TiAl,tP2,P4/mmm,,mp-1953,-0.40280557,18721,-0.43603073
830,Al0.23Ni0.02Ti0.75,hP8,P63/mmc,,,,,
831,Al0.27Ni0.02Ti0.71,hP8,P63/mmc,,,,,
832,Al0.37Ni0.02Ti0.61,hP8,P63/mmc,,,,,
833,Ni3Sn2,hP6,P63/mmc,,,,,
834,Ni3Sn2,oP20,Pnma,,mp-669720,-0.25487862,17811,-0.31329683
835,Ni3Sn,hP8,P63/mmc,,mp-20112,-0.19098214,17810,-0.22263402
836,Ni3Sn2,hP6,P63/mmc,,,,,
837,Ni3Sn,hP8,P63/mmc,,mp-20112,-0.19098214,17810,-0.22263402
838,Ni3Sn4,mS14,C12/m1,,mp-20174,-0.22376278,17812,-0.28860227
839,Sc5Sn3,hP16,P63/mcm,-0.7276,mp-17695,-0.68496888,31054,-0.71993662
840,Sn9Ti11,oI44,Immm,-0.4498,,,,
841,V3Sn,cP8,Pm-3n,-0.2249,mp-21342,-0.06768964,18133,-0.07946155
842,Y5Sn3,hP16,P63/mcm,-0.7545,mp-567412,-0.76823437,31089,-0.80510922
843,Zr5Sn3,hP16,P63/mcm,-0.7379,mp-510522,-0.56603354,94311,-0.5993577
844,Nb3Sn,cP8,Pm-3n,-0.1575,mp-1326,-0.14884203,17754,-0.19526682
845,Sn7Ru3,cI40,Im-3m,-0.1938,mp-22344,-0.20901573,647455,-0.27008554
846,Sn2Rh,tI12,I4/mcm,-0.4363,mp-565,-0.39452096,18060,-0.46589572
847,SnPd3,cP4,Pm-3m,-0.5991,mp-718,-0.52282047,17954,-0.53933084
848,Hf5Sn3,hP16,P63/mcm,-0.5099,mp-21104,-0.37901034,17391,-0.41516328
849,Ir5Sn7,tI24,I4mm,-0.1555,mp-20466,-0.25279987,13860,-0.31193171
850,Sn2Ir,cF12,Fm-3m,-0.1337,mp-2083,-0.28526758,19398,-0.351585
851,SnPt,hP4,P63/mmc,-0.6094,mp-19856,-0.58626824,7829,-0.62787003
852,Pr5Sn3,tI32,I4/mcm,-0.7804,mp-570696,-0.67825908,92492,-0.7158068
853,Nd5Sn3,hP16,P63/mcm,-0.768,mp-510503,-0.69045193,647405,-0.72797909
854,Sm5Sn3,hP16,P63/mcm,-0.8074,,,31076,-0.74505748
855,Gd5Sn3,hP16,P63/mcm,-0.8136,,,30420,-0.75843331
856,Tb5Sn3,hP16,P63/mcm,-0.7576,,,31084,-0.34830875
857,Dy5Sn3,hP16,P63/mcm,-0.7784,mp-30623,-0.72459532,31219,-0.75720558
858,Ho5Sn3,hP16,P63/mcm,-0.7618,mp-30735,-0.71602343,17478,-0.75273452
859,Er5Sn3,hP16,P63/mcm,-0.7493,mp-31385,-0.70634021,647468,-0.74499058
860,Tm5Sn3,hP16,P63/mcm,-0.7545,,,31088,-0.73109966
861,Lu5Sn3,hP16,P63/mcm,-0.7784,,,30711,-0.70397538
862,Lu5Sn3,hP16,P63/mcm,-0.7628,,,30711,-0.70397538
863,Sc5Ge3,hP16,P63/mcm,-0.968,mp-17190,-0.84441926,647319,-0.84486917
864,Cr5Ge3,tI32,I4/mcm,-0.1627,mp-568324,0.01164082,13726,0.01146355
865,Y5Ge3,hP16,P63/mcm,-0.9307,mp-17751,-0.83198247,10313,-0.83402587
866,Zr5Ge3,hP16,P63/mcm,-0.8405,mp-17706,-0.79858593,13725,-0.79984176
867,Nb5Ge3,tI32,I4/mcm,-0.7172,mp-16842,-0.46914122,655868,-0.48565297
868,Ge3Mo5,hP16,P63/mcm,-0.1731,,,,
869,GeRu,cP8,P213,-0.2954,,,683580,-0.27869893
870,GeRh,oP8,Pnma,-0.5897,mp-22239,-0.55039662,646171,-0.55538291
871,GePd,oP8,Pnma,-0.4819,mp-1424,-0.46246676,13801,-0.46030866
872,GePd2,hP9,P-62m,-0.5421,mp-423,-0.54497816,646837,-0.54239792
873,La5Ge3,hP16,P63/mcm,-0.7027,,,8070,-0.69572926
874,Hf3Ge2,tP10,P4/mbm,-0.7732,mp-976273,-0.69955296,30438,-0.69728076
875,Ta5Ge3,tI32,I4/mcm,-0.4353,mp-17593,-0.36231627,48717,-0.36229547
876,Ge2Os,mS12,C12/m1,-0.0383,mp-10032,-0.08637972,8193,-0.0823748
877,GeIr,oP8,Pnma,-0.3431,mp-208,-0.31015357,646856,-0.31695899
878,GeIr,oP8,Pnma,-0.3368,mp-208,-0.31015357,646856,-0.31695899
879,GePt,oP8,Pnma,-0.4705,mp-542640,-0.47655987,2258,-0.47509124
880,GePt2,hP9,P-62m,-0.3845,mp-20061,-0.35448466,13687,-0.3551848
881,Cu3Ge,,,-0.0425,,,,
882,Ge8La5,,,-0.7815,,,,
883,Ce5Ge3,hP16,P63/mcm,-0.7607,mp-510493,-0.59199312,662552,-0.65986646
884,CeGe1.6,tI12,I41/amd,-0.7939,,,,
885,Pr5Ge3,hP16,P63/mcm,-0.7296,mp-17124,-0.68400837,20668,-0.68533545
886,Ge1.6Pr,tI12,I41/amd,-0.8468,,,,
887,Nd5Ge3,hP16,P63/mcm,-0.7473,mp-1464,-0.70498837,647275,-0.70618325
888,Ge8Nd5,tI12,I41/amd,-0.8312,,,,
889,Gd5Ge3,hP16,P63/mcm,-0.8499,,,8025,-0.77906924
890,Sm5Ge3,hP16,P63/mcm,-0.9411,,,30497,-0.74262386
891,Tb5Ge3,hP16,P63/mcm,-0.8468,mp-2610,-0.79227955,10064,-0.37857456
892,Dy5Ge3,hP16,P63/mcm,-0.9577,,,29859,-0.79716707
893,Ho5Ge3,hP16,P63/mcm,-0.9514,,,30444,-0.8021457
894,Er5Ge3,hP16,P63/mcm,-0.9908,mp-11854,-0.80121533,18316,-0.80431566
895,Tm5Ge3,hP16,P63/mcm,-0.9463,,,30501,-0.80150275
896,Lu5Ge3,hP16,P63/mcm,-0.9649,,,30459,-0.79262795
897,NdIr2,cF24,Fd-3m,-0.7006,mp-890,-0.69447488,17503,-0.69973281
898,YAl3,hP8,P63/mmc,-0.4809,mp-865527,-0.43663624,,
899,YAl2,cF24,Fd-3m,-0.5545,mp-2322,-0.5314414,10612,-0.53390158
900,Y3Al2,tP20,P42/mnm,-0.4861,mp-16723,-0.35436314,,
901,Al4NiY,oS24,Cmcm,-0.625,,,,
902,Sc2Al,hP6,P63/mmc,-0.3835,mp-11220,-0.34999804,10540,-0.351949
903,AlSc,,,-0.4768,,,,
904,ScAl2,cF24,Fd-3m,-0.4975,mp-813,-0.48538706,10541,-0.48600004
905,ScAl3,cP4,Pm-3m,-0.4508,mp-2121,-0.45116262,18716,-0.45477582
906,AlLa,oS16,Cmcm,-0.4768,mp-12684,-0.41285323,647422,-0.41003104
907,LaAl2,cF24,Fd-3m,-0.5234,mp-2694,-0.49784908,10483,-0.49709903
908,LaAl3,hP8,P63/mmc,-0.456,mp-959,-0.4468069,10484,-0.44815358
909,Al7La2,oI28,Immm,-0.4249,,,,
910,YbAl2,cF24,Fd-3m,-0.4094,mp-969,-0.34637732,10617,-0.35140065
911,YbAl3,cP4,Pm-3m,-0.3368,mp-1259,-0.17169078,10618,-0.17298079
912,AlSm2,oP12,Pnma,-0.3938,,,,
913,SmAl,oP16,Pbcm,-0.5078,mp-978951,-0.39960339,658970,-0.40410721
914,SmAl2,cF24,Fd-3m,-0.57,mp-2358,-0.50959215,10582,-0.51399839
915,SmAl3,hP8,P63/mmc,-0.4975,mp-867870,-0.44082113,,
916,ErAl2,cF24,Fd-3m,-0.5089,mp-1208,-0.50800421,10452,-0.51084323
917,Al7Ce2,oI28,Immm,-0.4094,,,,
918,CeAl2,cF24,Fd-3m,-0.5068,mp-2088,-0.45683008,10402,-0.47386387
919,Ce3Al,hP8,P63/mmc,-0.17,mp-21393,-0.15424701,18919,-0.16062138
920,GdAl2,cF24,Fd-3m,-0.5327,mp-19923,-0.52226962,10468,-0.52271679
921,AlGd,oS16,Cmcm,-0.4084,,,,
922,AlGd2,oP12,Pnma,-0.3596,,,,
923,CoLaNi4,,P6/mmm,-0.2529,,,,
924,Co2LaNi3,,P6/mmm,-0.172,,,,
925,Co0.42La0.16Ni0.42,,P6/mmm,-0.1244,,,,
926,Co3LaNi2,,P6/mmm,-0.115,,,,
927,Co0.58La0.17Ni0.25,,P6/mmm,-0.0881,,,,
928,Co17Dy2,hR57,R-3m,-0.0902,,,,
929,Co3Dy,hR54,R-3m,-0.1378,,,,
930,Co2Dy,cF24,Fd-3m,-0.1803,mp-2628,-0.20161828,20722,-0.21227463
931,Co3Dy5,hR36,R-3m,-0.1441,,,,
932,ErCo3,hR36,R-3m,-0.1565,mp-411,-0.20561058,113163,-0.21463602
933,Co2Er,cF24,Fd-3m,-0.1948,,,,
934,CoEr3,hR36,R-3m,-0.0725,,,,
935,Co17Gd2,hP38,P63/mmc,-0.0466,,,,
936,Co5Gd,hP38,P63/mmc,-0.086,,,,
937,GdCo2,cF24,Fd-3m,-0.1213,mp-542633,-0.16629482,31242,-0.16700065
938,Co7Gd12,mP38,P121/c1,-0.0653,,,,
939,DyNi5,hP6,P6/mmm,-0.2601,mp-1179,-0.33433602,,
940,DyNi2,cF24,Fd-3m,-0.3379,mp-421,-0.45253956,19331,-0.45261573
941,DyNi,oP8,Pnma,-0.3462,mp-2738,-0.45827261,89117,-0.46149673
942,Dy3Ni,oP16,Pnma,-0.2301,,,29890,-0.24881051
943,ErNi9,hP38,P63/mmc,-0.1337,,,,
944,ErNi5,hP6,P6/mmm,-0.2094,,,,
945,ErNi2,cF24,Fd-3m,-0.3244,,,,
946,ErNi,oP8,Pnma,-0.3171,mp-567314,-0.48549384,30015,-0.49334426
947,Er3Ni,oP16,Pnma,-0.1772,,,,
948,GdNi5,hP6,P6/mmm,-0.2394,,,,
949,GdNi2,cF24,Fd-3m,-0.3317,mp-543019,-0.40707405,18494,-0.41479822
950,GdNi,oS8,Cmcm,-0.2674,mp-542632,-0.39817732,31223,-0.4264578
951,Gd3Ni,oP16,Pnma,-0.1441,,,,
952,TaAlNi2,cF16,Fm-3m,-0.4011,mp-5921,-0.46326458,10523,-0.4683723
953,AlNi2V,cP2,Pm-3m,-0.4115,,,,
954,ZrAlNi2,cF16,Fm-3m,-0.5203,mp-3944,-0.59657081,10534,-0.6063671
955,FeGaNi2,cP2,Pm-3m,-0.257,,,,
956,GaHfNi2,cF16,Fm-3m,-0.7182,mp-3498,-0.55812311,30279,-0.56785364
957,NbGaNi2,cF16,Fm-3m,-0.3721,mp-3539,-0.33300579,30304,-0.34667213
958,HfInNi2,cF16,Fm-3m,-0.3596,mp-640024,-0.39977053,647474,-0.43095053
959,MnNi2Sn,cF16,Fm-3m,-0.3078,mp-20440,-0.17266856,647910,-0.20790812
960,Co2FeAl,cP2,Pm-3m,-0.1524,,,,
961,Ce2Fe17,,,-0.0166,,,,
962,Nd2Fe17,hR19,R-3m,-0.0311,mp-1510,0.03668239,18663,0.04087623
963,Sm2Fe17,hR19,R-3m,-0.0321,mp-1426,0.01621323,18642,0.02019311
964,Fe2Gd,cF24,Fd-3m,-0.0187,mp-20089,-0.07146536,18836,-0.03296878
965,HoFe2,cF24,Fd-3m,-0.0269,mp-1926,-0.10130516,31298,-0.09891662
966,ErFe2,cF24,Fd-3m,-0.0197,mp-474,-0.12142022,20826,-0.11960373
967,TmFe2,cF24,Fd-3m,-0.0228,mp-571183,-0.14341286,17236,-0.13997887
968,Fe2Lu,cF24,Fd-3m,-0.0373,mp-2463,-0.17493036,30221,-0.17014908
969,TbDy2Fe6,,,-0.141,,,,
970,Fe5Ga,cI2,Im-3m,-0.1078,,,,
971,TiFe2,hP12,P63/mmc,-0.2819,mp-2454,-0.28543016,18688,-0.29783282
972,TiFe,cP2,Pm-3m,-0.2332,mp-305,-0.41788011,19423,-0.44919251
973,FeNiTi2,,,-0.3545,,,,
974,LaMg,cP2,Pm-3m,-0.211,mp-1104,-0.12607536,104100,-0.1153915
975,Co2FeAl,cP2,Pm-3m,-0.2332,,,,
976,GaFeCo2,cF16,Fm-3m,-0.2674,mp-30551,-0.22535881,17097,-0.23947064
977,FeCo2Si,cF16,Fm-3m,-0.398,mp-5436,-0.3497696,647048,-0.36174807
978,FeCo2Ge,cF16,Fm-3m,-0.1202,mp-22300,-0.15857999,29249,-0.17199427
979,MnCo2Si,cF16,Fm-3m,-0.4394,mp-4492,-0.4354005,647071,-0.44920504
980,MnCo2Ge,cF16,Fm-3m,-0.3275,mp-19850,-0.24303171,647056,-0.25696368
981,MnCo2Sn,cF16,Fm-3m,-0.1617,mp-20840,-0.10441762,29396,-0.13898515
982,TiAlCo2,cF16,Fm-3m,-0.57,mp-5407,-0.61306221,27707,-0.63709835
983,TiGaCo2,cF16,Fm-3m,-0.5617,mp-20145,-0.51703112,29293,-0.54134649
984,TiCo2Si,cF16,Fm-3m,-0.6364,mp-3657,-0.65953515,647094,-0.68559285
985,TiCo2Ge,cF16,Fm-3m,-0.6146,mp-4612,-0.49619322,647063,-0.52142632
986,TiCo2Sn,cF16,Fm-3m,-0.398,mp-21467,-0.36833086,18296,-0.37173531
987,VGaCo2,cF16,Fm-3m,-0.2943,mp-22790,-0.302636,29296,-0.30455297
988,MnAlCu2,cF16,Fm-3m,-0.2747,mp-3574,-0.12779898,10435,-0.12939585
989,Cu2NiSn,cF16,Fm-3m,-0.1803,mp-4367,0.04125642,19462,0.00643917
990,Fe2CoAl,cP2,Pm-3m,-0.2425,,,,
991,Fe2CoGa,cF16,F-43m,-0.1461,,,,
992,Fe2CoSi,cF16,F-43m,-0.4695,,,,
993,Fe2CoGe,cF16,F-43m,-0.0922,,,,
994,MnFe2Si,cF16,Fm-3m,-0.2653,mp-5529,-0.32760082,31335,-0.3390292
995,Fe2NiGa,cP2,Pm-3m,-0.1513,,,,
996,Mn2CoSn,cF16,Fm-3m,-0.2259,,,472691,0.11432415
997,Mn2GaCo,cF16,Fm-3m,-0.1202,,,472554,-0.08439467
998,Mn2AlV,cF16,Fm-3m,-0.2871,mp-10895,-0.31383058,22373,-0.30950568
999,MnInNi2,cF16,Fm-3m,-0.2239,mp-22731,-0.09505111,646824,-0.10712478
1000,Ni2CuSn,cF16,F-43m,-0.1296,,,,
1001,MnInCu2,cF16,Fm-3m,-0.1948,mp-22673,0.06969568,29699,0.06588514
1002,Cu0.55Ni0.20Sn0.25,cF16,Fm-3m,-0.1762,,,,
1003,Cu0.6Ni0.15Sn0.25,cF16,Fm-3m,-0.1337,,,,
1004,CoFe2Si,cF16,F-43m,-0.3876,,,,
1005,CuFe2Ga,cF16,F-43m,-0.1182,,,,
1006,MnGaFe2,cF16,Fm-3m,-0.058,mp-1018046,-0.06796609,525371,-0.07357737
1007,Fe2GaNi,cP2,Pm-3m,-0.1513,,,,
1008,Fe2NiSi,cP2,Pm-3m,-0.2767,,,,
1009,Fe2GaV,cP2,Pm-3m,-0.3109,,,,
1010,Mn2GaCo,cF16,F-43m,-0.1182,mp-20160,-0.00660202,20349,-0.17154466
1011,Mn2NiSn,cF16,F-43m,-0.2166,,,676576,0.04352649
1012,Mn2VGa,cF16,Fm-3m,-0.2218,mp-21235,-0.22451226,17257,-0.22432807
1013,Au4In3Sn3,hP10,P63/mmc,-0.2176,,,,
1014,SnAu,hP4,P63/mmc,-0.1596,mp-1775,-0.1827522,10120,-0.22961262
1015,Sn2Au,oP24,Pbca,-0.1472,mp-1462,-0.12815058,10801,-0.19073514
1016,Sn4Au,oS20,Ccce,-0.0819,mp-1393,-0.0691933,19456,-0.14436161
1017,SnAu5,hR18,R32,-0.0601,mp-30418,-0.04715316,10803,-0.06419591
1018,Au5Sn,hP2,P63/mmc,-0.0135,,,,
1019,Fe3Pt,cP4,Pm-3m,-0.0964,mp-1649,-0.08104349,30238,-0.08061884
1020,FePt,tP2,P4/mmm,,mp-2260,-0.23952203,110129,-0.24057406
1021,FePt3,cP4,Pm-3m,,mp-649,0.08097756,7825,-0.20058362
1022,AlNd2,oP12,Pnma,-1.0733,,,,
1023,Li2Ca,hP12,P63/mmc,,mp-570466,-0.01687109,,
1024,Li2Ca,hP12,P63/mmc,,mp-570466,-0.01687109,,
1025,B3Li,tP20,P4/mbm,-0.4519,,,689212,-0.23996133
1026,B14Li3,tI160,I-42d,-0.3441,,,,
1027,B13Li,hR357,R-3m,-0.1461,,,,
1028,Al2Fe,aP18,P1,-0.2881,,,,
1029,Al5Fe2,oS24,Cmcm,-0.3161,,,,
1030,Li13Si4,oP34,Pbam,-0.3151,mp-672287,-0.24844258,31357,-0.25311439
1031,Li7Si3,hR21,R-3m,-0.3047,,,,
1032,Li12Si7,oP152,Pnma,-0.2653,mp-1314,-0.24244816,7559,-0.23955457
1033,Li22Si5,cF416,F-43m,-0.2529,mp-542598,-0.1959975,,
1034,AlNi,cP2,Pm-3m,-0.6871,mp-1487,-0.65864811,94913,-0.66944636
1035,AlNi3,cP4,Pm-3m,-0.4198,mp-2593,-0.43251692,17890,-0.43864812
1036,TiAl2Ni,cF116,Fm-3m,-0.4218,,,509949,-0.33701128
1037,AlNiTi,hP12,P63/mmc,-0.5897,,,,
1038,AlNiTi,hP12,P63/mmc,,,,,
1039,TiAlNi2,cF16,Fm-3m,-0.7473,mp-7187,-0.62052541,21081,-0.64117697
1040,ZrMn2,,,-0.256,,,,
1041,ZrMo2,cF24,Fd-3m,-0.0601,mp-2049,-0.12738089,17718,-0.13765654
1042,Os4Zr11,cF120,Fm-3m,-0.0922,,,,
1043,HfCr2,,,-0.0497,,,,
1044,HfMn2,hP12,P63/mmc,-0.2104,mp-11449,-0.26402934,17364,-0.2551247
1045,HfMo2,cF24,Fd-3m,-0.0663,mp-2363,-0.16067013,17365,-0.1700668
1046,NbRh3,,,-0.2239,,,,
1047,TaRh3,cP4,Pm-3m,-0.1451,mp-1020,-0.61434864,18066,-0.61292525
1048,Mn2Nb,hP12,P63/mmc,-0.1078,mp-12659,-0.13790279,19107,-0.14415719
1049,MoRh,oP4,Pmma,-0.0497,mp-12595,-0.1906269,18874,-0.19700494
1050,MnPd,cP2,Pm-3m,-0.4685,mp-1902,-0.18880831,90200,-0.19334822
1051,MoPd2,oI6,Immm,-0.0954,,,,
1052,TaMn2,hP12,P63/mmc,-0.1503,mp-12678,-0.22563882,19153,-0.22469722
1053,IrMn3,cP4,Pm-3m,-0.1368,,,,
1054,CrPt3,cP4,Pm-3m,-0.0912,mp-2515,-0.2581554,29575,-0.25473662
1055,MnPt,tP2,P4/mmm,-0.5555,mp-1670,-0.35329579,668583,-0.35251563
1056,MoPt,oP4,Pmma,-0.1855,mp-999502,-0.31842792,,
1057,TaPt3,mP16,P121/m1,-0.2187,mp-567638,-0.72230996,,
1058,YMn2,cF24,Fd-3m,-0.029,mp-558,0.1623936,,
1059,CoCr,tP30,P42/mnm,-0.0031,,,,
1060,CuMn,cF4,Fm-3m,-0.0383,,,,
1061,Cu3Sn,oS80,Cmcm,-0.1078,,,,
1062,TbFe2,,,-0.057,,,,
1063,DyFe2,cF24,Fd-3m,-0.0166,mp-1757,-0.08229063,29839,-0.07837486
1064,Tb2Fe17,,,-0.0218,,,,
1065,Dy2Fe17,,,-0.0549,,,,
1066,FePd3,cP4,Pm-3m,-0.1658,mp-21845,-0.11839909,30235,-0.10785679
1067,FePt,tP2,P4/mmm,-0.2384,mp-2260,-0.23952203,110129,-0.24057406
1068,FePt3,cP4,Pm-3m,-0.2145,mp-649,0.08097756,7825,-0.20058362
1069,MnNi,tP2,P4/mmm,-0.2581,mp-1797,-0.03866552,17670,-0.01265056
1070,TiNi,cP2,Pm-3m,-0.3389,mp-571,-0.34371282,116608,-0.3780194
1071,TiPd,,,-0.625,,,,
1072,CeCo5,hP6,P6/mmm,-0.0974,mp-764,-0.10506817,,
1073,Ce2Co17,,,-0.0705,,,,
1074,PrCo5,hP6,P6/mmm,-0.1088,mp-2837,-0.00869899,31347,0.10190198
1075,Pr2Co17,hR19,R-3m,-0.0705,,,29447,-0.05120681
1076,NdCo5,hP6,P6/mmm,-0.1316,mp-569,-0.02884124,18557,0.07583558
1077,Nd2Co17,hR19,R-3m,-0.0684,mp-356,-0.04709472,29416,0.12501809
1078,SmCo5,hP6,P6/mmm,-0.1264,mp-1429,-0.05964595,,
1079,Sm2Co17,,,-0.0746,,,,
1080,Co5Gd,hP6,P6/mmm,-0.1036,,,18800,0.01275074
1081,TbCo5,hP6,P6/mmm,-0.1524,mp-1200,-0.09841932,31309,0.11207467
1082,Tb2Co17,,,-0.0798,,,,
1083,Co17Dy2,,,-0.084,,,,
1084,HoCo3,hR12,R-3m,-0.1814,mp-30558,-0.18762872,31229,-0.20234444
1085,Co3Er,hR12,R-3m,-0.2042,mp-411,-0.20561058,113163,-0.21463602
1086,TmCo3,hR12,R-3m,-0.2373,,,29523,-0.2299119
1087,Co3Lu,hR12,R-3m,-0.2384,,,29389,-0.24771716
1088,HfAlAu2,cF16,Fm-3m,-0.626,mp-10872,-0.50109168,10385,-0.50464884
1089,Fe2RuSi,cF16,Fm-3m,-0.3109,,,526506,-0.05831597
1090,Fe2RuGe,cF16,F-43m,-0.1669,,,,
1091,Pd2CuAl,tP2,P4/mmm,-0.5721,,,,
1092,HfAlPd2,cF16,Fm-3m,-0.8457,mp-16501,-0.8315606,10474,-0.82956983
1093,Pd2HfGa,cF16,Fm-3m,-0.8281,,,468834,-0.74053448
1094,Pd2HfIn,cF16,Fm-3m,-0.7918,mp-864734,-0.69834147,467796,-0.69394758
1095,HfSnPd2,cF16,Fm-3m,-0.8043,,,463005,-0.72693835
1096,Pd2MnAl,cP2,Pm-3m,-0.9027,,,,
1097,Pd2MnGa,cP2,Pm-3m,-0.5649,,,,
1098,Pd2MnIn,cP2,Pm-3m,-0.4249,,,,
1099,MnSnPd2,cF16,Fm-3m,-0.5659,mp-20481,-0.4152267,30746,-0.43623346
1100,Pd2TiAl,cP2,Pm-3m,-0.8436,,,,
1101,TiGaPd2,cF16,Fm-3m,-0.6799,mp-866140,-0.66035607,463385,-0.66685186
1102,TiInPd2,cF16,Fm-3m,-0.4249,mp-866168,-0.5749228,463323,-0.58036463
1103,TiSnPd2,cF16,Fm-3m,-0.8146,mp-865679,-0.6071031,464113,-0.63046599
1104,ZrAlPd2,cF16,Fm-3m,-0.8841,mp-541047,-0.80610144,10557,-0.80304897
1105,ZrGaPd2,cF16,Fm-3m,-0.7898,mp-972183,-0.7250792,463371,-0.7232613
1106,ZrInPd2,cF16,Fm-3m,-0.882,mp-977475,-0.70439622,463998,-0.69578426
1107,ZrSnPd2,cF16,Fm-3m,-0.9556,mp-977568,-0.73463303,463248,-0.75081076
1108,Pt2MnGa,,,-0.5814,,,,
1109,Ru2FeAl,cP2,Pm-3m,-0.2767,,,,
1110,Ru2FeSi,cP2,Pm-3m,-0.2954,,,,
1111,Ru2FeGe,cF16,Fm-3m,-0.2042,mp-865191,-0.15887265,503820,-0.15820987
1112,Ru2HfAl,cP2,Pm-3m,-0.7338,,,,
1113,HfSnRu2,cF16,Fm-3m,-0.2581,mp-866219,-0.64140667,502278,-0.65579414
1114,Ru2MnAl,cP2,Pm-3m,-0.3348,,,,
1115,MnGaRu2,cF16,Fm-3m,-0.2622,mp-865140,-0.25646363,502362,-0.25392933
1116,MnSiRu2,cF16,Fm-3m,-0.4768,mp-864966,-0.46129678,502597,-0.46449838
1117,MnGeRu2,cF16,Fm-3m,-0.3078,mp-864936,-0.26656891,503606,-0.26434723
1118,MnSnRu2,cF16,Fm-3m,-0.2114,mp-864971,-0.11616176,503527,-0.13254978
1119,Ru2TiAl,cP2,Pm-3m,-0.6498,,,,
1120,TiSiRu2,cF16,Fm-3m,-0.9836,mp-865681,-0.89107675,502620,-0.9041485
1121,TiGeRu2,cF16,Fm-3m,-0.8198,mp-865640,-0.69907969,503536,-0.71557854
1122,TiSnRu2,cF16,Fm-3m,-0.6281,mp-865888,-0.58413435,503388,-0.6117019
1123,Ru2VAl,cP2,Pm-3m,-0.3203,,,,
1124,VSiRu2,cF16,Fm-3m,-0.5794,mp-865507,-0.56948287,502753,-0.56545621
1125,VGeRu2,cF16,Fm-3m,-0.3327,mp-865585,-0.35868372,503010,-0.33464862
1126,VSnRu2,cF16,Fm-3m,-0.2187,,,504149,-0.190743
1127,Ru2ZrAl,cP2,Pm-3m,-0.6685,,,,
1128,Sc5Pb3,hP16,P63/mcm,-0.6353,mp-510209,-0.47463249,,
1129,PbTi4,hP8,P63/mmc,-0.172,,,,
1130,Y5Pb3,hP16,P63/mcm,-0.6716,,,30931,-0.59163632
1131,Zr5Pb3,hP16,P63/mcm,-0.5244,mp-681992,-0.14045965,,
1132,Nb3Pb,cP8,Pm-3n,-0.1078,mp-22068,0.13181374,17740,0.11097907
1133,RhPb,hP6,P6/mmm,-0.171,mp-442,-0.09252528,,
1134,Pd3Pb,cP4,Pm-3m,-0.3068,mp-20849,-0.30894702,7834,-0.29965135
1135,PtPb,hP4,P63/mmc,-0.3596,mp-21380,0.02424395,669812,0.07791212
1136,CuSnRh2,cF16,Fm-3m,-0.3016,mp-30595,-0.35656496,17162,-0.38480311
1137,Rh2FeAl,cP2,Pm-3m,-0.5027,,,,
1138,Rh2FeGa,cP2,Pm-3m,-0.3223,,,,
1139,FeSnRh2,tI8,I4/mmm,-0.2995,mp-1018062,-0.305515,,
1140,Rh2MnAl,cP2,Pm-3m,-0.7504,,,,
1141,Rh2MnGa,cP2,Pm-3m,-0.5731,,,,
1142,Rh2MnIn,cP2,Pm-3m,-0.3659,,,,
1143,MnGeRh2,cF16,Fm-3m,-0.57,mp-4664,-0.44292375,647271,-0.44947884
1144,MnSnRh2,cF16,Fm-3m,-0.4156,mp-4990,-0.44010532,17688,-0.46709352
1145,Rh2TiAl,cP2,Pm-3m,-1.0116,,,,
1146,Rh2TiGa,cP2,Pm-3m,-0.8188,,,,
1147,Rh2TiSn,tI8,I4/mmm,-0.7742,,,,
1148,VSnRh2,tI8,I4/mmm,-0.4643,mp-669918,-0.41636787,18063,-0.43863856
1149,VGaNi2,cF16,Fm-3m,-0.2228,mp-30658,-0.28814787,17275,-0.28700053
1150,VNi2Sn,cF16,Fm-3m,-0.2508,mp-20864,-0.1140145,17820,-0.1417274
1151,VFe2Sn,cF16,Fm-3m,-0.0383,mp-636359,0.04401775,17233,-0.01862392
1152,Fe2VAl,cP2,Pm-3m,-0.2487,,,,
1153,Fe2NiAl,cP2,Pm-3m,-0.3203,,,,
1154,Fe2CuAl,cP2,Pm-3m,-0.2425,,,,
1155,Fe2MnAl,cP2,Pm-3m,-0.0943,,,,
1156,Mn2RuSi,,,-0.3835,,,,
1157,Mn2SnRu,cF16,F-43m,-0.1803,mp-999557,0.07886879,,
1158,Mn0.2Ni0.55Sn0.25,cF16,Fm-3m,-0.2757,,,,
1159,Mn0.30Ni0.45Sn0.25,cF16,Fm-3m,-0.285,,,,
1160,Mn0.35Ni0.4Sn0.25,cF16,Fm-3m,-0.2757,,,,
1161,Mn3Ni5Sn2,cF16,Fm-3m,-0.2176,,,,
1162,Mn0.35Ni0.5Sn0.15,cF16,Fm-3m,-0.2083,,,,
1163,TiGaNi2,cF16,Fm-3m,-0.4405,mp-30657,-0.53975432,17273,-0.56136537
1164,TiInNi2,cF16,Fm-3m,-0.2954,mp-22463,-0.34461536,55528,-0.36462902
1165,TiNi2Sn,cF16,Fm-3m,-0.485,mp-3740,-0.43329163,17816,-0.47901202
1166,MnAlIr2,cF16,Fm-3m,-0.6716,mp-864950,-0.57404936,458527,-0.5817824
1167,MnGaIr2,cF16,Fm-3m,-0.2218,mp-865088,-0.33127356,457980,-0.34589253
1168,InMnPt2,,,-0.484,,,,
1169,CuInRh2,cP2,Pm-3m,-0.2322,,,,
1170,MnSnAu,cF12,F-43m,-0.5016,mp-22027,-0.0448774,647441,-0.07865257
1171,TiCoSn,cF12,F-43m,-0.4415,mp-20453,0.31134766,860363,-0.37599542
1172,MnGaIr,cF12,F-43m,-0.4239,,,684862,0.06719219
1173,MnSnIr,cF12,F-43m,-0.3047,mp-11480,0.29446035,17497,0.2571392
1174,ZrSnIr,hP18,P-62c,-0.9235,mp-607139,-0.73836035,24958,-0.77341546
1175,HfNiSn,cF12,F-43m,-0.6488,mp-924128,-0.63230214,667584,0.13071924
1176,TiNiSn,cF12,F-43m,-0.5452,mp-924130,-0.52801859,115027,-0.58058168
1177,ZrNiSn,cF12,F-43m,-0.7214,mp-924129,-0.68398515,676556,-0.71904526
1178,HfSnPd,cF12,F-43m,-0.7089,mp-11869,-0.72360596,18376,-0.7517317
1179,PdSnZr,cP2,Pm-3m,-0.8975,,,,
1180,HfSnPt,cF12,F-43m,-1.024,mp-20889,-0.27783584,566182,-1.01509825
1181,MnGaPt,hP6,P63/mmc,-0.6084,mp-569151,-0.45781977,17256,-0.4582049
1182,MnSnPt,cF12,F-43m,-0.5783,mp-21418,-0.33896264,17683,-0.36926039
1183,TiSnPt,cF12,F-43m,-0.9701,mp-30847,-0.83028347,18005,-0.87088914
1184,ZrSnPt,cF12,F-43m,-1.0872,mp-961713,-1.02254305,566429,-1.05425069
1185,Co0.25Ni1.75MnSn,cF16,Fm-3m,-0.1969,,,,
1186,Co0.125Mn0.25Ni0.375Sn0.25,cF16,Fm-3m,-0.1855,,,,
1187,Co0.75Ni1.25MnSn,cF16,Fm-3m,-0.2259,,,,
1188,CoNiMnSn,cF16,Fm-3m,-0.2094,,,,
1189,Co1.25Ni0.25MnSn,cF16,Fm-3m,-0.2197,,,,
1190,Co0.375Mn0.25Ni0.125Sn0.25,cF16,Fm-3m,-0.2384,,,,
1191,Co1.75Ni0.25MnSn,cF16,Fm-3m,-0.2581,,,,
1192,Ni2Mn0.25Ti0.75Sn,cF16,Fm-3m,-0.4353,,,,
1193,Ni2Mn0.5Ti0.5Sn,cF16,Fm-3m,-0.3451,,,,
1194,Ni2Mn0.75Ti0.25Sn,cF16,Fm-3m,-0.3451,,,,
1195,Ni0.25Pd1.75MnSn,cF16,Fm-3m,-0.5369,,,,
1196,Mn0.25Ni0.125Pd0.375Sn0.25,cF16,Fm-3m,-0.4871,,,,
1197,Mn0.25Ni0.1875Pd0.3125Sn0.25,cF16,Fm-3m,-0.4394,,,,
1198,NiPdMnSn,cF16,F-43m,-0.3887,,,,
1199,Mn0.25Ni0.3125Pd0.1875Sn0.25,cF16,Fm-3m,-0.3192,,,,
1200,Mn0.25Ni0.375Pd0.125Sn0.25,cF16,Fm-3m,-0.2985,,,,
1201,Mn0.25Ni0.4375Pd0.0625Sn0.25,cF16,Fm-3m,-0.2985,,,,
1202,In0.05Mn0.25Ni0.5Sn0.2,cF16,Fm-3m,-0.2353,,,,
1203,In0.1Mn0.25Ni0.5Sn0.15,cF16,Fm-3m,-0.2643,,,,
1204,In0.15Mn0.25Ni0.5Sn0.1,cF16,Fm-3m,-0.2104,,,,
1205,In0.2Mn0.25Ni0.5Sn0.05,cF16,F-43m,-0.2674,,,,
1206,Al0.05Mn0.25Ni0.5Sn0.2,cF16,Fm-3m,-0.2684,,,,
1207,Al0.1Mn0.25Ni0.5Sn0.15,cF16,Fm-3m,-0.2954,,,,
1208,Al0.15Mn0.25Ni0.5Sn0.1,cP2,Pm-3m,-0.3337,,,,
1209,Al0.2Mn0.25Ni0.5Sn0.05,cP2,Pm-3m,-0.3296,,,,
1210,Ni2Mn0.2V0.8Sn,cF16,Fm-3m,-0.284,,,,
1211,Ni2Mn0.4V0.6Sn,cF16,Fm-3m,-0.2964,,,,
1212,Mn0.15Ni0.5Sn0.25V0.1,cF16,Fm-3m,-0.3285,,,,
1213,Mn0.2Ni0.5Sn0.25V0.05,cF16,Fm-3m,-0.2415,,,,
1214,Fe0.25Ni1.75MnSn,cF16,Fm-3m,-0.2612,,,,
1215,Fe0.125Mn0.25Ni0.375Sn0.25,cF16,Fm-3m,-0.2757,,,,
1216,Fe0.75Ni1.25MnSn,cF16,Fm-3m,-0.1814,,,,
1217,FeNiMnSn,cF16,Fm-3m,-0.1057,,,,
1218,Cu0.25Ni1.75MnSn,cF16,Fm-3m,-0.2384,,,,
1219,Cu0.125Mn0.25Ni0.375Sn0.25,cF16,Fm-3m,-0.2881,,,,
1220,Fe0.1875Mn0.25Ni0.3125Sn0.25,cF16,Fm-3m,-0.2747,,,,
1221,CuNiMnSn,cF16,Fm-3m,-0.2633,,,,
1222,Cu0.3125Mn0.25Ni0.1875Sn0.25,cF16,Fm-3m,-0.2881,,,,
1223,Cu0.375Mn0.25Ni0.125Sn0.25,cF16,Fm-3m,-0.2747,,,,
1224,Cu1.75Ni0.25MnSn,cF16,Fm-3m,-0.2757,,,,
1225,Ge0.05Mn0.25Ni0.5Sn0.2,cF16,Fm-3m,-0.2218,,,,
1226,Ge0.1Mn0.25Ni0.5Sn0.15,cF16,Fm-3m,-0.2829,,,,
1227,Ge0.15Mn0.25Ni0.5Sn0.1,cF16,Fm-3m,-0.2498,,,,
1228,Ge0.2Mn0.25Ni0.5Sn0.05,cF16,Fm-3m,-0.3389,,,,
1229,Ni2MnSi0.2Sn0.8,cF16,Fm-3m,-0.2446,,,,
1230,Ga0.05Mn0.25Ni0.5Sn0.2,cF16,Fm-3m,-0.2477,,,,
1231,Ga0.1Mn0.25Ni0.5Sn0.15,cF16,Fm-3m,-0.2995,,,,
1232,Ga0.15Mn0.25Ni0.5Sn0.1,cF16,Fm-3m,-0.3078,,,,
1233,Ga0.2Mn0.25Ni0.5Sn0.05,cF16,Fm-3m,-0.2892,,,,
1234,Ce5Pb3,hP16,P63/mcm,-0.7835,,,690179,-0.5320109
1235,Pr5Pb3,hP16,P63/mcm,-0.8001,,,,
1236,Nd5Pb3,hP16,P63/mcm,-0.7773,,,30804,-0.54425795
1237,Sm5Pb3,hP16,P63/mcm,-0.7929,,,,
1238,Gd5Pb3,hP16,P63/mcm,-0.798,,,30399,-0.55242522
1239,Tb5Pb3,hP16,P63/mcm,-0.7379,,,30923,-0.13671797
1240,Dy5Pb3,hP16,P63/mcm,-0.7887,mp-569760,-0.54462748,29904,-0.54011757
1241,Ho5Pb3,hP16,P63/mcm,-0.7452,mp-30730,-0.53146096,17466,-0.53073424
1242,Er5Pb3,hP16,P63/mcm,-0.7794,,,30023,-0.5183237
1243,Tm5Pb3,hP16,P63/mcm,-0.7939,,,30928,-0.49914195
1244,Lu5Pb3,hP16,P63/mcm,-0.7752,,,30697,-0.46361792
1245,Li17Sn4,cF420,F-43m,-0.4156,mp-573471,-0.34836755,22905,-0.35750635
1246,AgCa3,oS36,Cmcm,-0.1223,,,,
1247,Cu2NiSn,cF16,Fm-3m,-0.1461,mp-4367,0.04125642,19462,0.00643917
1248,Cu0.6Ni0.15Sn0.25,cF16,Fm-3m,-0.1213,,,,
1249,Cu0.4Ni0.35Sn0.25,cF16,Fm-3m,-0.1679,,,,
1250,Cu0.3Ni0.45Sn0.25,cF16,Fm-3m,-0.1897,,,,
1251,Cu0.12Ni0.63Sn0.25,oS12,Cmcm,-0.2239,,,,
1252,Cu0.05Ni0.7Sn0.25,hP8,P63/mmc,-0.2415,,,,
1253,Cu0.3Ni0.29Sn0.41,hP6,P63/mmc,-0.229,,,,
1254,Cu0.2Ni0.39Sn0.41,hP6,P63/mmc,-0.2705,,,,
1255,Cu0.1Ni0.49Sn0.41,hP6,P63/mmc,-0.2995,,,,
1256,Cu0.275Ni0.27Sn0.455,hP6,P63/mmc,-0.1886,,,,
1257,Cu0.375Ni0.17Sn0.455,hP6,P63/mmc,-0.1679,,,,
1258,FeGe,hP6,P6/mmm,-0.1613,mp-22478,-0.12579344,647200,-0.12767187
1259,FeGe2,tI12,I4/mcm,-0.3823,mp-21117,-0.06049156,7790,-0.06497736
1260,AlLi,cF16,Fd-3m,-0.2145,mp-1067,-0.17935152,2012,-0.1861232
1261,AlLi,cF16,Fd-3m,,mp-1067,-0.17935152,2012,-0.1861232
1262,Al2Li3,hR15,R-3m,-0.198,mp-16506,-0.18145293,10488,-0.19199537
1263,Al4Li9,mS26,C12/m1,-0.1565,mp-568404,-0.15599208,,
1264,SmMg,cP2,Pm-3m,-0.1917,mp-2558,-0.10785642,90153,-0.1044123
1265,SmMg2,cF24,Fd-3m,-0.1658,mp-529,-0.09464138,17651,-0.09422897
1266,SmMg3,cF16,Fm-3m,-0.1244,mp-30779,-0.110229,17652,-0.10948037
1267,Mg5Sm,cF448,F-43m,-0.0881,,,,
1268,Mg41Sm5,tI92,I4/m,-0.057,,,,
1269,Ni3Ge,cP4,Pm-3m,,mp-21008,-0.2918224,17342,-0.29969984
1270,Ge3Ni5,hP6,P63/mmc,,,,,
1271,Ge2Ni3,hP6,P63/mmc,,,,,
1272,NiGe,oP8,Pnma,,mp-1099,-0.30645184,646855,-0.31421743
1273,AlNd3,hP8,P63/mmc,-0.3131,,,,
1274,NbCr2,cF24,Fd-3m,-0.0301,mp-548,-0.03087492,19373,-0.04063231
1275,NbFe2,hP12,P63/mmc,-0.141,mp-568901,-0.12231512,30227,-0.12212013
