formula,pearson symbol,space group,e_form expt,mpid,e_form mp,oqmdid,e_form oqmd
ScAg2,tI6,I4/mmm,-0.2809,mp-1018128,-0.30212525,27633,-0.30750919
ScAg,cP2,Pm-3m,-0.2715,mp-11237,-0.27875396,10665,-0.28691687
Ag51Y14,hP68,P6/m,-0.2301,,,,
YAg,cP2,Pm-3m,-0.2778,mp-2474,-0.33641916,10681,-0.34309354
Ag51La14,hP68,P6/m,-0.2218,,,,
LaAg,cP2,Pm-3m,-0.1752,mp-1948,-0.26173778,10639,-0.26489469
Ag51Ce14,hP68,P6/m,-0.2,,,,
CeAg,cP2,Pm-3m,-0.1399,mp-2756,-0.03966432,10361,-0.24419368
Ag51Pr14,hP68,P6/m,-0.229,,,,
PrAg,cP2,Pm-3m,-0.2529,mp-2525,-0.24710848,10662,-0.25770733
Ag51Nd14,hP68,P6/m,-0.1834,,,,
NdAg,cP2,Pm-3m,-0.2052,mp-1236,-0.25934894,10660,-0.26962121
ZrAg,tP4,P4/nmm,-0.0323,mp-11239,-0.12296924,10690,-0.12506091
Zr2Ag,tI6,I4/mmm,-0.0152,mp-2221,-0.10909721,10691,-0.11036623
HfAg,tP4,P4/nmm,-0.1113,mp-13156,-0.11973231,20652,-0.11913138
Al0.67Ni0.17Y0.16,oC24,Cmcm,-0.5597,,,,
YAl2Ni,oS16,Cmcm,-0.6509,mp-13094,-0.64821439,10532,-0.65212275
Al0.18Ni0.55Y0.27,cI44,Im-3m,-0.5027,,,,
Al0.8Ni0.15Y0.05,,Cmcm,-0.37,,,,
Al0.6Ni0.07Y0.33,cF24,Fd-3m,-0.5877,,,,
YAlNi,hP9,P-62m,-0.5607,mp-13095,-0.59861675,27924,-0.60450311
YAl3Ni2,hP18,P6/mmm,-0.6509,mp-5063,-0.65817815,647439,-0.66654722
Al0.25Ni0.58Y0.17,hP6,P6/mmm,-0.5006,,,,
Al0.15Ni0.68Y0.17,hP6,P6/mmm,-0.4902,,,,
Al0.05Ni0.78Y0.17,hP6,P6/mmm,-0.3746,,,,
Al0.08Ni0.67Y0.25,hP24,P63/mmc,-0.3928,,,,
HfAlNi2,cF16,Fm-3m,-0.6032,mp-5748,-0.63745526,10473,-0.64536214
Al0.82Fe0.09Ni0.09,mP22,P121/c1,-0.2674,,,,
Al0.72Fe0.14Ni0.14,,,-0.3804,,,,
Al0.18Fe0.07Ni0.75,cP4,Pm-3m,-0.2933,,,,
AlFe2Ni,cP2,Pm-3m,-0.2892,,,,
AlFeNi2,cP2,Pm-3m,-0.3171,,,,
Al3Fe3Ni4,cP2,Pm-3m,-0.3545,,,,
Al0.33Fe0.57Ni0.1,cP2,Pm-3m,-0.256,,,,
Al2Fe3Ni,cP2,Pm-3m,-0.3348,,,,
AlFeNi,cP2,Pm-3m,-0.4084,,,,
Al3Fe2Ni4,cP2,Pm-3m,-0.427,,,,
Al2FeNi3,cP2,Pm-3m,-0.4301,,,,
Al0.33Fe0.1Ni0.57,cP2,Pm-3m,-0.454,,,,
Al4Fe5Ni,cP2,Pm-3m,-0.2933,,,,
Al2Fe2Ni,cP2,Pm-3m,-0.3399,,,,
Al4Fe3Ni3,cP2,Pm-3m,-0.3669,,,,
Al2FeNi2,cP2,Pm-3m,-0.4436,,,,
Al4FeNi5,cP2,Pm-3m,-0.5058,,,,
Al5Fe4Ni,cP2,Pm-3m,-0.3089,,,,
Al2FeNi,cP2,Pm-3m,-0.4612,,,,
Al5FeNi4,cP2,Pm-3m,-0.4944,,,,
AlFe2,cP2,Pm-3m,-0.2301,,,,
Al2Fe3,cP2,Pm-3m,-0.2684,,,,
AlFe,cP2,Pm-3m,-0.2747,mp-2658,-0.33204742,54708,-0.33175568
AlNbNi,hP12,P63/mmc,-0.4239,,,,
NbAlNi2,cF16,Fm-3m,-0.4001,mp-4813,-0.42826975,10512,-0.44036077
Al0.27Nb0.33Ni0.4,hP12,P63/mmc,-0.4052,,,,
Al0.4Nb0.33Ni0.2,hP12,P63/mmc,-0.4788,,,,
Al0.2Nb0.04Ni0.76,cP4,Pm-3m,-0.2943,,,,
Al0.45Ni0.45Ru0.1,cP2,Pm-3m,-0.5752,,,,
Al2Ni2Ru,cP2,Pm-3m,-0.5349,,,,
Al5NiRu4,cP2,Pm-3m,-0.6426,,,,
Al5Ni2Ru3,cP2,Pm-3m,-0.6544,,,,
Al5Ni4Ru,cP2,Pm-3m,-0.5794,,,,
Al5Ni3Ru2,cP2,Pm-3m,-0.6374,,,,
Al0.45Ni0.1Ru0.45,cP2,Pm-3m,-0.5816,,,,
Al0.45Ni0.35Ru0.2,cP2,Pm-3m,-0.597,,,,
Al0.45Ni0.2Ru0.35,cP2,Pm-3m,-0.5896,,,,
Al5CoNi4,cP2,Pm-3m,-0.5618,,,,
Al0.5Co0.2Ni0.3,cP2,Pm-3m,-0.548,,,,
Al0.5Co0.3Ni0.2,cP2,Pm-3m,-0.5348,,,,
Al5Co4Ni,cP2,Pm-3m,-0.5304,,,,
AlCo,cP2,Pm-3m,-0.5367,mp-284,-0.60278819,10411,-0.61034217
Al4CoNi5,cP2,Pm-3m,-0.479,,,,
Al2CoNi2,cP2,Pm-3m,-0.4578,,,,
Al4Co3Ni3,cP2,Pm-3m,-0.4382,,,,
Al0.5Co0.05Ni0.45,cP2,Pm-3m,-0.6051,,,,
Al2Co2Ni,cP2,Pm-3m,-0.4353,,,,
Al4Co5Ni,cP2,Pm-3m,-0.4213,,,,
Al2Co3,cP2,Pm-3m,-0.3716,,,,
Al0.55Co0.1Ni0.35,cP2,Pm-3m,-0.6093,,,,
Al0.52Co0.18Ni0.3,cP2,Pm-3m,-0.5539,,,,
Al0.4Co0.05Ni0.55,cP2,Pm-3m,-0.486,,,,
Al0.33Co0.2Ni0.47,cP2,Pm-3m,-0.3758,,,,
Al0.25Co0.05Ni0.7,cp4,Pm-3m,-0.3238,,,,
Al0.71Co0.25Ni0.04,hP28,P63/mmc,-0.4208,,,,
AlCo,cP2,Pm-3m,-0.5535,mp-284,-0.60278819,10411,-0.61034217
AlNi,cP2,Pm-3m,-0.6405,mp-1487,-0.65864811,94913,-0.66944636
Al0.5Cu0.05Ni0.45,cP2,Pm-3m,-0.5815,,,,
Al5CuNi4,cP2,Pm-3m,-0.5675,,,,
Al0.5Cu0.15Ni0.35,cP2,Pm-3m,-0.426,,,,
Al5Cu2Ni3,cP2,Pm-3m,-0.4033,,,,
Al2CuNi,cP2,Pm-3m,-0.3319,,,,
Al5Cu3Ni2,cP2,Pm-3m,-0.3106,,,,
Al2Ni3,cP2,Pm-3m,-0.5317,,,,
Al4CuNi5,cP2,Pm-3m,-0.5068,,,,
Al2CuNi2,cP2,Pm-3m,-0.4315,,,,
Al0.4Cu0.25Ni0.35,cP2,Pm-3m,-0.4059,,,,
Al4Cu3Ni3,cP2,Pm-3m,-0.3888,,,,
Al2Cu2Ni,cP2,Pm-3m,-0.3029,,,,
Al0.4Cu0.45Ni0.15,cP2,Pm-3m,-0.3294,,,,
Al0.55Cu0.15Ni0.3,cP2,Pm-3m,-0.4294,,,,
AlCu8Ni,cF4,Fm-3m,-0.0685,,,,
Al3Cu5Ni2,cP2,Pm-3m,-0.2953,,,,
Al5Ni4Pt,cP2,Pm-3m,-0.7038,,,,
Al5Ni3Pt2,cP2,Pm-3m,-0.7472,,,,
Al0.45Ni0.45Pt0.1,cP2,Pm-3m,-0.6247,,,,
Al0.45Ni0.4Pt0.15,cP2,Pm-3m,-0.6389,,,,
Al0.5Ni0.45Pt0.05,cP2,Pm-3m,-0.6296,,,,
Al0.55Ni0.4Pt0.05,cP2,Pm-3m,-0.6321,,,,
Al6Ni3Pt,hP5,P-3m1,-0.6692,,,,
Al3NiPt,hP5,P-3m1,-0.8191,,,,
Al6NiPt3,hP5,P-3m1,-0.9105,,,,
Al0.27Ni0.63Pt0.1,cP2,Pm-3m,-0.5166,,,,
Al0.27Ni0.68Pt0.05,cP2,Pm-3m,-0.4337,,,,
Al0.05Ni0.9Pt0.05,cF4,Fm-3m,-0.1538,,,,
Al0.9Ni0.05Pt0.05,cF4,Fm-3m,-0.1919,,,,
Al5Ni4Pd,cP2,Pm-3m,-0.6777,,,,
Al5Ni3Pd2,cP2,Pm-3m,-0.7476,,,,
Al5Ni2Pd3,cP2,Pm-3m,-0.808,,,,
Al5NiPd4,cP2,Pm-3m,-0.9033,,,,
AlPd,cP2,Pm-3m,-0.9457,mp-829,-0.8822333,10550,-0.87597428
Al4Ni5Pd,cP2,Pm-3m,-0.5922,,,,
Al2Ni2Pd,cP2,Pm-3m,-0.6382,,,,
Al4Ni3Pd3,cP2,Pm-3m,-0.7154,,,,
Al2NiPd2,cP2,Pm-3m,-0.7781,,,,
Al0.54Ni0.46,cP2,Pm-3m,-0.6177,,,,
Al0.45Ni0.5Ti0.05,cP2,Pm-3m,-0.6156,,,,
Al4Ni5Ti,cP2,Pm-3m,-0.6229,,,,
Al0.45Ni0.55,cP2,Pm-3m,-0.6053,,,,
Al0.4Ni0.55Ti0.05,cP2,Pm-3m,-0.5882,,,,
Al0.5Ni0.42Ti0.08,cP2,Pm-3m,-0.5721,,,,
Al3Ni5Ti2,cF16,Fm-3m,-0.5599,,,,
TiAlNi2,cF16,Fm-3m,-0.5783,mp-7187,-0.62052541,21081,-0.64117697
Al2Ni5Ti3,cF16,Fm-3m,-0.569,,,,
Al0.05Ni0.5Ti0.45,cP2,Pm-3m,-0.4218,,,,
Al5Ni2Ti3,cF144,Fm-3m,-0.4995,,,,
Al0.21Ni0.74Ti0.05,cP4,Pm-3m,-0.2545,,,,
Al0.16Ni0.74Ti0.1,cP4,Pm-3m,-0.3341,,,,
Al0.11Ni0.74Ti0.15,cP4,Pm-3m,-0.4102,,,,
TiAl2Ni,cF144,Fm-3m,-0.5,,,509949,-0.33701128
Al0.05Ni0.75Ti0.2,hP16,P63/mmc,-0.3616,,,,
Al5IrNi4,cP2,Pm-3m,-0.6227,,,,
Al5Ir2Ni3,cP2,Pm-3m,-0.6825,,,,
Al5Ir4Ni,cP2,Pm-3m,-0.8476,,,,
AlIr,cP2,Pm-3m,-0.8875,mp-1885,-0.9453517,10480,-0.94632008
AlIr,cP2,Pm-3m,-0.9618,mp-1885,-0.9453517,10480,-0.94632008
Al4IrNi5,cP2,Pm-3m,-0.5559,,,,
Al2IrNi2,cP2,Pm-3m,-0.6187,,,,
Al4Ir3Ni3,cP2,Pm-3m,-0.6869,,,,
Al2Ir2Ni,cP2,Pm-3m,-0.7747,,,,
ScAu,cP2,Pm-3m,-0.7887,mp-11256,-0.80003426,10797,-0.8037018
YAu,cP2,Pm-3m,-0.8157,mp-11261,-0.8561513,10822,-0.86178639
LaAu,oP8,Pnma,-0.7245,,,28181,-0.82187696
Au51Ce14,hP68,P6/m,-0.513,,,,
Au2Ce,oI12,Imma,-0.5959,,,,
CeAu,oP8,Pnma,-0.6509,,,28133,-0.78051986
Au51Pr14,hP68,P6/m,-0.569,,,,
PrAu2,oI12,Imma,-0.6654,mp-30415,-0.76024071,10795,-0.76304137
PrAu,oP8,Pnma,-0.7483,,,28204,-0.79399349
Au51Nd14,hP68,P6/m,-0.511,,,,
Au2Nd,tP106,P4/nmm,-0.7224,,,,
NdAu,oP8,Pnma,-0.7276,,,28192,-0.8085836
TiAu2,tI6,I4/mmm,-0.476,mp-1018123,-0.42368917,10816,-0.43286958
TiAu,tP4,P4/nmm,-0.4581,mp-998972,-0.42630756,28225,-0.44766886
Ti3Au,cP8,Pm-3n,-0.3253,mp-1786,-0.3503004,10815,-0.40897919
ZrAu3,oP8,Pmmn,-0.5328,,,28234,-0.49745752
ZrAu2,tI6,I4/mmm,-0.6322,mp-1018103,-0.57450582,28235,-0.57476874
Au4Zr5,mP32,P12/m1,-0.4887,,,,
Zr3Au,cP8,Pm-3n,-0.3117,mp-11263,-0.34064662,10833,-0.344695
HfAu3,oP8,Pmmn,-0.5676,,,28169,-0.47940044
HfAu2,tI6,I4/mmm,-0.6424,mp-1018153,-0.55926991,28170,-0.56096042
HfAu,tP4,P4/nmm,-0.5911,mp-1007755,-0.53970088,28171,-0.54374941
Hf2Au,tI6,I4/mmm,-0.4224,mp-30383,-0.44170843,10733,-0.43916889
Au4V,,,-0.1015,,,,
Au2V,,,-0.1075,,,,
AuV4,,,-0.1009,,,,
Au2Nb,,,-0.1385,,,,
Au2Ta3,,,-0.2131,,,,
CeNi,oS8,Cmcm,-0.314,mp-21188,-0.31832568,19828,-0.2680098
CeNi5,hP6,P6/mmm,-0.2912,mp-1910,-0.34174988,,
CeRu2,cF24,Fd-3m,-0.2892,mp-607,-0.28556185,31172,-0.03192737
CeRh2,cF24,Fd-3m,-0.6892,mp-951,-0.72223566,18272,-0.60159683
CeRh3,cP4,Pm-3m,-0.5721,mp-1518,-0.65070242,29167,-0.22961403
Ce5Rh4,oP36,Pnma,-0.7307,mp-680602,-0.6354722,27547,-0.56776512
CePd,oS8,Cmcm,-0.8115,mp-1018086,-0.67666873,29155,-0.76634775
CePd3,cP4,Pm-3m,-0.7566,mp-2092,-0.84301504,18665,-0.72610748
CeIr2,cF24,Fd-3m,-0.7649,mp-582,-0.77569556,29113,-0.62518661
CePt,oS8,Cmcm,-1.0758,mp-21245,-1.09083658,18268,-1.0789242
CePt2,cF24,Fd-3m,-0.939,mp-2109,-1.01138152,18795,-0.99678888
CeCu6,oP28,Pnma,-0.2166,mp-21708,-0.11954031,19222,-0.11315403
CeCu6,oP28,Pnma,-0.1047,mp-21708,-0.11954031,19222,-0.11315403
CeCu2,oI12,Imma,-0.2197,mp-2801,-0.15003585,29059,-0.17359366
CeCu2,oI12,Imma,-0.1534,mp-2801,-0.15003585,29059,-0.17359366
TiCo,cP2,Pm-3m,-0.428,mp-823,-0.39000135,18811,-0.4096884
ZrCo2,cF24,Fd-3m,-0.371,mp-929,-0.30849371,31202,-0.32129482
ZrCo,cP2,Pm-3m,-0.371,mp-2283,-0.28187688,29537,-0.28789901
Zr2Co,tI12,I4/mcm,-0.2736,mp-628,-0.25113077,29534,-0.26078137
HfCo2,cF24,Fd-3m,-0.4084,mp-2337,-0.36745692,29360,-0.38035091
HfCo,cP2,Pm-3m,-0.4923,mp-2027,-0.39554595,88389,-0.39532442
HfCo,cP2,Pm-3m,-0.4436,mp-2027,-0.39554595,88389,-0.39532442
Cu4Sc,,,-0.1451,,,,
ScCu2,tI6,I4/mmm,-0.18,mp-1018149,-0.25442908,29783,-0.25688792
ScCu,cP2,Pm-3m,-0.2161,mp-1169,-0.27157447,88926,-0.27835424
Cu4Y,hP6,P6/mmm,-0.1662,,,,
YCu2,oI12,Imma,-0.2021,mp-2698,-0.25999506,22909,-0.263491
YCu,cP2,Pm-3m,-0.2004,mp-712,-0.23550464,88957,-0.2439541
LaCu6,oP28,Pnma,-0.1027,mp-636256,-0.12873991,29713,-0.13245614
LaCu2,hP3,P6/mmm,-0.1675,mp-2051,-0.21782207,29715,-0.22225439
PrCu6,oP28,Pnma,-0.1171,mp-30698,-0.12151383,29754,-0.1256437
Cu2Pr,oI12,Imma,-0.1503,,,,
Cu6Nd,oP28,Pnma,-0.1378,,,,
NdCu2,oI12,Imma,-0.1752,mp-11852,-0.20811317,18310,-0.20554552
CuTi,,,-0.0996,,,,
Cu3Zr,,,-0.1458,,,,
Cu3Zr2,,,-0.1276,,,,
CuZr,,,-0.0938,,,,
CuZr2,,,-0.1135,,,,
Cu4Hf,,,-0.1415,,,,
Cu3Hf2,,,-0.131,,,,
CuHf2,,,-0.1578,,,,
DyNi,oP8,Pnma,-0.3648,mp-2738,-0.45827261,89117,-0.46149673
DyNi5,hP6,P6/mmm,-0.284,mp-1179,-0.33433602,29892,-0.3363989
DyRu2,hP12,P63/mmc,-0.2829,,,,
DyRh,cP2,Pm-3m,-0.7929,mp-232,-0.89557702,89140,-0.87351625
DyRh2,cF24,Fd-3m,-0.6457,mp-1388,-0.75729068,29923,-0.75177647
Dy7Rh3,,,-0.5887,,,,
DyPd,,,-0.8633,,,,
Dy4Pd5,,,-0.8975,,,,
DyPd3,,,-0.7898,,,,
DyIr2,cF24,Fd-3m,-0.7245,mp-1358,-0.81256708,29881,-0.81551265
DyPt,oP8,Pnma,-1.1338,,,29915,-1.28752687
DyPt2,,,-1.0167,,,,
DyPt3,,,-0.8582,,,,
ErNi,oP8,Pnma,-0.4363,mp-567314,-0.48549384,30015,-0.49334426
ErNi5,hP6,P6/mmm,-0.3026,mp-853,-0.33986862,9962,-0.34341508
ErRu2,hP12,P63/mmc,-0.2715,mp-569220,-0.36478196,19323,-0.3528259
ErRh,cP2,Pm-3m,-0.9058,mp-2381,-0.9528684,30040,-0.93567722
ErRh2,cF24,Fd-3m,-0.7234,mp-1762,-0.76770201,30042,-0.7658654
ErPd,cP2,Pm-3m,-0.9442,mp-851,-0.93696182,89074,-0.93152616
Er3Pd4,hR42,R-3,-0.9805,,,30026,-0.96967227
ErPd3,cP4,Pm-3m,-0.9349,mp-2825,-0.91946738,18320,-0.9140862
ErIr2,cF24,Fd-3m,-0.7866,mp-1495,-0.82361226,29997,-0.82946363
ErPt,oP8,Pnma,-1.2302,,,30033,-1.31429651
ErPt2,cF24,Fd-3m,-1.1173,mp-480,-1.11267266,30034,-1.1099039
ErPt3,cP4,Pm-3m,-0.9701,mp-1913,-1.0588538,30031,-1.05419548
ErIr,cP2,Pm-3m,-0.8592,mp-2713,-0.90571141,30000,-0.88723354
GdNi,oS8,Cmcm,-0.3099,mp-542632,-0.39817732,31223,-0.4264578
GdNi5,hP6,P6/mmm,-0.285,mp-21305,-0.31645859,18493,-0.32547128
GdRu2,hP12,P63/mmc,-0.2249,,,19322,-0.27254295
GdRh,cP2,Pm-3m,-0.7504,mp-1742,-0.79845049,89749,-0.80485092
GdRh2,cF24,Fd-3m,-0.6778,mp-20084,-0.72410801,18849,-0.73098246
GdPd,oS8,Cmcm,-0.8561,mp-11427,-0.87615604,30400,-0.90098728
Gd3Pd4,,,-0.9172,,,,
GdPd3,cP4,Pm-3m,-0.826,mp-21427,-0.85188089,18693,-0.86843066
GdIr2,cF24,Fd-3m,-0.71,,,30381,-0.79258353
GdPt,oP8,Pnma,-1.1328,mp-11428,-1.22332553,30403,-1.25292099
GdPt2,cF24,Fd-3m,-1.0364,mp-1422,-1.09387375,19392,-1.09629062
Hf2Ni7,mS36,C12/m1,-0.4571,,,,
HfNi,oS8,Cmcm,-0.6146,mp-1018056,-0.51942899,30515,-0.51903074
HfNi,,,-0.5006,,,,
HfNi3,hP40,P63/mmc,-0.4954,mp-12174,-0.53959734,,
HfPt,oS8,Cmcm,-1.1784,mp-1007691,-1.1551287,30519,-1.15022438
HfPd3,hP16,P63/mmc,-0.9183,mp-11453,-0.88831847,17381,-0.88228811
HfPd3,,,-0.9172,,,,
HfPd,,,-0.7203,,,,
HfPd,cP2,Pm-3m,-0.6986,mp-1002106,-0.62011466,307534,-0.62936267
HfRh,cP2,Pm-3m,-0.9929,mp-11457,-0.84404262,17386,-0.86225973
HfIr,,Pmma,-1.0022,mp-1018055,-0.9168302,,
HoNi,oP8,Pnma,-0.4322,mp-11871,-0.47223961,18379,-0.47578984
HoNi5,hP6,P6/mmm,-0.3099,mp-1553,-0.33706329,,
HoRu2,hP12,P63/mmc,-0.2778,,,,
HoRh,cP2,Pm-3m,-0.9038,mp-2163,-0.92349809,89924,-0.90454717
HoRh2,cF24,Fd-3m,-0.7296,mp-546,-0.762437,17475,-0.75878765
Ho3Rh2,tI140,I4/mcm,-0.7607,,,,
HoPd,oP8,Pnma,-0.9483,,,30553,-0.93871055
Ho3Pd4,,,-0.9763,,,,
HoPd3,cP4,Pm-3m,-0.9058,mp-1979,-0.91014537,17468,-0.90423583
HoIr2,cF24,Fd-3m,-0.7711,mp-928,-0.81827398,17458,-0.82305063
HoPt,oP8,Pnma,-1.2624,,,30556,-1.30171123
HoPt2,cF24,Fd-3m,-1.1048,mp-2579,-1.11254222,17471,-1.10920807
HoPt3,cP4,Pm-3m,-0.9877,mp-195,-1.04221636,17472,-1.03721597
HoIr,cP2,Pm-3m,-0.8364,mp-11476,-0.87271706,17457,-0.85305838
LaIr2,cF24,Fd-3m,-0.6519,mp-1463,-0.72561905,17488,-0.72714162
LaIr3,hR36,R-3m,-0.5151,,,30613,-0.5348565
PrIr2,cF24,Fd-3m,-0.7328,mp-946,-0.66232216,17509,-0.66759489
TbIr2,cF24,Fd-3m,-0.7317,mp-2725,-0.80297357,17519,-0.58630438
LuIr,cP2,Pm-3m,-0.8861,mp-1529,-0.9940064,17492,-0.97229331
LuIr2,cF24,Fd-3m,-0.7359,mp-1761,-0.8276612,17493,-0.83185282
YIr,cP2,Pm-3m,-0.683,mp-30746,-0.80468492,17536,-0.78488145
YIr2,cF24,Fd-3m,-0.6156,mp-2762,-0.79612315,17537,-0.80149427
ZrIr,cP2,Pm-3m,-0.8882,mp-11484,-0.7304602,17541,-0.76682189
TiIr,cP2,Pm-3m,-0.8737,mp-12594,-0.74761197,116945,-0.78383948
La3Ni,oP16,Pnma,-0.1358,,,668142,-0.19038848
LaNi,oS8,Cmcm,-0.257,,,30648,-0.33702567
LaNi5,hP6,P6/mmm,-0.2726,mp-2317,-0.28580203,17564,-0.28991384
LaRu2,cF24,Fd-3m,-0.1068,mp-2019,-0.13222134,17577,-0.11503042
LaRh,oS8,Cmcm,-0.5835,mp-1002107,-0.75047637,31221,-0.7408583
LaRh2,cF24,Fd-3m,-0.5959,mp-1702,-0.70925247,17575,-0.70088488
LaPd,oS8,Cmcm,-0.7898,mp-1002115,-0.83987198,30656,-0.83094462
LaPd3,cP4,Pm-3m,-0.7991,mp-674,-0.8155392,17569,-0.81537576
LaOs2,hP12,P63/mmc,-0.0933,,,,
LaPt2,cF24,Fd-3m,-0.9328,mp-912,-1.08864628,17572,-1.08129716
LaPt,oS8,Cmcm,-0.9545,mp-1002104,-1.19302803,30659,-1.1873856
LaPt,oS8,Cmcm,-1.0333,mp-1002104,-1.19302803,30659,-1.1873856
LuNi,oP8,Pnma,-0.4902,,,30692,-0.52931072
LuNi5,hP6,P6/mmm,-0.3109,mp-11491,-0.34297382,17615,-0.34533348
LuRh2,cF24,Fd-3m,-0.7058,mp-1728,-0.77552117,17626,-0.77269213
Lu3Rh2,,,-0.6084,,,,
LuPd,cP2,Pm-3m,-0.9442,mp-2205,-0.9775014,17621,-0.97183242
LuPd,cP2,Pm-3m,-0.9846,mp-2205,-0.9775014,17621,-0.97183242
LuPd3,cP4,Pm-3m,-0.9193,mp-1158,-0.93985103,17622,-0.9350624
LuPt,oP8,Pnma,-0.939,,,30701,-1.3408569
LuPt,oP8,Pnma,-1.2271,,,30701,-1.3408569
LuPt3,cP4,Pm-3m,-0.9245,mp-790,-1.09541409,17624,-1.09078775
LuPt3,,,-1.0717,,,,
Lu3Pd4,,,-1.0198,,,,
NbPt3,mP16,P121/m1,-0.483,mp-12700,-0.65285668,647400,-0.65412165
NdNi,oS8,Cmcm,-0.2591,mp-999339,-0.31759139,30796,-0.32541812
NdNi5,hP6,P6/mmm,-0.2715,mp-1824,-0.27940392,,
NdRu2,cF24,Fd-3m,-0.1948,mp-1781,-0.1392589,17774,-0.1218511
Nd5Ru2,mS28,C12/c1,-0.1783,,,,
NdRh,oS8,Cmcm,-0.6654,mp-999335,-0.68586954,30810,-0.67523078
NdRh2,cF24,Fd-3m,-0.6208,mp-2290,-0.66563857,17771,-0.6576357
NdRh3,hP24,P63/mmc,-0.4602,mp-864699,-0.50838989,30811,-0.50505822
Nd5Rh4,oP36,Pnma,-0.6208,,,,
NdPd,oS8,Cmcm,-0.8001,mp-999336,-0.81837344,30805,-0.81555618
NdPd3,cP4,Pm-3m,-0.7597,mp-2333,-0.78640393,17765,-0.78414478
NdIr2,cF24,Fd-3m,-0.7006,mp-890,-0.69447488,17503,-0.69973281
Nd5Ir3,tP32,P4/ncc,-0.6187,mp-30522,-0.616531,,
NdPt,oP8,Pnma,-1.082,,,30808,-1.14886368
NdPt2,cF24,Fd-3m,-1.0147,mp-2720,-1.04798648,17768,-1.0439796
NdPt5,hP6,P6/mmm,-0.57,mp-2359,-0.70115448,17770,-0.70350947
NiPt,cF4,Fm-3m,-0.0406,,,,
TiNi,cP2,Pm-3m,-0.3749,mp-571,-0.34371282,116608,-0.3780194
PrNi,oS8,Cmcm,-0.2912,mp-11799,-0.29216889,30838,-0.29994979
PrNi5,hP6,P6/mmm,-0.2653,mp-2370,-0.26405656,17787,-0.26530056
SmNi,oS8,Cmcm,-0.3773,mp-999145,-0.36764828,30859,-0.37422219
SmNi5,hP6,P6/mmm,-0.284,mp-1075,-0.30177932,17806,-0.30369402
TbNi,mP24,P121/m1,-0.3814,mp-31139,-0.44018856,17831,-0.11587876
TbNi5,hP6,P6/mmm,-0.284,mp-30808,-0.32187828,17834,-0.22247785
TmNi,oP8,Pnma,-0.4809,mp-11525,-0.50330897,17842,-0.50868034
TmNi5,hP6,P6/mmm,-0.3016,mp-11526,-0.3424406,17844,-0.34492088
TiNi3,hP16,P63/mmc,-0.4374,mp-1409,-0.48423085,5776,-0.49490854
TiNi,cP2,Pm-3m,-0.3431,mp-571,-0.34371282,116608,-0.3780194
Ni7Zr2,mS36,C12/m1,-0.4208,mp-2717,-0.42918024,2288,-0.43017345
ZrNi,oS8,Cmcm,-0.5234,mp-556,-0.45603911,17864,-0.45579793
Zr2Ni,tI12,I4/mcm,-0.3234,mp-328,-0.32276983,103369,-0.32468612
VNi3,tI8,I4/mmm,-0.2249,mp-171,-0.24632097,17850,-0.23769544
TaNi3,mP16,P121/m1,-0.2114,mp-569776,-0.36122189,647410,-0.36419278
YOs2,hP12,P63/mmc,-0.257,mp-570670,-0.30890026,19318,-0.30353374
OsTi,cP2,Pm-3m,-0.71,mp-291,-0.71361444,90586,-0.73613297
PrPd,oS8,Cmcm,-0.8167,mp-999291,-0.79545696,31204,-0.79253344
Pd2Pr,,,-0.8571,,,,
SmPd,oS8,Cmcm,-0.854,mp-31380,-0.8606244,18690,-0.85599954
Pd4Sm3,hR42,R-3,-0.9038,,,,
Pd3Sm,,,-0.8592,,,,
TbPd,oS8,Cmcm,-0.883,mp-999124,-0.92341571,30947,-0.58771042
Pd4Tb3,,,-0.8861,,,,
Pd3Tb,,,-0.8167,,,,
TmPd,cP2,Pm-3m,-0.9597,mp-348,-0.95361712,17980,-0.9479927
TmPd3,cP4,Pm-3m,-0.8996,mp-982,-0.9290976,17981,-0.92451966
YPd,oS8,Cmcm,-0.9836,,,21469,-0.91325416
Pd4Y3,hR42,R-3,-0.9618,,,,
YPd3,cP4,Pm-3m,-0.8188,mp-559,-0.86590274,17986,-0.85931583
TiPd3,hP16,P63/mmc,-0.6737,,,21293,-0.64955897
TaPd3,tI18,I4/mmm,-0.3741,mp-30836,-0.49012818,17964,-0.48488672
UPd3,hP16,P63/mmc,-0.7638,mp-30841,-0.53641653,17982,-0.5302551
UPd3,hP16,P63/mmc,-0.741,mp-30841,-0.53641653,17982,-0.5302551
TiPd,cP2,Pm-3m,-0.5348,mp-11546,-0.47762927,17970,-0.48671641
TiPd,oP4,Pmma,-0.5524,mp-980094,-0.54879321,,
Pd3Zr,,,-0.8747,,,,
ZrPd,mS16,Cmcm,-0.6353,mp-13495,-0.65376425,9971,-0.64896546
ZrPd,mS16,Cmcm,-0.6851,mp-13495,-0.65376425,9971,-0.64896546
PrRu2,cF24,Fd-3m,-0.1752,mp-2665,-0.1002159,18889,-0.08165385
PrRh2,cF24,Fd-3m,-0.626,mp-2529,-0.64200098,18888,-0.63329281
PrPt,oP8,Pnma,-1.0717,,,30953,-1.11835627
PrPt2,cF24,Fd-3m,-0.9691,mp-1061,-1.02865162,18883,-1.02437444
SmPt,oP8,Pnma,-1.1266,,,30979,-1.19778358
SmPt2,cF24,Fd-3m,-1.0385,mp-1127,-1.0750635,17999,-1.07204855
TbPt,oP8,Pnma,-1.1991,,,670146,-0.94239172
TbPt2,cF24,Fd-3m,-1.0022,mp-1697,-1.10877126,18011,-0.88454865
Pt3Tb,,,-0.8872,,,,
PtTm,oP8,Pnma,-1.2541,,,,
TmPt2,cF24,Fd-3m,-1.1649,mp-571271,-1.11064205,18020,-1.10883487
Pt3Tm,,,-0.9442,,,,
YPt,oP8,Pnma,-1.0779,,,30992,-1.26036657
YPt3,cP4,Pm-3m,-0.9007,mp-2403,-0.98465417,18031,-0.98113343
VPt3,tI8,I4/mmm,-0.284,mp-2705,-0.45914973,18028,-0.44208346
VPt2,oI6,Immm,-0.3856,mp-12108,-0.55702017,30989,-0.53721562
TiPt,cP2,Pm-3m,-0.826,mp-11552,-0.79131172,18015,-0.79979012
TiPt,oP4,Pmma,-0.94,mp-998949,-0.9285324,,
ZrPt,oS8,Cmcm,-0.995,,,30995,-1.08603694
ZrPt,oS8,Cmcm,-1.0789,,,30995,-1.08603694
SmRh2,cF24,Fd-3m,-0.6789,mp-840,-0.70122295,18058,-0.69424156
Rh3Sm4,,,-0.6892,,,,
TbRh,cP2,Pm-3m,-0.7493,mp-11561,-0.86392462,18067,-0.51145901
TbRh2,cF24,Fd-3m,-0.6675,mp-1310,-0.74930235,18068,-0.52306842
TmRh,cP2,Pm-3m,-0.9214,mp-11564,-0.98561536,18076,-0.96668025
TmRh2,cF24,Fd-3m,-0.7566,mp-30865,-0.77274405,18077,-0.77044224
YRh,cP2,Pm-3m,-0.7887,mp-191,-0.85827792,18083,-0.84222032
YRh2,cF24,Fd-3m,-0.6778,mp-921,-0.74091214,18084,-0.73874162
ZrRh,cP2,Pm-3m,-0.7866,mp-2808,-0.73091778,90794,-0.75268252
RhZr,,,-0.8188,,,,
URh3,cP4,Pm-3m,-0.7224,mp-1150,-0.66664515,18078,-0.67258111
TiRh,cP2,Pm-3m,-0.741,mp-11563,-0.71770692,18073,-0.74982654
TiRh,mP4,P12/m1,-0.7711,,,755406,-0.76142264
Ru2Tb,hP12,P63/mmc,-0.2446,,,,
Ru2Tb5,,,-0.3099,,,,
Ru2.Y5,mS28,C12/c1,-0.2829,,,,
ZrRu,cP2,Pm-3m,-0.712,mp-214,-0.66012382,116234,-0.64287548
TiRu,cP2,Pm-3m,-0.798,mp-592,-0.7733,94574,-0.78846466
URu3,cP4,Pm-3m,-0.3213,mp-1263,-0.32529303,18098,-0.32385064
HfRu,cP2,Pm-3m,-0.9514,mp-2802,-0.8331391,17389,-0.81247741
Fe2Sc,hP12,P63/mmc,-0.1161,,,,
ScCo2,cF24,Fd-3m,-0.3368,mp-253,-0.35023303,19393,-0.36189395
Sc2Co,tI12,I4/mcm,-0.2767,mp-30562,-0.26004219,17119,-0.26502967
ScNi,cP2,Pm-3m,-0.4633,mp-11521,-0.50720254,17795,-0.51584033
ScNi2,cF24,Fd-3m,-0.4457,mp-850,-0.52315748,17796,-0.52449873
ScRu,cP2,Pm-3m,-0.4612,mp-30867,-0.54169358,18090,-0.53324862
ScRh,cP2,Pm-3m,-0.9794,mp-1780,-1.0415801,18054,-1.02687326
ScIr,cP2,Pm-3m,-0.9297,mp-1129,-1.05110554,17512,-1.03014618
ScRh3,cP4,Pm-3m,-0.5358,mp-635,-0.61301078,18055,-0.61530617
ScPd,cP2,Pm-3m,-0.9255,mp-2781,-0.90841484,17944,-0.90740356
ScIr2,cF24,Fd-3m,-0.6871,mp-2263,-0.74323264,17513,-0.7488888
ScPt,cP2,Pm-3m,-1.0862,mp-892,-1.22008164,17995,-1.22878817
ScPt3,cP4,Pm-3m,-0.9805,mp-481,-1.05328318,17997,-1.04670448
Tm4Pd5,,,-0.9639,,,,
AlB12,tP216,P41212,-0.1182,,,,
AlMn4,cP20,P4132,-0.1565,,,,
AlMo3,cP8,Pm-3n,-0.2311,mp-259,-0.22816317,10507,-0.23531136
Nb3Al,cP8,Pm-3n,-0.142,mp-796,-0.15861377,18709,-0.18075574
AlPt3,,,-0.6592,,,,
AlPd2,oP12,Pnma,-0.9048,mp-2824,-0.83438478,10552,-0.82853899
AlRe2,tI6,I4/mmm,-0.3068,mp-10909,-0.26518005,10574,-0.25623593
Ta2Al,tP30,P42/mnm,-0.2062,mp-639874,-0.06988478,658981,-0.25063347
Al2Mn3,hP2,P63/mmc,-0.2425,,,,
Y3Al2,tP20,P42/mnm,-0.4146,mp-16723,-0.35436314,,
AlFe,cP2,Pm-3m,-0.2436,mp-2658,-0.33204742,54708,-0.33175568
HfAl,oS8,Cmcm,-0.4135,mp-249,-0.40458448,18706,-0.40186183
AlNi,cP2,Pm-3m,-0.6042,mp-1487,-0.65864811,94913,-0.66944636
AlPt,cP8,P213,-1.0385,mp-10904,-1.04806983,10562,-1.0482982
AlPt,cP8,P213,-1.0116,mp-10904,-1.04806983,10562,-1.0482982
AlRh,cP2,Pm-3m,-1.1017,mp-364,-1.09471293,10576,-1.09711632
AlRu,cP2,Pm-3m,-0.6436,mp-542569,-0.6935834,18193,-0.66275832
ScAl,cP2,Pm-3m,-0.426,mp-331,-0.45145086,10539,-0.44950931
Al4C3,hR21,R-3m,-0.1897,mp-1591,-0.09141716,,
Al3Pt2,hP5,P-3m1,-1.0001,mp-10905,-0.99776218,10565,-1.0001106
Al8Cr5,tI6,I4/mmm,-0.1752,,,,
Al8V5,cI52,I-43m,-0.3524,,,,
ScAl1.78,cF24,Fd-3m,-0.4944,,,,
HfAl2,hP12,P63/mmc,-0.454,mp-12657,-0.44346682,19094,-0.44402344
LaAl2,cF24,Fd-3m,-0.5172,mp-2694,-0.49784908,10483,-0.49709903
LuAl2,cF24,Fd-3m,-0.5452,mp-1234,-0.48386232,10492,-0.48440793
Al2Os,tI6,I4/mmm,-0.4654,mp-7188,-0.56370358,10545,-0.5618871
YAl2,cF24,Fd-3m,-0.5224,mp-2322,-0.5314414,10612,-0.53390158
ZrAl2,hP12,P63/mmc,-0.54,mp-2772,-0.53810863,9987,-0.54013952
Al8Mo3,mS22,C12/m1,-0.342,,,,
Al11Re4,aP15,P-1,-0.3576,,,,
ZrAl3,tI16,I4/mmm,-0.5016,mp-395,-0.48454051,18198,-0.48795685
HfAl3,tI16,I4/mmm,-0.4208,mp-568718,-0.39534417,19074,-0.39629425
NbAl3,tI8,I4/mmm,-0.4198,mp-1842,-0.42336587,18710,-0.43058276
TaAl3,tI8,I4/mmm,-0.3099,mp-869,-0.31732438,644858,-0.31961342
TiAl3,tI8,I4/mmm,-0.3793,mp-542915,-0.39576492,18722,-0.41231514
Al3V,tI8,I4/mmm,-0.2881,mp-2554,-0.2886842,10604,-0.28231944
Al11La3,oI28,Immm,-0.3887,,,,
Al4W,mS30,C1m1,-0.1461,mp-30336,-0.15354977,10605,-0.15547335
Co2B,tI12,I4/mcm,-0.2011,mp-493,-0.24053737,5855,-0.20127126
Fe2B,tI12,I4/mcm,-0.2342,mp-1915,-0.31252032,7798,-0.31235674
Mn2B,tI12,I4/mcm,-0.3285,mp-20318,-0.39763521,67949,-0.39815569
Ni2B,tI12,I4/mcm,-0.2342,mp-2536,-0.28994333,7800,-0.29406372
BPt2,hP6,P63/mmc,-0.2073,,,,
CoB,oP8,Pnma,-0.3607,mp-20857,-0.40155458,5858,-0.41008351
FeB,oP8,Pnma,-0.3348,mp-20787,-0.37298173,5857,-0.37596999
MnB,oP8,Pnma,-0.371,mp-8365,-0.49912716,13802,-0.49958023
BMo,,,-0.2975,,,,
NiB,oS8,Cmcm,-0.2083,mp-14019,-0.2414927,5171,-0.24335188
NiB,oS8,Cmcm,-0.2145,mp-14019,-0.2414927,5171,-0.24335188
RhB1.1,hP4,P63/mmc,-0.3679,mp-567164,-0.38261772,,
RuB1.1,hP4,P63/mmc,-0.2301,,,,
B4Ir3,mS28,C12/c1,-0.2166,,,,
CrB2,hP3,P6/mmm,-0.4125,mp-374,-0.34044859,5847,-0.3372479
DyB2,hP3,P6/mmm,-0.313,mp-2057,-0.56534511,8332,-0.5618701
ErB2,hP3,P6/mmm,-0.2829,mp-1774,-0.62338387,647372,-0.62242526
HoB2,hP3,P6/mmm,-0.2892,mp-2267,-0.5948309,8366,-0.59305299
LuB2,hP3,P6/mmm,-0.3089,mp-11219,-0.69191694,115218,-0.68902248
MnB2,hP3,P6/mmm,-0.2187,mp-585,-0.28357077,8179,-0.2887995
NbB2,hP3,P6/mmm,-0.625,mp-450,-0.69347592,5806,-0.69505215
ReB2,hP6,P63/mmc,-0.2228,mp-1773,-0.42981648,4449,-0.42013953
ScB2,hP3,P6/mmm,-1.0603,mp-2252,-0.84106919,8428,-0.83846984
TaB2,hP3,P6/mmm,-0.5524,mp-1108,-0.652593,5807,-0.64900102
TbB2,hP3,P6/mmm,-0.3545,mp-965,-0.53102592,8471,-0.30809373
TiB2,hP3,P6/mmm,-1.1349,mp-1145,-1.05740636,5808,-1.06683324
TmB2,hP3,P6/mmm,-0.3171,mp-800,-0.65282273,8473,-0.65122261
VB2,hP3,P6/mmm,-0.7328,mp-1491,-0.74284597,109274,-0.73208942
YB2,hP3,P6/mmm,-0.37,mp-1542,-0.56479997,8475,-0.56358483
B5Gd2,mP28,P121/c1,-0.4467,,,,
B5Nd2,,,-0.4032,,,,
B5Os2,hP6,P63/mmc,-0.1182,,,,
B5Pd2,mS28,C12/c1,-0.2653,,,,
B5W2,hP12,P63/mmc,-0.1814,,,,
CeB4,tP20,P4/mbm,-0.5545,mp-1974,-0.62698238,4683,-0.51932182
LaB4,tP20,P4/mbm,-0.5255,mp-7283,-0.57170034,2155,-0.56834399
NdB4,tP20,P4/mbm,-0.5524,mp-1632,-0.5648665,19849,-0.56388366
PrB4,tP20,P4/mbm,-0.5503,mp-12569,-0.54672396,18748,-0.54576316
YB4,tP20,P4/mbm,-0.5421,mp-637,-0.59063889,5124,-0.58949615
LaB6,cP7,Pm-3m,-0.5928,mp-2680,-0.56401877,,
PrB6,cP7,Pm-3m,-0.5317,mp-12762,-0.48410568,,
C2Mn5,mS28,C12/c1,-0.0922,,,,
C2Mn5,mS28,C12/c1,-0.1036,,,,
C3Cr7,hP80,P63mc,-0.1461,,,,
C3Mn7,hP80,P63mc,-0.0943,,,,
Mo2C,oP16,Pbcn,-0.1202,mp-1552,-0.10295956,8050,-0.11555772
CSc2,cF48,Fd-3m,-0.4716,,,,
Y2C,hR9,R-3m,-0.3296,mp-1334,-0.29194155,4155,-0.29775347
C3V4,hP8,P63mc,-0.4177,,,,
TiC,cF8,Fm-3m,-0.9628,mp-631,-0.80734115,1949,-0.80412494
CeC2,tI6,I4/mmm,-0.2633,mp-2839,-0.1554227,13373,-0.08301998
DyC2,tI6,I4/mmm,-0.2964,mp-541840,-0.19310779,7901,-0.19727318
ErC2,tI6,I4/mmm,-0.2985,mp-1579,-0.19368365,4391,-0.20063332
GdC2,tI6,I4/mmm,-0.257,mp-12765,-0.16630952,19369,-0.18553698
HoC2,,,-0.2964,,,,
LaC2,tI6,I4/mmm,-0.2819,mp-2367,-0.16197667,5051,-0.16385663
LuC2,tI6,I4/mmm,-0.2767,mp-8371,-0.18638216,13888,-0.19246326
NdC2,tI6,I4/mmm,-0.3026,mp-2297,-0.11838131,53650,-0.12456444
PrC2,tI6,I4/mmm,-0.3047,mp-1995,-0.10019788,3666,-0.10602352
SmC2,tI6,I4/mmm,-0.2664,mp-12764,-0.14752258,19368,-0.15356634
TbC2,tI6,I4/mmm,-0.255,mp-2119,-0.18882349,13374,0.02651546
C2Tm,,,-0.3265,,,,
CeSi2,tI12,I4/mcm,-0.627,,,,
CeSi,oP8,Pnma,-0.7369,mp-21115,-0.65310562,18278,-0.71849747
Ce5Si3,tI32,I4/mcm,-0.5472,mp-570175,-0.54661531,29191,-0.55564635
Ga3Co,tP16,P42/mnm,-0.3047,mp-20559,-0.26603952,29254,-0.26709825
CoSi2,cF12,Fm-3m,-0.3617,mp-2379,-0.46811329,5256,-0.47477289
CoSi,cP8,P213,-0.511,mp-7577,-0.61459397,3604,-0.62430027
Co2Si,oP12,Pnma,-0.3928,mp-19905,-0.45288601,646168,-0.46466624
CrSi2,hP9,P6222,-0.2674,mp-1222,-0.36275147,,
CrSi,cP8,P213,-0.3545,mp-7576,-0.29522304,3602,-0.2884598
Cr5Si3,tI32,I4/mcm,-0.3482,mp-7506,-0.31502719,3178,-0.31060762
Cr3Ga,cP8,Pm-3n,-0.1223,mp-1231,-0.04884287,29544,-0.05522517
Cr3Si,cP8,Pm-3n,-0.2819,mp-729,-0.34850978,3600,-0.36159126
Cu3Si,,,-0.0632,,,,
DySi2,oI12,Imma,-0.5659,,,,
DySi,oP8,Pnma,-0.7141,mp-1182,-0.83304592,21014,-0.8317414
Dy5Si3,hP16,P63/mcm,-0.6633,mp-2836,-0.68672013,651409,-0.68469964
ErSi2,hP3,P6/mmm,-0.6488,mp-2145,-0.49372392,665784,-0.49122696
ErSi,oS8,Cmcm,-0.8799,mp-378,-0.82215116,2939,-0.8255611
Er5Si3,hP16,P63/mcm,-0.7328,mp-31167,-0.69769718,10339,-0.7014002
Ga3Fe,tP16,P42/mnm,-0.257,mp-636368,-0.23007081,30160,-0.23789909
FeSi,cP8,P213,-0.4001,mp-871,-0.51035913,6697,-0.51414325
GaMo3,cP8,Pm-3n,-0.172,mp-2377,-0.15113122,30299,-0.15670685
GaPd2,oP12,Pnma,-0.6675,mp-1869,-0.64677807,18584,-0.64203331
Ti2Ga,hP6,P63/mmc,-0.4042,mp-30671,-0.39903784,22484,-0.4449591
Zr2Ga,tI12,I4/mcm,-0.5535,mp-569833,-0.46617369,17131,-0.4660022
Nb5Ga3,tI32,I4/mcm,-0.2747,mp-570293,-0.3216266,30301,-0.3365402
Sc5Ga3,hP16,P63/mcm,-0.6156,mp-17332,-0.52132614,,
GaNi,cP2,Pm-3m,-0.4654,mp-1941,-0.36500987,89558,-0.37624769
GaPd,cP8,P213,-0.7421,,,23801,-0.65903422
GaRh,cP2,Pm-3m,-0.7587,mp-2444,-0.69359272,89616,-0.68984355
GaRu,cP2,Pm-3m,-0.3669,mp-22320,-0.32212428,17297,-0.29821966
YGa,oS8,Cmcm,-0.74,mp-11420,-0.66433596,30366,-0.66682175
Ga2Ru,oF24,Fddd,-0.4249,,,,
YGa2,hP3,P6/mmm,-0.7058,mp-1914,-0.6629153,30368,-0.66099664
Ga5V2,tP14,P4/mbm,-0.172,,,,
Ga3Rh,tP16,P42/mnm,-0.4654,,,,
TmGa3,cP4,Pm-3m,-0.5027,mp-1603,-0.49921012,19193,-0.50422251
GdSi2,oI12,Imma,-0.6115,,,,
GdSi,oP8,Pnma,-0.7835,mp-601371,-0.78330897,12494,-0.82500956
Gd5Si3,hP16,P63/mcm,-0.7048,,,30419,-0.65729056
HfSi,oP8,Pnma,-0.7348,mp-1042,-0.82072508,647082,-0.8201266
Hf3Si2,tP10,P4/mbm,-0.8291,mp-2105,-0.8034006,647083,-0.80117558
HoSi2,oI12,Imma,-0.6022,,,,
HoSi,oS8,Cmcm,-0.8385,mp-12899,-0.82723595,19859,-0.82907496
Ho5Si3,hP16,P63/mcm,-0.7732,mp-13236,-0.69273225,30562,-0.69430109
SiIr,oP8,Pnma,-0.6612,mp-1128,-0.68431045,3182,-0.69033796
SiIr,oP8,Pnma,-0.6675,mp-1128,-0.68431045,3182,-0.69033796
LaSi2,tI12,I4/mcm,-0.5887,,,14081,-0.66589192
LaSi,oP8,Pnma,-0.7659,mp-1860,-0.74327757,2938,-0.73829345
La3Si2,tP10,P4/mbm,-0.6384,mp-10162,-0.63776534,8508,-0.63053424
La5Si3,tI32,I4/mcm,-0.6229,mp-10961,-0.60975188,16378,-0.60340254
LuSi,oS8,Cmcm,-0.8115,mp-1001612,-0.79471601,31331,-0.79627164
Lu5Si3,hP16,P63/mcm,-0.7027,mp-11908,-0.70254819,31330,-0.70342489
MnSi,cP8,P213,-0.4084,mp-1431,-0.46536604,3603,-0.46425079
Mn5Si3,hP16,P63/mcm,-0.3524,mp-1111,-0.34849914,,
Si2Mo,tI6,I4/mmm,-0.4964,mp-2592,-0.490212,17715,-0.49665163
Si3Mo5,tI32,I4/mcm,-0.3959,mp-1332,-0.38982914,6653,-0.39820548
NbSi2,hP9,P6222,-0.5566,mp-2478,-0.54430792,,
Nb5Si3,tI32,I4/mcm,-0.6695,mp-13686,-0.66596324,3572,-0.67982951
NdSi2,oI12,Imma,-0.6426,,,,
NdSi,oP8,Pnma,-0.8157,mp-9967,-0.76401844,7934,-0.76616419
Nd5Si3,tI32,I4/mcm,-0.6457,mp-567735,-0.58656729,27253,-0.58972551
SiNi,oP8,Pnma,-0.4394,mp-351,-0.50192808,5883,-0.5038064
SiNi2,oP12,Pnma,-0.5244,mp-1118,-0.55259568,4675,-0.55906508
Ni5Si2,hP43,P321,-0.4674,,,,
Si3Os2,oP40,Pbcn,-0.3161,mp-16608,-0.45552864,83466,-0.45174752
SiOs,cP8,P213,-0.4146,mp-2488,-0.36805215,3181,-0.36359973
SiPd2,hP9,P-62m,-0.6685,mp-697068,-0.69371833,669944,-0.6909829
SiPd2,hP9,P-62m,-0.6654,mp-697068,-0.69371833,669944,-0.6909829
SiPd3,oP16,Pnma,-0.6001,mp-20622,-0.61338369,8197,-0.60600528
PrSi2,oI12,Imma,-0.6374,,,,
PrSi,oP8,Pnma,-0.8094,mp-9968,-0.74327973,7935,-0.74525461
Pr5Si3,tI32,I4/mcm,-0.7006,,,,
SiPt,oP8,Pnma,-0.6156,mp-696,-0.67142261,2257,-0.67066312
SiPt,oP8,Pnma,-0.6177,mp-696,-0.67142261,2257,-0.67066312
SiPt2,tI6,I4/mmm,-0.6395,mp-1299,-0.72375884,14060,-0.72264214
SiPt2,,,-0.6561,,,,
Re2Si,mP24,P121/c1,-0.1316,mp-669547,0.10865856,10376,-0.09513163
SiRh,oP8,Pnma,-0.7773,mp-818,-0.82274837,18901,-0.82411252
SiRh,,,-0.7856,,,,
SiRh2,oP12,Pnma,-0.6623,mp-20418,-0.72588414,8055,-0.73085926
Si3Ru2,oP40,Pbcn,-0.6291,mp-22192,-0.63734496,2149,-0.624669
SiRu,cP8,P213,-0.6022,mp-189,-0.65174517,14277,-0.63907988
SiRu,,,-0.6022,,,,
ScSi,oS8,Cmcm,-0.853,mp-9969,-0.83644904,7936,-0.83784269
Sc5Si3,hP16,P63/mcm,-0.9317,mp-7822,-0.76833573,4475,-0.76933428
V3Si,cP8,Pm-3n,-0.4809,mp-2567,-0.4647244,4182,-0.46975583
Sm5Si3,hP16,P63/mcm,-0.6954,,,31250,-0.61183675
Ta5Si3,tI32,I4/mcm,-0.3949,mp-1989,-0.61606373,3573,-0.61647648
Tb5Si3,hP16,P63/mcm,-0.6322,mp-206,-0.67495204,17347,-0.26112869
Ti5Si3,hP16,P63/mcm,-0.7649,mp-2108,-0.76599174,,
Tm5Si3,hP16,P63/mcm,-0.7887,,,31067,-0.70337537
V5Si3,tI32,I4/mcm,-0.6115,mp-568671,-0.58859846,31069,-0.57183864
Y5Si3,hP16,P63/mcm,-0.7431,mp-2538,-0.71907995,8194,-0.72101896
Y5Si3,hP16,P63/mcm,-0.8333,mp-2538,-0.71907995,8194,-0.72101896
Zr5Si3,hP16,P63/mcm,-0.7431,mp-568115,-0.81774496,31218,-0.81917994
Si4Ti5,oP36,Pnma,-0.8136,,,,
Si4Zr5,tP36,P41212,-0.9525,mp-1304,-0.90321937,3883,-0.90447382
SmSi,oP8,Pnma,-0.826,,,31066,-0.79741521
TbSi,oP8,Pnma,-0.8385,mp-1924,-0.8316249,4359,-0.50097379
TiSi,oP8,Pnma,-0.7524,mp-7092,-0.76805125,8102,-0.79083582
TmSi,oS8,Cmcm,-0.8924,,,31068,-0.81673222
YSi,oS8,Cmcm,-0.8364,mp-9972,-0.85029844,7939,-0.8523987
ZrSi,oP8,Pnma,-0.9794,mp-893,-0.93338872,3569,-0.9340726
Si2Sm,oI12,Imma,-0.6871,,,,
TaSi2,hP9,P6222,-0.4768,mp-517,-0.47875561,8153,-0.47784741
Si2Tb,oI12,Imma,-0.6374,,,,
TiSi2,oF24,Fddd,-0.5908,mp-2582,-0.55103089,1833,-0.57236762
TmSi2,hP3,P6/mmm,-0.6726,mp-772,-0.4725959,657436,-0.47019623
VSi2,hP9,P6222,-0.3887,mp-10711,-0.48601618,,
Si2W,tI6,I4/mmm,-0.2829,mp-1620,-0.34341414,5147,-0.3448632
YSi2,hP3,P6/mmm,-0.6405,mp-2568,-0.52999675,670808,-0.52655247
ZrSi2,oS12,Cmcm,-0.625,mp-1515,-0.65230484,3570,-0.6533262
CeIn3,cP4,Pm-3m,-0.5089,mp-20369,-0.41688439,29103,-0.48217938
PrIn3,cP4,Pm-3m,-0.5317,mp-20903,-0.47857438,11139,-0.48202635
NdIn3,cP4,Pm-3m,-0.5338,mp-21197,-0.47555777,11111,-0.47815617
SmIn3,cP4,Pm-3m,-0.5389,mp-19977,-0.46268878,11162,-0.46591877
GdIn3,cP4,Pm-3m,-0.5027,mp-20258,-0.43358645,30377,-0.44569283
TbIn3,cP4,Pm-3m,-0.5545,mp-20920,-0.4323234,11165,-0.26806531
DyIn3,cP4,Pm-3m,-0.4985,mp-20236,-0.4179685,31227,-0.41726646
Ho5In3,hP16,P63/mcm,-0.5203,,,30538,-0.37241795
Er5In3,hP16,P63/mcm,-0.4944,,,29991,-0.37016066
TmIn3,cP4,Pm-3m,-0.4923,mp-21177,-0.36591188,11173,-0.3670282
Lu5In3,hP16,P63/mcm,-0.5421,,,30575,-0.35227743
Cu51Zr14,hP68,P6/m,-0.2519,,,,
Cu3Pd,cP4,Pm-3m,-0.0788,mp-580357,-0.10879453,17159,-0.10493702
Cu51Hf14,hP68,P6/m,-0.2373,,,,
Cu3Pt,cP4,Pm-3m,-0.1119,mp-12086,-0.13770523,29766,-0.14090041
TiAg,tP4,P4/nmm,-0.0166,mp-1017985,-0.06492099,27645,-0.10027248
Ti2Ag,tI6,I4/mmm,-0.0238,mp-979115,-0.05569064,27647,-0.10437079
YAg2,tI6,I4/mmm,-0.2757,mp-999544,-0.32922003,27649,-0.33455439
ScAu2,tI6,I4/mmm,-0.8644,mp-1018148,-0.81646376,28211,-0.81625514
ScAu4,tI10,I4/m,-0.5939,,,28212,-0.54758362
AuMn,oP2,Pmmm,-0.2622,,,,
YAu2,tI6,I4/mmm,-0.8768,mp-1018113,-0.85966874,28232,-0.85953584
YAu3,oP8,Pmmn,-0.7162,,,28231,-0.713549
PdAu3,cP4,Fm-3m,-0.0819,,,313826,-0.04314195
ScMn2,hP12,P63/mmc,-0.2705,mp-2039,-0.14292699,18873,-0.13666327
Os11Sc4,cF120,Fm-3m,-0.2342,,,,
TiMn2,hP12,P63/mmc,-0.0891,mp-1949,-0.271193,17696,-0.28692448
HfV2,cF24,Fd-3m,-0.1731,mp-1043,0.03197413,643804,0.03389914
VIr,oS8,Cmmm,-0.2912,mp-569250,-0.5207884,17531,-0.52346627
HfFe2,,,-0.1275,,,,
Fe7Nb6,hR39,R-3m,-0.0643,,,,
NbCo3,hP24,P63/mmc,-0.0767,mp-977426,-0.14701269,,
Co3Ta,hP24,P63/mmc,-0.0881,,,,
YNi,oP8,Pnma,-0.341,mp-1364,-0.4360015,17852,-0.44546416
ScOs2,hP12,P63/mmc,-0.2042,mp-567612,-0.39309886,19315,-0.38791876
VCo3,hP24,P63/mmc,-0.0674,mp-542614,-0.17098186,31151,-0.18077774
V3Ir,cP8,Pm-3n,-0.3047,mp-2006,-0.49090709,17532,-0.49317772
YFe3,hR36,R-3m,-0.0176,,,30268,-0.06392285
YFe2,cF24,Fd-3m,-0.0021,mp-1570,-0.06311649,18348,-0.06298
NbFe2,hP12,P63/mmc,-0.0549,mp-568901,-0.12231512,30227,-0.12212013
NbCo2,cF24,Fd-3m,-0.0684,mp-670,-0.13615909,29408,-0.15548255
TaCo2,cF24,Fd-3m,-0.0653,mp-1799,-0.21619792,29506,-0.22813203
TaFe2,hP12,P63/mmc,-0.0653,mp-568077,-0.18944423,,
NbNi3,oP8,Pmmn,-0.1741,mp-1451,-0.28823706,30781,-0.29802735
TbCu2,oI12,Imma,-0.256,mp-1527,-0.26626757,23033,-0.04598186
Cu2Dy,oI12,Imma,-0.2529,,,,
HoCu2,oI12,Imma,-0.2591,mp-30584,-0.27565436,17147,-0.27657653
Cu2Er,oI12,Imma,-0.2798,,,,
Cu2Tm,oI12,Imma,-0.2425,,,,
TbCu5,,,-0.1907,,,,
DyCu5,,,-0.1627,,,,
HoCu5,,,-0.1793,,,,
Cu5Er,,,-0.1907,,,,
TmCu5,,,-0.1959,,,,
Cu5Lu,,,-0.1948,,,,
TbAu,oS8,Cmcm,-0.8965,mp-999141,-0.8814057,28223,-0.5498906
DyAu,,,-0.8644,,,,
ErAu,oP2,Pm-3m,-0.9349,mp-2442,-0.87936308,10720,-0.88506276
TmAu,,,-0.9618,,,,
TbAu2,tI6,I4/mmm,-0.8416,mp-570179,-0.86087666,10811,-0.63931355
DyAu2,tI6,I4/mmm,-0.8063,mp-11241,-0.86878179,10716,-0.86652412
HoAu2,tI6,I4/mmm,-0.8768,mp-990,-0.8741942,10738,-0.87478831
ErAu2,tI6,I4/mmm,-0.8903,mp-2466,-0.87975395,10721,-0.88130488
TmAu2,tI6,I4/mmm,-0.9494,mp-560,-0.8855729,10687,-0.88724459
LuAu2,tI6,I4/mmm,-0.9442,mp-1018152,-0.89031574,28185,-0.89017268
TbAu3,oP8,Pmmn,-0.6892,,,28224,-0.55416782
DyAu3,,,-0.6664,,,,
HoAu3,oP8,Pmmn,-0.6954,mp-30386,-0.72317647,10739,-0.72445413
ErAu3,,,-0.6851,,,,
TmAu3,oP8,Pmmn,-0.7535,mp-568247,-0.72834168,28227,-0.7269042
Au51La14,hP68,P6/m,-0.6001,,,,
SmCu,cP2,Pm-3m,-0.1285,mp-12586,-0.17435732,,
Cu2Sm,oI12,Imma,-0.1731,,,,
SmCu6,oP28,Pnma,-0.142,mp-30699,-0.1468077,29800,-0.14585006
AgSm,oP8,Pnma,-0.3835,,,,
Ag2Sm,,,-0.2498,,,,
Ag51Sm14,hP68,P6/m,-0.1741,,,,
SmAu,,,-0.7908,,,,
Au2Sm,tP106,P4/nmm,-0.7991,,,,
Au51Sm14,hP68,P6/m,-0.6198,,,,
TbAg,cP2,Pm-3m,-0.3783,mp-2268,-0.32250589,10672,0.00103123
DyAg,cP2,Pm-3m,-0.3866,mp-2167,-0.32984297,10365,-0.33555494
ErAg,cP2,Pm-3m,-0.4654,mp-2621,-0.33953982,10623,-0.34775013
TmAg,cP2,Pm-3m,-0.4457,mp-2796,-0.34526791,10678,-0.35077449
PrAg2,oI12,Imma,-0.256,,,27628,-0.28436382
NdAg2,oI12,Imma,-0.2259,,,27623,-0.28434503
GdAg2,,,-0.2477,,,,
TbAg2,,,-0.2353,,,,
DyAg2,,,-0.2311,,,,
HoAg2,,,-0.2591,,,,
ErAg2,tI6,I4/mmm,-0.2487,mp-30339,-0.3325519,10626,-0.341657
TmAg2,tI6,I4/mmm,-0.2622,mp-30359,-0.33645216,10679,-0.34547508
Ag2Tm,oI12,Imma,-0.2622,,,,
LuAg2,tI6,I4/mmm,-0.2653,mp-1018131,-0.34222325,27616,-0.34837039
Ag3Tb,hP68,P6/m,-0.2135,,,,
Ag3Dy,hP68,P6/m,-0.2363,,,,
Ag3Ho,hP68,P6/m,-0.2601,,,,
Ag3Er,hP68,P6/m,-0.2633,,,,
Ag3Tm,oP8,Pnma,-0.2094,,,,
Al5Ni4Rh,cP2,Pm-3m,-0.7684,,,,
Al5Ni3Rh2,cP2,Pm-3m,-0.8019,,,,
Al5Ni2Rh3,cP2,Pm-3m,-0.8439,,,,
Al5NiRh4,cP2,Pm-3m,-1.0331,,,,
Ti5Ge3,hP16,P63/mcm,-0.7333,mp-568151,-0.69194752,,
V5Ge3,tI32,I4/mcm,-0.4586,,,,
Mn5Ge3,hP16,P63/mcm,-0.1884,mp-617291,-0.09905215,,
Fe5Ge3,hP6,P63/mmc,-0.1078,,,,
Co5Ge3,hP6,P63/mmc,-0.2029,,,,
Ni5Ge3,hP6,P63/mmc,-0.3222,,,,
Al0.1Ti0.25Zn0.65,cP4,Pm-3m,-0.2798,,,,
Al0.2Ti0.25Zn0.55,cP4,Pm-3m,-0.3109,,,,
Al0.3Ti0.25Zn0.45,cP4,Pm-3m,-0.3317,,,,
Al0.4Ti0.25Zn0.35,cP4,Pm-3m,-0.3524,,,,
Al2TiZn,cP4,Pm-3m,-0.3627,,,,
Al0.6Ti0.25Zn0.15,cP4,Pm-3m,-0.3731,,,,
InPd,cP2,Pm-3m,-0.7151,mp-21215,-0.50914396,55542,-0.50734224
In3Pd2,hP5,P-3m1,-0.5908,mp-510437,-0.48537325,11131,-0.48064328
Sn2Pd,tI48,I41/acd,-0.5182,mp-1573,-0.38963342,5782,-0.45171323
Zr2Co,tI12,I4/mcm,,mp-628,-0.25113077,29534,-0.26078137
ZrCo,cP2,Pm-3m,,mp-2283,-0.28187688,29537,-0.28789901
ZrCo2,cF24,Fd-3m,,mp-929,-0.30849371,31202,-0.32129482
Co4Zr,cF116,Fm-3m,,,,,
TiFe,cP2,Pm-3m,,mp-305,-0.41788011,19423,-0.44919251
TiFe2,hP12,P63/mmc,,mp-2454,-0.28543016,18688,-0.29783282
TiCo,cP2,Pm-3m,,mp-823,-0.39000135,18811,-0.4096884
TiCo2,hP24,P63/mmc,,,,29519,-0.32565458
Ti2Ni,cF96,Fd-3m,,mp-1808,-0.27684474,3230,-0.31275551
TiNi,cP2,Pm-3m,,mp-571,-0.34371282,116608,-0.3780194
TiNi3,hP16,P63/mmc,,mp-1409,-0.48423085,5776,-0.49490854
ZrFe2,cF24,Fd-3m,,mp-1718,-0.2832444,18350,-0.2798164
Zr2Ni,tI12,I4/mcm,,mp-328,-0.32276983,103369,-0.32468612
ZrNi,oS8,Cmcm,,mp-556,-0.45603911,17864,-0.45579793
Ni7Zr2,mS36,C12/m1,,mp-2717,-0.42918024,2288,-0.43017345
ZrNi5,cF24,F-43m,,mp-2439,-0.32116925,669588,-0.32486008
TiPd,cP2,Pm-3m,,mp-11546,-0.47762927,17970,-0.48671641
Ti3Pd5,tP8,P4/mmm,,mp-570199,-0.61720347,17974,-0.62559859
TiPd2,oI6,Immm,,,,21292,-0.64280199
TiPd3,hP16,P63/mmc,,,,21293,-0.64955897
Zr2Pd,tI6,I4/mmm,,mp-266,-0.48842171,17990,-0.48801108
ZrPd,cP2,Pm-3m,,mp-13496,-0.58775328,9972,-0.58504166
ZrPd2,tI6,I4/mmm,,mp-1018102,-0.76098711,30951,-0.75783907
ZrPd3,hP16,P63/mmc,,mp-30842,-0.82334471,17991,-0.8178025
HfNi5,cF24,F-43m,,mp-569516,-0.34621853,19424,-0.3497438
Hf2Ni7,mS26,C12/m1,,,,,
Hf9Ni11,tI40,I4/m,,,,,
HfNi,oS8,Cmcm,,mp-1018056,-0.51942899,30515,-0.51903074
Hf2Ni,tI12,I4/mcm,,mp-861,-0.34446509,88683,-0.34184014
Ag0.610Mg0.390,cP2,Pm-3m,-0.041,,,,
Ag0.561Mg0.439,cP2,Pm-3m,-0.0438,,,,
Ag0.542Mg0.458,cP2,Pm-3m,-0.0449,,,,
Ag0.510Mg0.490,cP2,Pm-3m,-0.0455,mp-2696,-0.25172764,94482,-0.25753188
Ag0.497Mg0.503,cP2,Pm-3m,-0.0453,mp-2696,-0.25172764,94482,-0.25753188
Ag0.485Mg0.515,cP2,Pm-3m,-0.0455,mp-2696,-0.25172764,94482,-0.25753188
Ag0.480Mg0.520,cP2,Pm-3m,-0.0452,mp-2696,-0.25172764,94482,-0.25753188
Ag0.452Mg0.548,cP2,Pm-3m,-0.0444,,,,
Hf2Pd,tI6,I4/mmm,,mp-11454,-0.53118521,17382,-0.52756749
HfPd,cP2,Pm-3m,,mp-1002106,-0.62011466,307534,-0.62936267
HfPd2,tI6,I4/mmm,,,,,
HfPd3,hP16,P63/mmc,,mp-11453,-0.88831847,17381,-0.88228811
GeRu,cP8,P213,,,,683580,-0.27869893
ZrRu,cP2,Pm-3m,,mp-214,-0.66012382,116234,-0.64287548
ZrRu2,hP12,P63/mmc,,mp-569979,-0.37699088,31033,-0.37261451
Zr3Au,cP8,Pm-3n,,mp-11263,-0.34064662,10833,-0.344695
Zr2Au,tI6,I4/mmm,,mp-2348,-0.41852153,18742,-0.41759104
AuZr,,,,,,,
Au0.588Zr0.412,,,,,,,
ZrAu2,tI6,I4/mmm,,mp-1018103,-0.57450582,28235,-0.57476874
ZrAu3,oP8,Pmmn,,,,28234,-0.49745752
ZrAu4,oP20,Pnma,,mp-17813,-0.42172582,31356,-0.41869664
Al3FeSi2,tI24,I4/mcm,-0.2123,,,,
Al2Fe3Si4,oS36,Cmcm,-0.3716,mp-29111,-0.43019911,14987,-0.4330145
Al0.71Fe0.19Si0.10,hP245,P63/mmc,-0.255,,,,
Al0.31Mn0.6Ni0.2,oS156,Cmcm,-0.2398,mp-30179,-0.22249812,,
VSi2,hP9,P6222,-0.4319,mp-10711,-0.48601618,,
Sn3Ru2,tP20,P-4c2,,mp-680677,-0.17968633,18093,-0.22988746
Sn7Ru3,cI40,Im-3m,,mp-22344,-0.20901573,647455,-0.27008554
Si3Ru4,oP28,Pnma,,mp-510412,-0.55339038,5838,-0.54075562
SiRu,cP2,Pm-3m,,mp-381,-0.63762195,74704,-0.6368074
Si3Ru2,tP20,P-4c2,,mp-20191,-0.615632,16443,-0.60255945
AlNb4,cP8,Pm-3n,,,,,
Nb2Al,tP30,P42/mnm,,mp-18427,-0.28263381,10511,-0.29648968
NbAl3,tI8,I4/mmm,,mp-1842,-0.42336587,18710,-0.43058276
OsTi,cP2,Pm-3m,,mp-291,-0.71361444,90586,-0.73613297
HfOs,cP2,Pm-3m,,mp-11452,-0.70975701,17380,-0.70811812
Hf54Os17,oI142,Immm,,,,,
Al4Ba,tI10,I4/m,,,,,
TiAl3,tI8,I4/mmm,,mp-542915,-0.39576492,18722,-0.41231514
TiAl3,tI8,I4/mmm,,mp-542915,-0.39576492,18722,-0.41231514
TiAl2,tI24,I41/amd,,mp-567705,-0.42977359,18487,-0.44963193
TiAl2,tI24,I41/amd,,mp-567705,-0.42977359,18487,-0.44963193
TiAl,tP2,P4/mmm,,mp-1953,-0.40280557,18721,-0.43603073
TiAl,tP2,P4/mmm,,mp-1953,-0.40280557,18721,-0.43603073
Al0.23Ni0.02Ti0.75,hP8,P63/mmc,,,,,
Al0.27Ni0.02Ti0.71,hP8,P63/mmc,,,,,
Al0.37Ni0.02Ti0.61,hP8,P63/mmc,,,,,
Ni3Sn2,hP6,P63/mmc,,,,,
Ni3Sn2,oP20,Pnma,,mp-669720,-0.25487862,17811,-0.31329683
Ni3Sn,hP8,P63/mmc,,mp-20112,-0.19098214,17810,-0.22263402
Ni3Sn2,hP6,P63/mmc,,,,,
Ni3Sn,hP8,P63/mmc,,mp-20112,-0.19098214,17810,-0.22263402
Ni3Sn4,mS14,C12/m1,,mp-20174,-0.22376278,17812,-0.28860227
Sc5Sn3,hP16,P63/mcm,-0.7276,mp-17695,-0.68496888,31054,-0.71993662
Sn9Ti11,oI44,Immm,-0.4498,,,,
V3Sn,cP8,Pm-3n,-0.2249,mp-21342,-0.06768964,18133,-0.07946155
Y5Sn3,hP16,P63/mcm,-0.7545,mp-567412,-0.76823437,31089,-0.80510922
Zr5Sn3,hP16,P63/mcm,-0.7379,mp-510522,-0.56603354,94311,-0.5993577
Nb3Sn,cP8,Pm-3n,-0.1575,mp-1326,-0.14884203,17754,-0.19526682
Sn7Ru3,cI40,Im-3m,-0.1938,mp-22344,-0.20901573,647455,-0.27008554
Sn2Rh,tI12,I4/mcm,-0.4363,mp-565,-0.39452096,18060,-0.46589572
SnPd3,cP4,Pm-3m,-0.5991,mp-718,-0.52282047,17954,-0.53933084
Hf5Sn3,hP16,P63/mcm,-0.5099,mp-21104,-0.37901034,17391,-0.41516328
Ir5Sn7,tI24,I4mm,-0.1555,mp-20466,-0.25279987,13860,-0.31193171
Sn2Ir,cF12,Fm-3m,-0.1337,mp-2083,-0.28526758,19398,-0.351585
SnPt,hP4,P63/mmc,-0.6094,mp-19856,-0.58626824,7829,-0.62787003
Pr5Sn3,tI32,I4/mcm,-0.7804,mp-570696,-0.67825908,92492,-0.7158068
Nd5Sn3,hP16,P63/mcm,-0.768,mp-510503,-0.69045193,647405,-0.72797909
Sm5Sn3,hP16,P63/mcm,-0.8074,,,31076,-0.74505748
Gd5Sn3,hP16,P63/mcm,-0.8136,,,30420,-0.75843331
Tb5Sn3,hP16,P63/mcm,-0.7576,,,31084,-0.34830875
Dy5Sn3,hP16,P63/mcm,-0.7784,mp-30623,-0.72459532,31219,-0.75720558
Ho5Sn3,hP16,P63/mcm,-0.7618,mp-30735,-0.71602343,17478,-0.75273452
Er5Sn3,hP16,P63/mcm,-0.7493,mp-31385,-0.70634021,647468,-0.74499058
Tm5Sn3,hP16,P63/mcm,-0.7545,,,31088,-0.73109966
Lu5Sn3,hP16,P63/mcm,-0.7784,,,30711,-0.70397538
Lu5Sn3,hP16,P63/mcm,-0.7628,,,30711,-0.70397538
Sc5Ge3,hP16,P63/mcm,-0.968,mp-17190,-0.84441926,647319,-0.84486917
Cr5Ge3,tI32,I4/mcm,-0.1627,mp-568324,0.01164082,13726,0.01146355
Y5Ge3,hP16,P63/mcm,-0.9307,mp-17751,-0.83198247,10313,-0.83402587
Zr5Ge3,hP16,P63/mcm,-0.8405,mp-17706,-0.79858593,13725,-0.79984176
Nb5Ge3,tI32,I4/mcm,-0.7172,mp-16842,-0.46914122,655868,-0.48565297
Ge3Mo5,hP16,P63/mcm,-0.1731,,,,
GeRu,cP8,P213,-0.2954,,,683580,-0.27869893
GeRh,oP8,Pnma,-0.5897,mp-22239,-0.55039662,646171,-0.55538291
GePd,oP8,Pnma,-0.4819,mp-1424,-0.46246676,13801,-0.46030866
GePd2,hP9,P-62m,-0.5421,mp-423,-0.54497816,646837,-0.54239792
La5Ge3,hP16,P63/mcm,-0.7027,,,8070,-0.69572926
Hf3Ge2,tP10,P4/mbm,-0.7732,mp-976273,-0.69955296,30438,-0.69728076
Ta5Ge3,tI32,I4/mcm,-0.4353,mp-17593,-0.36231627,48717,-0.36229547
Ge2Os,mS12,C12/m1,-0.0383,mp-10032,-0.08637972,8193,-0.0823748
GeIr,oP8,Pnma,-0.3431,mp-208,-0.31015357,646856,-0.31695899
GeIr,oP8,Pnma,-0.3368,mp-208,-0.31015357,646856,-0.31695899
GePt,oP8,Pnma,-0.4705,mp-542640,-0.47655987,2258,-0.47509124
GePt2,hP9,P-62m,-0.3845,mp-20061,-0.35448466,13687,-0.3551848
Cu3Ge,,,-0.0425,,,,
Ge8La5,,,-0.7815,,,,
Ce5Ge3,hP16,P63/mcm,-0.7607,mp-510493,-0.59199312,662552,-0.65986646
CeGe1.6,tI12,I41/amd,-0.7939,,,,
Pr5Ge3,hP16,P63/mcm,-0.7296,mp-17124,-0.68400837,20668,-0.68533545
Ge1.6Pr,tI12,I41/amd,-0.8468,,,,
Nd5Ge3,hP16,P63/mcm,-0.7473,mp-1464,-0.70498837,647275,-0.70618325
Ge8Nd5,tI12,I41/amd,-0.8312,,,,
Gd5Ge3,hP16,P63/mcm,-0.8499,,,8025,-0.77906924
Sm5Ge3,hP16,P63/mcm,-0.9411,,,30497,-0.74262386
Tb5Ge3,hP16,P63/mcm,-0.8468,mp-2610,-0.79227955,10064,-0.37857456
Dy5Ge3,hP16,P63/mcm,-0.9577,,,29859,-0.79716707
Ho5Ge3,hP16,P63/mcm,-0.9514,,,30444,-0.8021457
Er5Ge3,hP16,P63/mcm,-0.9908,mp-11854,-0.80121533,18316,-0.80431566
Tm5Ge3,hP16,P63/mcm,-0.9463,,,30501,-0.80150275
Lu5Ge3,hP16,P63/mcm,-0.9649,,,30459,-0.79262795
NdIr2,cF24,Fd-3m,-0.7006,mp-890,-0.69447488,17503,-0.69973281
YAl3,hP8,P63/mmc,-0.4809,mp-865527,-0.43663624,,
YAl2,cF24,Fd-3m,-0.5545,mp-2322,-0.5314414,10612,-0.53390158
Y3Al2,tP20,P42/mnm,-0.4861,mp-16723,-0.35436314,,
Al4NiY,oS24,Cmcm,-0.625,,,,
Sc2Al,hP6,P63/mmc,-0.3835,mp-11220,-0.34999804,10540,-0.351949
AlSc,,,-0.4768,,,,
ScAl2,cF24,Fd-3m,-0.4975,mp-813,-0.48538706,10541,-0.48600004
ScAl3,cP4,Pm-3m,-0.4508,mp-2121,-0.45116262,18716,-0.45477582
AlLa,oS16,Cmcm,-0.4768,mp-12684,-0.41285323,647422,-0.41003104
LaAl2,cF24,Fd-3m,-0.5234,mp-2694,-0.49784908,10483,-0.49709903
LaAl3,hP8,P63/mmc,-0.456,mp-959,-0.4468069,10484,-0.44815358
Al7La2,oI28,Immm,-0.4249,,,,
YbAl2,cF24,Fd-3m,-0.4094,mp-969,-0.34637732,10617,-0.35140065
YbAl3,cP4,Pm-3m,-0.3368,mp-1259,-0.17169078,10618,-0.17298079
AlSm2,oP12,Pnma,-0.3938,,,,
SmAl,oP16,Pbcm,-0.5078,mp-978951,-0.39960339,658970,-0.40410721
SmAl2,cF24,Fd-3m,-0.57,mp-2358,-0.50959215,10582,-0.51399839
SmAl3,hP8,P63/mmc,-0.4975,mp-867870,-0.44082113,,
ErAl2,cF24,Fd-3m,-0.5089,mp-1208,-0.50800421,10452,-0.51084323
Al7Ce2,oI28,Immm,-0.4094,,,,
CeAl2,cF24,Fd-3m,-0.5068,mp-2088,-0.45683008,10402,-0.47386387
Ce3Al,hP8,P63/mmc,-0.17,mp-21393,-0.15424701,18919,-0.16062138
GdAl2,cF24,Fd-3m,-0.5327,mp-19923,-0.52226962,10468,-0.52271679
AlGd,oS16,Cmcm,-0.4084,,,,
AlGd2,oP12,Pnma,-0.3596,,,,
CoLaNi4,,P6/mmm,-0.2529,,,,
Co2LaNi3,,P6/mmm,-0.172,,,,
Co0.42La0.16Ni0.42,,P6/mmm,-0.1244,,,,
Co3LaNi2,,P6/mmm,-0.115,,,,
Co0.58La0.17Ni0.25,,P6/mmm,-0.0881,,,,
Co17Dy2,hR57,R-3m,-0.0902,,,,
Co3Dy,hR54,R-3m,-0.1378,,,,
Co2Dy,cF24,Fd-3m,-0.1803,mp-2628,-0.20161828,20722,-0.21227463
Co3Dy5,hR36,R-3m,-0.1441,,,,
ErCo3,hR36,R-3m,-0.1565,mp-411,-0.20561058,113163,-0.21463602
Co2Er,cF24,Fd-3m,-0.1948,,,,
CoEr3,hR36,R-3m,-0.0725,,,,
Co17Gd2,hP38,P63/mmc,-0.0466,,,,
Co5Gd,hP38,P63/mmc,-0.086,,,,
GdCo2,cF24,Fd-3m,-0.1213,mp-542633,-0.16629482,31242,-0.16700065
Co7Gd12,mP38,P121/c1,-0.0653,,,,
DyNi5,hP6,P6/mmm,-0.2601,mp-1179,-0.33433602,,
DyNi2,cF24,Fd-3m,-0.3379,mp-421,-0.45253956,19331,-0.45261573
DyNi,oP8,Pnma,-0.3462,mp-2738,-0.45827261,89117,-0.46149673
Dy3Ni,oP16,Pnma,-0.2301,,,29890,-0.24881051
ErNi9,hP38,P63/mmc,-0.1337,,,,
ErNi5,hP6,P6/mmm,-0.2094,,,,
ErNi2,cF24,Fd-3m,-0.3244,,,,
ErNi,oP8,Pnma,-0.3171,mp-567314,-0.48549384,30015,-0.49334426
Er3Ni,oP16,Pnma,-0.1772,,,,
GdNi5,hP6,P6/mmm,-0.2394,,,,
GdNi2,cF24,Fd-3m,-0.3317,mp-543019,-0.40707405,18494,-0.41479822
GdNi,oS8,Cmcm,-0.2674,mp-542632,-0.39817732,31223,-0.4264578
Gd3Ni,oP16,Pnma,-0.1441,,,,
TaAlNi2,cF16,Fm-3m,-0.4011,mp-5921,-0.46326458,10523,-0.4683723
AlNi2V,cP2,Pm-3m,-0.4115,,,,
ZrAlNi2,cF16,Fm-3m,-0.5203,mp-3944,-0.59657081,10534,-0.6063671
FeGaNi2,cP2,Pm-3m,-0.257,,,,
GaHfNi2,cF16,Fm-3m,-0.7182,mp-3498,-0.55812311,30279,-0.56785364
NbGaNi2,cF16,Fm-3m,-0.3721,mp-3539,-0.33300579,30304,-0.34667213
HfInNi2,cF16,Fm-3m,-0.3596,mp-640024,-0.39977053,647474,-0.43095053
MnNi2Sn,cF16,Fm-3m,-0.3078,mp-20440,-0.17266856,647910,-0.20790812
Co2FeAl,cP2,Pm-3m,-0.1524,,,,
Ce2Fe17,,,-0.0166,,,,
Nd2Fe17,hR19,R-3m,-0.0311,mp-1510,0.03668239,18663,0.04087623
Sm2Fe17,hR19,R-3m,-0.0321,mp-1426,0.01621323,18642,0.02019311
Fe2Gd,cF24,Fd-3m,-0.0187,mp-20089,-0.07146536,18836,-0.03296878
HoFe2,cF24,Fd-3m,-0.0269,mp-1926,-0.10130516,31298,-0.09891662
ErFe2,cF24,Fd-3m,-0.0197,mp-474,-0.12142022,20826,-0.11960373
TmFe2,cF24,Fd-3m,-0.0228,mp-571183,-0.14341286,17236,-0.13997887
Fe2Lu,cF24,Fd-3m,-0.0373,mp-2463,-0.17493036,30221,-0.17014908
TbDy2Fe6,,,-0.141,,,,
Fe5Ga,cI2,Im-3m,-0.1078,,,,
TiFe2,hP12,P63/mmc,-0.2819,mp-2454,-0.28543016,18688,-0.29783282
TiFe,cP2,Pm-3m,-0.2332,mp-305,-0.41788011,19423,-0.44919251
FeNiTi2,,,-0.3545,,,,
LaMg,cP2,Pm-3m,-0.211,mp-1104,-0.12607536,104100,-0.1153915
Co2FeAl,cP2,Pm-3m,-0.2332,,,,
GaFeCo2,cF16,Fm-3m,-0.2674,mp-30551,-0.22535881,17097,-0.23947064
FeCo2Si,cF16,Fm-3m,-0.398,mp-5436,-0.3497696,647048,-0.36174807
FeCo2Ge,cF16,Fm-3m,-0.1202,mp-22300,-0.15857999,29249,-0.17199427
MnCo2Si,cF16,Fm-3m,-0.4394,mp-4492,-0.4354005,647071,-0.44920504
MnCo2Ge,cF16,Fm-3m,-0.3275,mp-19850,-0.24303171,647056,-0.25696368
MnCo2Sn,cF16,Fm-3m,-0.1617,mp-20840,-0.10441762,29396,-0.13898515
TiAlCo2,cF16,Fm-3m,-0.57,mp-5407,-0.61306221,27707,-0.63709835
TiGaCo2,cF16,Fm-3m,-0.5617,mp-20145,-0.51703112,29293,-0.54134649
TiCo2Si,cF16,Fm-3m,-0.6364,mp-3657,-0.65953515,647094,-0.68559285
TiCo2Ge,cF16,Fm-3m,-0.6146,mp-4612,-0.49619322,647063,-0.52142632
TiCo2Sn,cF16,Fm-3m,-0.398,mp-21467,-0.36833086,18296,-0.37173531
VGaCo2,cF16,Fm-3m,-0.2943,mp-22790,-0.302636,29296,-0.30455297
MnAlCu2,cF16,Fm-3m,-0.2747,mp-3574,-0.12779898,10435,-0.12939585
Cu2NiSn,cF16,Fm-3m,-0.1803,mp-4367,0.04125642,19462,0.00643917
Fe2CoAl,cP2,Pm-3m,-0.2425,,,,
Fe2CoGa,cF16,F-43m,-0.1461,,,,
Fe2CoSi,cF16,F-43m,-0.4695,,,,
Fe2CoGe,cF16,F-43m,-0.0922,,,,
MnFe2Si,cF16,Fm-3m,-0.2653,mp-5529,-0.32760082,31335,-0.3390292
Fe2NiGa,cP2,Pm-3m,-0.1513,,,,
Mn2CoSn,cF16,Fm-3m,-0.2259,,,472691,0.11432415
Mn2GaCo,cF16,Fm-3m,-0.1202,,,472554,-0.08439467
Mn2AlV,cF16,Fm-3m,-0.2871,mp-10895,-0.31383058,22373,-0.30950568
MnInNi2,cF16,Fm-3m,-0.2239,mp-22731,-0.09505111,646824,-0.10712478
Ni2CuSn,cF16,F-43m,-0.1296,,,,
MnInCu2,cF16,Fm-3m,-0.1948,mp-22673,0.06969568,29699,0.06588514
Cu0.55Ni0.20Sn0.25,cF16,Fm-3m,-0.1762,,,,
Cu0.6Ni0.15Sn0.25,cF16,Fm-3m,-0.1337,,,,
CoFe2Si,cF16,F-43m,-0.3876,,,,
CuFe2Ga,cF16,F-43m,-0.1182,,,,
MnGaFe2,cF16,Fm-3m,-0.058,mp-1018046,-0.06796609,525371,-0.07357737
Fe2GaNi,cP2,Pm-3m,-0.1513,,,,
Fe2NiSi,cP2,Pm-3m,-0.2767,,,,
Fe2GaV,cP2,Pm-3m,-0.3109,,,,
Mn2GaCo,cF16,F-43m,-0.1182,mp-20160,-0.00660202,20349,-0.17154466
Mn2NiSn,cF16,F-43m,-0.2166,,,676576,0.04352649
Mn2VGa,cF16,Fm-3m,-0.2218,mp-21235,-0.22451226,17257,-0.22432807
Au4In3Sn3,hP10,P63/mmc,-0.2176,,,,
SnAu,hP4,P63/mmc,-0.1596,mp-1775,-0.1827522,10120,-0.22961262
Sn2Au,oP24,Pbca,-0.1472,mp-1462,-0.12815058,10801,-0.19073514
Sn4Au,oS20,Ccce,-0.0819,mp-1393,-0.0691933,19456,-0.14436161
SnAu5,hR18,R32,-0.0601,mp-30418,-0.04715316,10803,-0.06419591
Au5Sn,hP2,P63/mmc,-0.0135,,,,
Fe3Pt,cP4,Pm-3m,-0.0964,mp-1649,-0.08104349,30238,-0.08061884
FePt,tP2,P4/mmm,,mp-2260,-0.23952203,110129,-0.24057406
FePt3,cP4,Pm-3m,,mp-649,0.08097756,7825,-0.20058362
AlNd2,oP12,Pnma,-1.0733,,,,
Li2Ca,hP12,P63/mmc,,mp-570466,-0.01687109,,
Li2Ca,hP12,P63/mmc,,mp-570466,-0.01687109,,
B3Li,tP20,P4/mbm,-0.4519,,,689212,-0.23996133
B14Li3,tI160,I-42d,-0.3441,,,,
B13Li,hR357,R-3m,-0.1461,,,,
Al2Fe,aP18,P1,-0.2881,,,,
Al5Fe2,oS24,Cmcm,-0.3161,,,,
Li13Si4,oP34,Pbam,-0.3151,mp-672287,-0.24844258,31357,-0.25311439
Li7Si3,hR21,R-3m,-0.3047,,,,
Li12Si7,oP152,Pnma,-0.2653,mp-1314,-0.24244816,7559,-0.23955457
Li22Si5,cF416,F-43m,-0.2529,mp-542598,-0.1959975,,
AlNi,cP2,Pm-3m,-0.6871,mp-1487,-0.65864811,94913,-0.66944636
AlNi3,cP4,Pm-3m,-0.4198,mp-2593,-0.43251692,17890,-0.43864812
TiAl2Ni,cF116,Fm-3m,-0.4218,,,509949,-0.33701128
AlNiTi,hP12,P63/mmc,-0.5897,,,,
AlNiTi,hP12,P63/mmc,,,,,
TiAlNi2,cF16,Fm-3m,-0.7473,mp-7187,-0.62052541,21081,-0.64117697
ZrMn2,,,-0.256,,,,
ZrMo2,cF24,Fd-3m,-0.0601,mp-2049,-0.12738089,17718,-0.13765654
Os4Zr11,cF120,Fm-3m,-0.0922,,,,
HfCr2,,,-0.0497,,,,
HfMn2,hP12,P63/mmc,-0.2104,mp-11449,-0.26402934,17364,-0.2551247
HfMo2,cF24,Fd-3m,-0.0663,mp-2363,-0.16067013,17365,-0.1700668
NbRh3,,,-0.2239,,,,
TaRh3,cP4,Pm-3m,-0.1451,mp-1020,-0.61434864,18066,-0.61292525
Mn2Nb,hP12,P63/mmc,-0.1078,mp-12659,-0.13790279,19107,-0.14415719
MoRh,oP4,Pmma,-0.0497,mp-12595,-0.1906269,18874,-0.19700494
MnPd,cP2,Pm-3m,-0.4685,mp-1902,-0.18880831,90200,-0.19334822
MoPd2,oI6,Immm,-0.0954,,,,
TaMn2,hP12,P63/mmc,-0.1503,mp-12678,-0.22563882,19153,-0.22469722
IrMn3,cP4,Pm-3m,-0.1368,,,,
CrPt3,cP4,Pm-3m,-0.0912,mp-2515,-0.2581554,29575,-0.25473662
MnPt,tP2,P4/mmm,-0.5555,mp-1670,-0.35329579,668583,-0.35251563
MoPt,oP4,Pmma,-0.1855,mp-999502,-0.31842792,,
TaPt3,mP16,P121/m1,-0.2187,mp-567638,-0.72230996,,
YMn2,cF24,Fd-3m,-0.029,mp-558,0.1623936,,
CoCr,tP30,P42/mnm,-0.0031,,,,
CuMn,cF4,Fm-3m,-0.0383,,,,
Cu3Sn,oS80,Cmcm,-0.1078,,,,
TbFe2,,,-0.057,,,,
DyFe2,cF24,Fd-3m,-0.0166,mp-1757,-0.08229063,29839,-0.07837486
Tb2Fe17,,,-0.0218,,,,
Dy2Fe17,,,-0.0549,,,,
FePd3,cP4,Pm-3m,-0.1658,mp-21845,-0.11839909,30235,-0.10785679
FePt,tP2,P4/mmm,-0.2384,mp-2260,-0.23952203,110129,-0.24057406
FePt3,cP4,Pm-3m,-0.2145,mp-649,0.08097756,7825,-0.20058362
MnNi,tP2,P4/mmm,-0.2581,mp-1797,-0.03866552,17670,-0.01265056
TiNi,cP2,Pm-3m,-0.3389,mp-571,-0.34371282,116608,-0.3780194
TiPd,,,-0.625,,,,
CeCo5,hP6,P6/mmm,-0.0974,mp-764,-0.10506817,,
Ce2Co17,,,-0.0705,,,,
PrCo5,hP6,P6/mmm,-0.1088,mp-2837,-0.00869899,31347,0.10190198
Pr2Co17,hR19,R-3m,-0.0705,,,29447,-0.05120681
NdCo5,hP6,P6/mmm,-0.1316,mp-569,-0.02884124,18557,0.07583558
Nd2Co17,hR19,R-3m,-0.0684,mp-356,-0.04709472,29416,0.12501809
SmCo5,hP6,P6/mmm,-0.1264,mp-1429,-0.05964595,,
Sm2Co17,,,-0.0746,,,,
Co5Gd,hP6,P6/mmm,-0.1036,,,18800,0.01275074
TbCo5,hP6,P6/mmm,-0.1524,mp-1200,-0.09841932,31309,0.11207467
Tb2Co17,,,-0.0798,,,,
Co17Dy2,,,-0.084,,,,
HoCo3,hR12,R-3m,-0.1814,mp-30558,-0.18762872,31229,-0.20234444
Co3Er,hR12,R-3m,-0.2042,mp-411,-0.20561058,113163,-0.21463602
TmCo3,hR12,R-3m,-0.2373,,,29523,-0.2299119
Co3Lu,hR12,R-3m,-0.2384,,,29389,-0.24771716
HfAlAu2,cF16,Fm-3m,-0.626,mp-10872,-0.50109168,10385,-0.50464884
Fe2RuSi,cF16,Fm-3m,-0.3109,,,526506,-0.05831597
Fe2RuGe,cF16,F-43m,-0.1669,,,,
Pd2CuAl,tP2,P4/mmm,-0.5721,,,,
HfAlPd2,cF16,Fm-3m,-0.8457,mp-16501,-0.8315606,10474,-0.82956983
Pd2HfGa,cF16,Fm-3m,-0.8281,,,468834,-0.74053448
Pd2HfIn,cF16,Fm-3m,-0.7918,mp-864734,-0.69834147,467796,-0.69394758
HfSnPd2,cF16,Fm-3m,-0.8043,,,463005,-0.72693835
Pd2MnAl,cP2,Pm-3m,-0.9027,,,,
Pd2MnGa,cP2,Pm-3m,-0.5649,,,,
Pd2MnIn,cP2,Pm-3m,-0.4249,,,,
MnSnPd2,cF16,Fm-3m,-0.5659,mp-20481,-0.4152267,30746,-0.43623346
Pd2TiAl,cP2,Pm-3m,-0.8436,,,,
TiGaPd2,cF16,Fm-3m,-0.6799,mp-866140,-0.66035607,463385,-0.66685186
TiInPd2,cF16,Fm-3m,-0.4249,mp-866168,-0.5749228,463323,-0.58036463
TiSnPd2,cF16,Fm-3m,-0.8146,mp-865679,-0.6071031,464113,-0.63046599
ZrAlPd2,cF16,Fm-3m,-0.8841,mp-541047,-0.80610144,10557,-0.80304897
ZrGaPd2,cF16,Fm-3m,-0.7898,mp-972183,-0.7250792,463371,-0.7232613
ZrInPd2,cF16,Fm-3m,-0.882,mp-977475,-0.70439622,463998,-0.69578426
ZrSnPd2,cF16,Fm-3m,-0.9556,mp-977568,-0.73463303,463248,-0.75081076
Pt2MnGa,,,-0.5814,,,,
Ru2FeAl,cP2,Pm-3m,-0.2767,,,,
Ru2FeSi,cP2,Pm-3m,-0.2954,,,,
Ru2FeGe,cF16,Fm-3m,-0.2042,mp-865191,-0.15887265,503820,-0.15820987
Ru2HfAl,cP2,Pm-3m,-0.7338,,,,
HfSnRu2,cF16,Fm-3m,-0.2581,mp-866219,-0.64140667,502278,-0.65579414
Ru2MnAl,cP2,Pm-3m,-0.3348,,,,
MnGaRu2,cF16,Fm-3m,-0.2622,mp-865140,-0.25646363,502362,-0.25392933
MnSiRu2,cF16,Fm-3m,-0.4768,mp-864966,-0.46129678,502597,-0.46449838
MnGeRu2,cF16,Fm-3m,-0.3078,mp-864936,-0.26656891,503606,-0.26434723
MnSnRu2,cF16,Fm-3m,-0.2114,mp-864971,-0.11616176,503527,-0.13254978
Ru2TiAl,cP2,Pm-3m,-0.6498,,,,
TiSiRu2,cF16,Fm-3m,-0.9836,mp-865681,-0.89107675,502620,-0.9041485
TiGeRu2,cF16,Fm-3m,-0.8198,mp-865640,-0.69907969,503536,-0.71557854
TiSnRu2,cF16,Fm-3m,-0.6281,mp-865888,-0.58413435,503388,-0.6117019
Ru2VAl,cP2,Pm-3m,-0.3203,,,,
VSiRu2,cF16,Fm-3m,-0.5794,mp-865507,-0.56948287,502753,-0.56545621
VGeRu2,cF16,Fm-3m,-0.3327,mp-865585,-0.35868372,503010,-0.33464862
VSnRu2,cF16,Fm-3m,-0.2187,,,504149,-0.190743
Ru2ZrAl,cP2,Pm-3m,-0.6685,,,,
Sc5Pb3,hP16,P63/mcm,-0.6353,mp-510209,-0.47463249,,
PbTi4,hP8,P63/mmc,-0.172,,,,
Y5Pb3,hP16,P63/mcm,-0.6716,,,30931,-0.59163632
Zr5Pb3,hP16,P63/mcm,-0.5244,mp-681992,-0.14045965,,
Nb3Pb,cP8,Pm-3n,-0.1078,mp-22068,0.13181374,17740,0.11097907
RhPb,hP6,P6/mmm,-0.171,mp-442,-0.09252528,,
Pd3Pb,cP4,Pm-3m,-0.3068,mp-20849,-0.30894702,7834,-0.29965135
PtPb,hP4,P63/mmc,-0.3596,mp-21380,0.02424395,669812,0.07791212
CuSnRh2,cF16,Fm-3m,-0.3016,mp-30595,-0.35656496,17162,-0.38480311
Rh2FeAl,cP2,Pm-3m,-0.5027,,,,
Rh2FeGa,cP2,Pm-3m,-0.3223,,,,
FeSnRh2,tI8,I4/mmm,-0.2995,mp-1018062,-0.305515,,
Rh2MnAl,cP2,Pm-3m,-0.7504,,,,
Rh2MnGa,cP2,Pm-3m,-0.5731,,,,
Rh2MnIn,cP2,Pm-3m,-0.3659,,,,
MnGeRh2,cF16,Fm-3m,-0.57,mp-4664,-0.44292375,647271,-0.44947884
MnSnRh2,cF16,Fm-3m,-0.4156,mp-4990,-0.44010532,17688,-0.46709352
Rh2TiAl,cP2,Pm-3m,-1.0116,,,,
Rh2TiGa,cP2,Pm-3m,-0.8188,,,,
Rh2TiSn,tI8,I4/mmm,-0.7742,,,,
VSnRh2,tI8,I4/mmm,-0.4643,mp-669918,-0.41636787,18063,-0.43863856
VGaNi2,cF16,Fm-3m,-0.2228,mp-30658,-0.28814787,17275,-0.28700053
VNi2Sn,cF16,Fm-3m,-0.2508,mp-20864,-0.1140145,17820,-0.1417274
VFe2Sn,cF16,Fm-3m,-0.0383,mp-636359,0.04401775,17233,-0.01862392
Fe2VAl,cP2,Pm-3m,-0.2487,,,,
Fe2NiAl,cP2,Pm-3m,-0.3203,,,,
Fe2CuAl,cP2,Pm-3m,-0.2425,,,,
Fe2MnAl,cP2,Pm-3m,-0.0943,,,,
Mn2RuSi,,,-0.3835,,,,
Mn2SnRu,cF16,F-43m,-0.1803,mp-999557,0.07886879,,
Mn0.2Ni0.55Sn0.25,cF16,Fm-3m,-0.2757,,,,
Mn0.30Ni0.45Sn0.25,cF16,Fm-3m,-0.285,,,,
Mn0.35Ni0.4Sn0.25,cF16,Fm-3m,-0.2757,,,,
Mn3Ni5Sn2,cF16,Fm-3m,-0.2176,,,,
Mn0.35Ni0.5Sn0.15,cF16,Fm-3m,-0.2083,,,,
TiGaNi2,cF16,Fm-3m,-0.4405,mp-30657,-0.53975432,17273,-0.56136537
TiInNi2,cF16,Fm-3m,-0.2954,mp-22463,-0.34461536,55528,-0.36462902
TiNi2Sn,cF16,Fm-3m,-0.485,mp-3740,-0.43329163,17816,-0.47901202
MnAlIr2,cF16,Fm-3m,-0.6716,mp-864950,-0.57404936,458527,-0.5817824
MnGaIr2,cF16,Fm-3m,-0.2218,mp-865088,-0.33127356,457980,-0.34589253
InMnPt2,,,-0.484,,,,
CuInRh2,cP2,Pm-3m,-0.2322,,,,
MnSnAu,cF12,F-43m,-0.5016,mp-22027,-0.0448774,647441,-0.07865257
TiCoSn,cF12,F-43m,-0.4415,mp-20453,0.31134766,860363,-0.37599542
MnGaIr,cF12,F-43m,-0.4239,,,684862,0.06719219
MnSnIr,cF12,F-43m,-0.3047,mp-11480,0.29446035,17497,0.2571392
ZrSnIr,hP18,P-62c,-0.9235,mp-607139,-0.73836035,24958,-0.77341546
HfNiSn,cF12,F-43m,-0.6488,mp-924128,-0.63230214,667584,0.13071924
TiNiSn,cF12,F-43m,-0.5452,mp-924130,-0.52801859,115027,-0.58058168
ZrNiSn,cF12,F-43m,-0.7214,mp-924129,-0.68398515,676556,-0.71904526
HfSnPd,cF12,F-43m,-0.7089,mp-11869,-0.72360596,18376,-0.7517317
PdSnZr,cP2,Pm-3m,-0.8975,,,,
HfSnPt,cF12,F-43m,-1.024,mp-20889,-0.27783584,566182,-1.01509825
MnGaPt,hP6,P63/mmc,-0.6084,mp-569151,-0.45781977,17256,-0.4582049
MnSnPt,cF12,F-43m,-0.5783,mp-21418,-0.33896264,17683,-0.36926039
TiSnPt,cF12,F-43m,-0.9701,mp-30847,-0.83028347,18005,-0.87088914
ZrSnPt,cF12,F-43m,-1.0872,mp-961713,-1.02254305,566429,-1.05425069
Co0.25Ni1.75MnSn,cF16,Fm-3m,-0.1969,,,,
Co0.125Mn0.25Ni0.375Sn0.25,cF16,Fm-3m,-0.1855,,,,
Co0.75Ni1.25MnSn,cF16,Fm-3m,-0.2259,,,,
CoNiMnSn,cF16,Fm-3m,-0.2094,,,,
Co1.25Ni0.25MnSn,cF16,Fm-3m,-0.2197,,,,
Co0.375Mn0.25Ni0.125Sn0.25,cF16,Fm-3m,-0.2384,,,,
Co1.75Ni0.25MnSn,cF16,Fm-3m,-0.2581,,,,
Ni2Mn0.25Ti0.75Sn,cF16,Fm-3m,-0.4353,,,,
Ni2Mn0.5Ti0.5Sn,cF16,Fm-3m,-0.3451,,,,
Ni2Mn0.75Ti0.25Sn,cF16,Fm-3m,-0.3451,,,,
Ni0.25Pd1.75MnSn,cF16,Fm-3m,-0.5369,,,,
Mn0.25Ni0.125Pd0.375Sn0.25,cF16,Fm-3m,-0.4871,,,,
Mn0.25Ni0.1875Pd0.3125Sn0.25,cF16,Fm-3m,-0.4394,,,,
NiPdMnSn,cF16,F-43m,-0.3887,,,,
Mn0.25Ni0.3125Pd0.1875Sn0.25,cF16,Fm-3m,-0.3192,,,,
Mn0.25Ni0.375Pd0.125Sn0.25,cF16,Fm-3m,-0.2985,,,,
Mn0.25Ni0.4375Pd0.0625Sn0.25,cF16,Fm-3m,-0.2985,,,,
In0.05Mn0.25Ni0.5Sn0.2,cF16,Fm-3m,-0.2353,,,,
In0.1Mn0.25Ni0.5Sn0.15,cF16,Fm-3m,-0.2643,,,,
In0.15Mn0.25Ni0.5Sn0.1,cF16,Fm-3m,-0.2104,,,,
In0.2Mn0.25Ni0.5Sn0.05,cF16,F-43m,-0.2674,,,,
Al0.05Mn0.25Ni0.5Sn0.2,cF16,Fm-3m,-0.2684,,,,
Al0.1Mn0.25Ni0.5Sn0.15,cF16,Fm-3m,-0.2954,,,,
Al0.15Mn0.25Ni0.5Sn0.1,cP2,Pm-3m,-0.3337,,,,
Al0.2Mn0.25Ni0.5Sn0.05,cP2,Pm-3m,-0.3296,,,,
Ni2Mn0.2V0.8Sn,cF16,Fm-3m,-0.284,,,,
Ni2Mn0.4V0.6Sn,cF16,Fm-3m,-0.2964,,,,
Mn0.15Ni0.5Sn0.25V0.1,cF16,Fm-3m,-0.3285,,,,
Mn0.2Ni0.5Sn0.25V0.05,cF16,Fm-3m,-0.2415,,,,
Fe0.25Ni1.75MnSn,cF16,Fm-3m,-0.2612,,,,
Fe0.125Mn0.25Ni0.375Sn0.25,cF16,Fm-3m,-0.2757,,,,
Fe0.75Ni1.25MnSn,cF16,Fm-3m,-0.1814,,,,
FeNiMnSn,cF16,Fm-3m,-0.1057,,,,
Cu0.25Ni1.75MnSn,cF16,Fm-3m,-0.2384,,,,
Cu0.125Mn0.25Ni0.375Sn0.25,cF16,Fm-3m,-0.2881,,,,
Fe0.1875Mn0.25Ni0.3125Sn0.25,cF16,Fm-3m,-0.2747,,,,
CuNiMnSn,cF16,Fm-3m,-0.2633,,,,
Cu0.3125Mn0.25Ni0.1875Sn0.25,cF16,Fm-3m,-0.2881,,,,
Cu0.375Mn0.25Ni0.125Sn0.25,cF16,Fm-3m,-0.2747,,,,
Cu1.75Ni0.25MnSn,cF16,Fm-3m,-0.2757,,,,
Ge0.05Mn0.25Ni0.5Sn0.2,cF16,Fm-3m,-0.2218,,,,
Ge0.1Mn0.25Ni0.5Sn0.15,cF16,Fm-3m,-0.2829,,,,
Ge0.15Mn0.25Ni0.5Sn0.1,cF16,Fm-3m,-0.2498,,,,
Ge0.2Mn0.25Ni0.5Sn0.05,cF16,Fm-3m,-0.3389,,,,
Ni2MnSi0.2Sn0.8,cF16,Fm-3m,-0.2446,,,,
Ga0.05Mn0.25Ni0.5Sn0.2,cF16,Fm-3m,-0.2477,,,,
Ga0.1Mn0.25Ni0.5Sn0.15,cF16,Fm-3m,-0.2995,,,,
Ga0.15Mn0.25Ni0.5Sn0.1,cF16,Fm-3m,-0.3078,,,,
Ga0.2Mn0.25Ni0.5Sn0.05,cF16,Fm-3m,-0.2892,,,,
Ce5Pb3,hP16,P63/mcm,-0.7835,,,690179,-0.5320109
Pr5Pb3,hP16,P63/mcm,-0.8001,,,,
Nd5Pb3,hP16,P63/mcm,-0.7773,,,30804,-0.54425795
Sm5Pb3,hP16,P63/mcm,-0.7929,,,,
Gd5Pb3,hP16,P63/mcm,-0.798,,,30399,-0.55242522
Tb5Pb3,hP16,P63/mcm,-0.7379,,,30923,-0.13671797
Dy5Pb3,hP16,P63/mcm,-0.7887,mp-569760,-0.54462748,29904,-0.54011757
Ho5Pb3,hP16,P63/mcm,-0.7452,mp-30730,-0.53146096,17466,-0.53073424
Er5Pb3,hP16,P63/mcm,-0.7794,,,30023,-0.5183237
Tm5Pb3,hP16,P63/mcm,-0.7939,,,30928,-0.49914195
Lu5Pb3,hP16,P63/mcm,-0.7752,,,30697,-0.46361792
Li17Sn4,cF420,F-43m,-0.4156,mp-573471,-0.34836755,22905,-0.35750635
AgCa3,oS36,Cmcm,-0.1223,,,,
Cu2NiSn,cF16,Fm-3m,-0.1461,mp-4367,0.04125642,19462,0.00643917
Cu0.6Ni0.15Sn0.25,cF16,Fm-3m,-0.1213,,,,
Cu0.4Ni0.35Sn0.25,cF16,Fm-3m,-0.1679,,,,
Cu0.3Ni0.45Sn0.25,cF16,Fm-3m,-0.1897,,,,
Cu0.12Ni0.63Sn0.25,oS12,Cmcm,-0.2239,,,,
Cu0.05Ni0.7Sn0.25,hP8,P63/mmc,-0.2415,,,,
Cu0.3Ni0.29Sn0.41,hP6,P63/mmc,-0.229,,,,
Cu0.2Ni0.39Sn0.41,hP6,P63/mmc,-0.2705,,,,
Cu0.1Ni0.49Sn0.41,hP6,P63/mmc,-0.2995,,,,
Cu0.275Ni0.27Sn0.455,hP6,P63/mmc,-0.1886,,,,
Cu0.375Ni0.17Sn0.455,hP6,P63/mmc,-0.1679,,,,
FeGe,hP6,P6/mmm,-0.1613,mp-22478,-0.12579344,647200,-0.12767187
FeGe2,tI12,I4/mcm,-0.3823,mp-21117,-0.06049156,7790,-0.06497736
AlLi,cF16,Fd-3m,-0.2145,mp-1067,-0.17935152,2012,-0.1861232
AlLi,cF16,Fd-3m,,mp-1067,-0.17935152,2012,-0.1861232
Al2Li3,hR15,R-3m,-0.198,mp-16506,-0.18145293,10488,-0.19199537
Al4Li9,mS26,C12/m1,-0.1565,mp-568404,-0.15599208,,
SmMg,cP2,Pm-3m,-0.1917,mp-2558,-0.10785642,90153,-0.1044123
SmMg2,cF24,Fd-3m,-0.1658,mp-529,-0.09464138,17651,-0.09422897
SmMg3,cF16,Fm-3m,-0.1244,mp-30779,-0.110229,17652,-0.10948037
Mg5Sm,cF448,F-43m,-0.0881,,,,
Mg41Sm5,tI92,I4/m,-0.057,,,,
Ni3Ge,cP4,Pm-3m,,mp-21008,-0.2918224,17342,-0.29969984
Ge3Ni5,hP6,P63/mmc,,,,,
Ge2Ni3,hP6,P63/mmc,,,,,
NiGe,oP8,Pnma,,mp-1099,-0.30645184,646855,-0.31421743
AlNd3,hP8,P63/mmc,-0.3131,,,,
NbCr2,cF24,Fd-3m,-0.0301,mp-548,-0.03087492,19373,-0.04063231
NbFe2,hP12,P63/mmc,-0.141,mp-568901,-0.12231512,30227,-0.12212013
