formula,pearson symbol,space group,mpid,oqmdid,e_form expt,e_form mp,e_form oqmd
ScAg2,tI6,I4/mmm,mp-1018128,27633,-0.2809,-0.30212525,-0.30750919
ScAg,cP2,Pm-3m,mp-11237,10665,-0.2715,-0.27875396,-0.28691687
Ag51Y14,hP68,P6/m,,,-0.2301,,
YAg,cP2,Pm-3m,mp-2474,10681,-0.2778,-0.33641916,-0.34309354
Ag51La14,hP68,P6/m,,,-0.2218,,
LaAg,cP2,Pm-3m,mp-1948,10639,-0.1752,-0.26173778,-0.26489469
Ag51Ce14,hP68,P6/m,,,-0.2,,
CeAg,cP2,Pm-3m,mp-2756,10361,-0.1399,-0.03966432,-0.24419368
Ag51Pr14,hP68,P6/m,,,-0.229,,
PrAg,cP2,Pm-3m,mp-2525,10662,-0.2529,-0.24710848,-0.25770733
Ag51Nd14,hP68,P6/m,,,-0.1834,,
NdAg,cP2,Pm-3m,mp-1236,10660,-0.2052,-0.25934894,-0.26962121
ZrAg,tP4,P4/nmm,mp-11239,10690,-0.0323,-0.12296924,-0.12506091
Zr2Ag,tI6,I4/mmm,mp-2221,10691,-0.0152,-0.10909721,-0.11036623
HfAg,tP4,P4/nmm,mp-13156,20652,-0.1113,-0.11973231,-0.11913138
Al0.67Ni0.17Y0.16,oC24,Cmcm,,,-0.5597,,
YAl2Ni,oS16,Cmcm,mp-13094,10532,-0.6509,-0.64821439,-0.65212275
Al0.18Ni0.55Y0.27,cI44,Im-3m,,,-0.5027,,
Al0.8Ni0.15Y0.05,,Cmcm,,,-0.37,,
Al0.6Ni0.07Y0.33,cF24,Fd-3m,,,-0.5877,,
YAlNi,hP9,P-62m,mp-13095,27924,-0.5607,-0.59861675,-0.60450311
YAl3Ni2,hP18,P6/mmm,mp-5063,647439,-0.6509,-0.65817815,-0.66654722
Al0.25Ni0.58Y0.17,hP6,P6/mmm,,,-0.5006,,
Al0.15Ni0.68Y0.17,hP6,P6/mmm,,,-0.4902,,
Al0.05Ni0.78Y0.17,hP6,P6/mmm,,,-0.3746,,
Al0.08Ni0.67Y0.25,hP24,P63/mmc,,,-0.3928,,
HfAlNi2,cF16,Fm-3m,mp-5748,10473,-0.6032,-0.63745526,-0.64536214
Al0.82Fe0.09Ni0.09,mP22,P121/c1,,,-0.2674,,
Al0.72Fe0.14Ni0.14,,,,,-0.3804,,
Al0.18Fe0.07Ni0.75,cP4,Pm-3m,,,-0.2933,,
AlFe2Ni,cP2,Pm-3m,,,-0.2892,,
AlFeNi2,cP2,Pm-3m,,,-0.3171,,
Al3Fe3Ni4,cP2,Pm-3m,,,-0.3545,,
Al0.33Fe0.57Ni0.1,cP2,Pm-3m,,,-0.256,,
Al2Fe3Ni,cP2,Pm-3m,,,-0.3348,,
AlFeNi,cP2,Pm-3m,,,-0.4084,,
Al3Fe2Ni4,cP2,Pm-3m,,,-0.427,,
Al2FeNi3,cP2,Pm-3m,,,-0.4301,,
Al0.33Fe0.1Ni0.57,cP2,Pm-3m,,,-0.454,,
Al4Fe5Ni,cP2,Pm-3m,,,-0.2933,,
Al2Fe2Ni,cP2,Pm-3m,,,-0.3399,,
Al4Fe3Ni3,cP2,Pm-3m,,,-0.3669,,
Al2FeNi2,cP2,Pm-3m,,,-0.4436,,
Al4FeNi5,cP2,Pm-3m,,,-0.5058,,
Al5Fe4Ni,cP2,Pm-3m,,,-0.3089,,
Al2FeNi,cP2,Pm-3m,,,-0.4612,,
Al5FeNi4,cP2,Pm-3m,,,-0.4944,,
AlFe2,cP2,Pm-3m,,,-0.2301,,
Al2Fe3,cP2,Pm-3m,,,-0.2684,,
AlFe,cP2,Pm-3m,mp-2658,54708,-0.2747,-0.33204742,-0.33175568
AlNbNi,hP12,P63/mmc,,,-0.4239,,
NbAlNi2,cF16,Fm-3m,mp-4813,10512,-0.4001,-0.42826975,-0.44036077
Al0.27Nb0.33Ni0.4,hP12,P63/mmc,,,-0.4052,,
Al0.4Nb0.33Ni0.2,hP12,P63/mmc,,,-0.4788,,
Al0.2Nb0.04Ni0.76,cP4,Pm-3m,,,-0.2943,,
Al0.45Ni0.45Ru0.1,cP2,Pm-3m,,,-0.5752,,
Al2Ni2Ru,cP2,Pm-3m,,,-0.5349,,
Al5NiRu4,cP2,Pm-3m,,,-0.6426,,
Al5Ni2Ru3,cP2,Pm-3m,,,-0.6544,,
Al5Ni4Ru,cP2,Pm-3m,,,-0.5794,,
Al5Ni3Ru2,cP2,Pm-3m,,,-0.6374,,
Al0.45Ni0.1Ru0.45,cP2,Pm-3m,,,-0.5816,,
Al0.45Ni0.35Ru0.2,cP2,Pm-3m,,,-0.597,,
Al0.45Ni0.2Ru0.35,cP2,Pm-3m,,,-0.5896,,
Al5CoNi4,cP2,Pm-3m,,,-0.5618,,
Al0.5Co0.2Ni0.3,cP2,Pm-3m,,,-0.548,,
Al0.5Co0.3Ni0.2,cP2,Pm-3m,,,-0.5348,,
Al5Co4Ni,cP2,Pm-3m,,,-0.5304,,
AlCo,cP2,Pm-3m,mp-284,10411,-0.5367,-0.60278819,-0.61034217
Al4CoNi5,cP2,Pm-3m,,,-0.479,,
Al2CoNi2,cP2,Pm-3m,,,-0.4578,,
Al4Co3Ni3,cP2,Pm-3m,,,-0.4382,,
Al0.5Co0.05Ni0.45,cP2,Pm-3m,,,-0.6051,,
Al2Co2Ni,cP2,Pm-3m,,,-0.4353,,
Al4Co5Ni,cP2,Pm-3m,,,-0.4213,,
Al2Co3,cP2,Pm-3m,,,-0.3716,,
Al0.55Co0.1Ni0.35,cP2,Pm-3m,,,-0.6093,,
Al0.52Co0.18Ni0.3,cP2,Pm-3m,,,-0.5539,,
Al0.4Co0.05Ni0.55,cP2,Pm-3m,,,-0.486,,
Al0.33Co0.2Ni0.47,cP2,Pm-3m,,,-0.3758,,
Al0.25Co0.05Ni0.7,cp4,Pm-3m,,,-0.3238,,
Al0.71Co0.25Ni0.04,hP28,P63/mmc,,,-0.4208,,
AlCo,cP2,Pm-3m,mp-284,10411,-0.5535,-0.60278819,-0.61034217
AlNi,cP2,Pm-3m,mp-1487,94913,-0.6405,-0.65864811,-0.66944636
Al0.5Cu0.05Ni0.45,cP2,Pm-3m,,,-0.5815,,
Al5CuNi4,cP2,Pm-3m,,,-0.5675,,
Al0.5Cu0.15Ni0.35,cP2,Pm-3m,,,-0.426,,
Al5Cu2Ni3,cP2,Pm-3m,,,-0.4033,,
Al2CuNi,cP2,Pm-3m,,,-0.3319,,
Al5Cu3Ni2,cP2,Pm-3m,,,-0.3106,,
Al2Ni3,cP2,Pm-3m,,,-0.5317,,
Al4CuNi5,cP2,Pm-3m,,,-0.5068,,
Al2CuNi2,cP2,Pm-3m,,,-0.4315,,
Al0.4Cu0.25Ni0.35,cP2,Pm-3m,,,-0.4059,,
Al4Cu3Ni3,cP2,Pm-3m,,,-0.3888,,
Al2Cu2Ni,cP2,Pm-3m,,,-0.3029,,
Al0.4Cu0.45Ni0.15,cP2,Pm-3m,,,-0.3294,,
Al0.55Cu0.15Ni0.3,cP2,Pm-3m,,,-0.4294,,
AlCu8Ni,cF4,Fm-3m,,,-0.0685,,
Al3Cu5Ni2,cP2,Pm-3m,,,-0.2953,,
Al5Ni4Pt,cP2,Pm-3m,,,-0.7038,,
Al5Ni3Pt2,cP2,Pm-3m,,,-0.7472,,
Al0.45Ni0.45Pt0.1,cP2,Pm-3m,,,-0.6247,,
Al0.45Ni0.4Pt0.15,cP2,Pm-3m,,,-0.6389,,
Al0.5Ni0.45Pt0.05,cP2,Pm-3m,,,-0.6296,,
Al0.55Ni0.4Pt0.05,cP2,Pm-3m,,,-0.6321,,
Al6Ni3Pt,hP5,P-3m1,,,-0.6692,,
Al3NiPt,hP5,P-3m1,,,-0.8191,,
Al6NiPt3,hP5,P-3m1,,,-0.9105,,
Al0.27Ni0.63Pt0.1,cP2,Pm-3m,,,-0.5166,,
Al0.27Ni0.68Pt0.05,cP2,Pm-3m,,,-0.4337,,
Al0.05Ni0.9Pt0.05,cF4,Fm-3m,,,-0.1538,,
Al0.9Ni0.05Pt0.05,cF4,Fm-3m,,,-0.1919,,
Al5Ni4Pd,cP2,Pm-3m,,,-0.6777,,
Al5Ni3Pd2,cP2,Pm-3m,,,-0.7476,,
Al5Ni2Pd3,cP2,Pm-3m,,,-0.808,,
Al5NiPd4,cP2,Pm-3m,,,-0.9033,,
AlPd,cP2,Pm-3m,mp-829,10550,-0.9457,-0.8822333,-0.87597428
Al4Ni5Pd,cP2,Pm-3m,,,-0.5922,,
Al2Ni2Pd,cP2,Pm-3m,,,-0.6382,,
Al4Ni3Pd3,cP2,Pm-3m,,,-0.7154,,
Al2NiPd2,cP2,Pm-3m,,,-0.7781,,
Al0.54Ni0.46,cP2,Pm-3m,,,-0.6177,,
Al0.45Ni0.5Ti0.05,cP2,Pm-3m,,,-0.6156,,
Al4Ni5Ti,cP2,Pm-3m,,,-0.6229,,
Al0.45Ni0.55,cP2,Pm-3m,,,-0.6053,,
Al0.4Ni0.55Ti0.05,cP2,Pm-3m,,,-0.5882,,
Al0.5Ni0.42Ti0.08,cP2,Pm-3m,,,-0.5721,,
Al3Ni5Ti2,cF16,Fm-3m,,,-0.5599,,
TiAlNi2,cF16,Fm-3m,mp-7187,21081,-0.5783,-0.62052541,-0.64117697
Al2Ni5Ti3,cF16,Fm-3m,,,-0.569,,
Al0.05Ni0.5Ti0.45,cP2,Pm-3m,,,-0.4218,,
Al5Ni2Ti3,cF144,Fm-3m,,,-0.4995,,
Al0.21Ni0.74Ti0.05,cP4,Pm-3m,,,-0.2545,,
Al0.16Ni0.74Ti0.1,cP4,Pm-3m,,,-0.3341,,
Al0.11Ni0.74Ti0.15,cP4,Pm-3m,,,-0.4102,,
TiAl2Ni,cF144,Fm-3m,,509949,-0.5,,-0.33701128
Al0.05Ni0.75Ti0.2,hP16,P63/mmc,,,-0.3616,,
Al5IrNi4,cP2,Pm-3m,,,-0.6227,,
Al5Ir2Ni3,cP2,Pm-3m,,,-0.6825,,
Al5Ir4Ni,cP2,Pm-3m,,,-0.8476,,
AlIr,cP2,Pm-3m,mp-1885,10480,-0.8875,-0.9453517,-0.94632008
AlIr,cP2,Pm-3m,mp-1885,10480,-0.9618,-0.9453517,-0.94632008
Al4IrNi5,cP2,Pm-3m,,,-0.5559,,
Al2IrNi2,cP2,Pm-3m,,,-0.6187,,
Al4Ir3Ni3,cP2,Pm-3m,,,-0.6869,,
Al2Ir2Ni,cP2,Pm-3m,,,-0.7747,,
ScAu,cP2,Pm-3m,mp-11256,10797,-0.7887,-0.80003426,-0.8037018
YAu,cP2,Pm-3m,mp-11261,10822,-0.8157,-0.8561513,-0.86178639
LaAu,oP8,Pnma,,28181,-0.7245,,-0.82187696
Au51Ce14,hP68,P6/m,,,-0.513,,
Au2Ce,oI12,Imma,,,-0.5959,,
CeAu,oP8,Pnma,,28133,-0.6509,,-0.78051986
Au51Pr14,hP68,P6/m,,,-0.569,,
PrAu2,oI12,Imma,mp-30415,10795,-0.6654,-0.76024071,-0.76304137
PrAu,oP8,Pnma,,28204,-0.7483,,-0.79399349
Au51Nd14,hP68,P6/m,,,-0.511,,
Au2Nd,tP106,P4/nmm,,,-0.7224,,
NdAu,oP8,Pnma,,28192,-0.7276,,-0.8085836
TiAu2,tI6,I4/mmm,mp-1018123,10816,-0.476,-0.42368917,-0.43286958
TiAu,tP4,P4/nmm,mp-998972,28225,-0.4581,-0.42630756,-0.44766886
Ti3Au,cP8,Pm-3n,mp-1786,10815,-0.3253,-0.3503004,-0.40897919
ZrAu3,oP8,Pmmn,,28234,-0.5328,,-0.49745752
ZrAu2,tI6,I4/mmm,mp-1018103,28235,-0.6322,-0.57450582,-0.57476874
Au4Zr5,mP32,P12/m1,,,-0.4887,,
Zr3Au,cP8,Pm-3n,mp-11263,10833,-0.3117,-0.34064662,-0.344695
HfAu3,oP8,Pmmn,,28169,-0.5676,,-0.47940044
HfAu2,tI6,I4/mmm,mp-1018153,28170,-0.6424,-0.55926991,-0.56096042
HfAu,tP4,P4/nmm,mp-1007755,28171,-0.5911,-0.53970088,-0.54374941
Hf2Au,tI6,I4/mmm,mp-30383,10733,-0.4224,-0.44170843,-0.43916889
Au4V,,,,,-0.1015,,
Au2V,,,,,-0.1075,,
AuV4,,,,,-0.1009,,
Au2Nb,,,,,-0.1385,,
Au2Ta3,,,,,-0.2131,,
CeNi,oS8,Cmcm,mp-21188,19828,-0.314,-0.31832568,-0.2680098
CeNi5,hP6,P6/mmm,mp-1910,,-0.2912,-0.34174988,
CeRu2,cF24,Fd-3m,mp-607,31172,-0.2892,-0.28556185,-0.03192737
CeRh2,cF24,Fd-3m,mp-951,18272,-0.6892,-0.72223566,-0.60159683
CeRh3,cP4,Pm-3m,mp-1518,29167,-0.5721,-0.65070242,-0.22961403
Ce5Rh4,oP36,Pnma,mp-680602,27547,-0.7307,-0.6354722,-0.56776512
CePd,oS8,Cmcm,mp-1018086,29155,-0.8115,-0.67666873,-0.76634775
CePd3,cP4,Pm-3m,mp-2092,18665,-0.7566,-0.84301504,-0.72610748
CeIr2,cF24,Fd-3m,mp-582,29113,-0.7649,-0.77569556,-0.62518661
CePt,oS8,Cmcm,mp-21245,18268,-1.0758,-1.09083658,-1.0789242
CePt2,cF24,Fd-3m,mp-2109,18795,-0.939,-1.01138152,-0.99678888
CeCu6,oP28,Pnma,mp-21708,19222,-0.2166,-0.11954031,-0.11315403
CeCu6,oP28,Pnma,mp-21708,19222,-0.1047,-0.11954031,-0.11315403
CeCu2,oI12,Imma,mp-2801,29059,-0.2197,-0.15003585,-0.17359366
CeCu2,oI12,Imma,mp-2801,29059,-0.1534,-0.15003585,-0.17359366
TiCo,cP2,Pm-3m,mp-823,18811,-0.428,-0.39000135,-0.4096884
ZrCo2,cF24,Fd-3m,mp-929,31202,-0.371,-0.30849371,-0.32129482
ZrCo,cP2,Pm-3m,mp-2283,29537,-0.371,-0.28187688,-0.28789901
Zr2Co,tI12,I4/mcm,mp-628,29534,-0.2736,-0.25113077,-0.26078137
HfCo2,cF24,Fd-3m,mp-2337,29360,-0.4084,-0.36745692,-0.38035091
HfCo,cP2,Pm-3m,mp-2027,88389,-0.4923,-0.39554595,-0.39532442
HfCo,cP2,Pm-3m,mp-2027,88389,-0.4436,-0.39554595,-0.39532442
Cu4Sc,,,,,-0.1451,,
ScCu2,tI6,I4/mmm,mp-1018149,29783,-0.18,-0.25442908,-0.25688792
ScCu,cP2,Pm-3m,mp-1169,88926,-0.2161,-0.27157447,-0.27835424
Cu4Y,hP6,P6/mmm,,,-0.1662,,
YCu2,oI12,Imma,mp-2698,22909,-0.2021,-0.25999506,-0.263491
YCu,cP2,Pm-3m,mp-712,88957,-0.2004,-0.23550464,-0.2439541
LaCu6,oP28,Pnma,mp-636256,29713,-0.1027,-0.12873991,-0.13245614
LaCu2,hP3,P6/mmm,mp-2051,29715,-0.1675,-0.21782207,-0.22225439
PrCu6,oP28,Pnma,mp-30698,29754,-0.1171,-0.12151383,-0.1256437
Cu2Pr,oI12,Imma,,,-0.1503,,
Cu6Nd,oP28,Pnma,,,-0.1378,,
NdCu2,oI12,Imma,mp-11852,18310,-0.1752,-0.20811317,-0.20554552
CuTi,,,,,-0.0996,,
Cu3Zr,,,,,-0.1458,,
Cu3Zr2,,,,,-0.1276,,
CuZr,,,,,-0.0938,,
CuZr2,,,,,-0.1135,,
Cu4Hf,,,,,-0.1415,,
Cu3Hf2,,,,,-0.131,,
CuHf2,,,,,-0.1578,,
DyNi,oP8,Pnma,mp-2738,89117,-0.3648,-0.45827261,-0.46149673
DyNi5,hP6,P6/mmm,mp-1179,29892,-0.284,-0.33433602,-0.3363989
DyRu2,hP12,P63/mmc,,,-0.2829,,
DyRh,cP2,Pm-3m,mp-232,89140,-0.7929,-0.89557702,-0.87351625
DyRh2,cF24,Fd-3m,mp-1388,29923,-0.6457,-0.75729068,-0.75177647
Dy7Rh3,,,,,-0.5887,,
DyPd,,,,,-0.8633,,
Dy4Pd5,,,,,-0.8975,,
DyPd3,,,,,-0.7898,,
DyIr2,cF24,Fd-3m,mp-1358,29881,-0.7245,-0.81256708,-0.81551265
DyPt,oP8,Pnma,,29915,-1.1338,,-1.28752687
DyPt2,,,,,-1.0167,,
DyPt3,,,,,-0.8582,,
ErNi,oP8,Pnma,mp-567314,30015,-0.4363,-0.48549384,-0.49334426
ErNi5,hP6,P6/mmm,mp-853,9962,-0.3026,-0.33986862,-0.34341508
ErRu2,hP12,P63/mmc,mp-569220,19323,-0.2715,-0.36478196,-0.3528259
ErRh,cP2,Pm-3m,mp-2381,30040,-0.9058,-0.9528684,-0.93567722
ErRh2,cF24,Fd-3m,mp-1762,30042,-0.7234,-0.76770201,-0.7658654
ErPd,cP2,Pm-3m,mp-851,89074,-0.9442,-0.93696182,-0.93152616
Er3Pd4,hR42,R-3,,30026,-0.9805,,-0.96967227
ErPd3,cP4,Pm-3m,mp-2825,18320,-0.9349,-0.91946738,-0.9140862
ErIr2,cF24,Fd-3m,mp-1495,29997,-0.7866,-0.82361226,-0.82946363
ErPt,oP8,Pnma,,30033,-1.2302,,-1.31429651
ErPt2,cF24,Fd-3m,mp-480,30034,-1.1173,-1.11267266,-1.1099039
ErPt3,cP4,Pm-3m,mp-1913,30031,-0.9701,-1.0588538,-1.05419548
ErIr,cP2,Pm-3m,mp-2713,30000,-0.8592,-0.90571141,-0.88723354
GdNi,oS8,Cmcm,mp-542632,31223,-0.3099,-0.39817732,-0.4264578
GdNi5,hP6,P6/mmm,mp-21305,18493,-0.285,-0.31645859,-0.32547128
GdRu2,hP12,P63/mmc,,19322,-0.2249,,-0.27254295
GdRh,cP2,Pm-3m,mp-1742,89749,-0.7504,-0.79845049,-0.80485092
GdRh2,cF24,Fd-3m,mp-20084,18849,-0.6778,-0.72410801,-0.73098246
GdPd,oS8,Cmcm,mp-11427,30400,-0.8561,-0.87615604,-0.90098728
Gd3Pd4,,,,,-0.9172,,
GdPd3,cP4,Pm-3m,mp-21427,18693,-0.826,-0.85188089,-0.86843066
GdIr2,cF24,Fd-3m,,30381,-0.71,,-0.79258353
GdPt,oP8,Pnma,mp-11428,30403,-1.1328,-1.22332553,-1.25292099
GdPt2,cF24,Fd-3m,mp-1422,19392,-1.0364,-1.09387375,-1.09629062
Hf2Ni7,mS36,C12/m1,,,-0.4571,,
HfNi,oS8,Cmcm,mp-1018056,30515,-0.6146,-0.51942899,-0.51903074
HfNi,,,,,-0.5006,,
HfNi3,hP40,P63/mmc,mp-12174,,-0.4954,-0.53959734,
HfPt,oS8,Cmcm,mp-1007691,30519,-1.1784,-1.1551287,-1.15022438
HfPd3,hP16,P63/mmc,mp-11453,17381,-0.9183,-0.88831847,-0.88228811
HfPd3,,,,,-0.9172,,
HfPd,,,,,-0.7203,,
HfPd,cP2,Pm-3m,mp-1002106,307534,-0.6986,-0.62011466,-0.62936267
HfRh,cP2,Pm-3m,mp-11457,17386,-0.9929,-0.84404262,-0.86225973
HfIr,,Pmma,mp-1018055,,-1.0022,-0.9168302,
HoNi,oP8,Pnma,mp-11871,18379,-0.4322,-0.47223961,-0.47578984
HoNi5,hP6,P6/mmm,mp-1553,,-0.3099,-0.33706329,
HoRu2,hP12,P63/mmc,,,-0.2778,,
HoRh,cP2,Pm-3m,mp-2163,89924,-0.9038,-0.92349809,-0.90454717
HoRh2,cF24,Fd-3m,mp-546,17475,-0.7296,-0.762437,-0.75878765
Ho3Rh2,tI140,I4/mcm,,,-0.7607,,
HoPd,oP8,Pnma,,30553,-0.9483,,-0.93871055
Ho3Pd4,,,,,-0.9763,,
HoPd3,cP4,Pm-3m,mp-1979,17468,-0.9058,-0.91014537,-0.90423583
HoIr2,cF24,Fd-3m,mp-928,17458,-0.7711,-0.81827398,-0.82305063
HoPt,oP8,Pnma,,30556,-1.2624,,-1.30171123
HoPt2,cF24,Fd-3m,mp-2579,17471,-1.1048,-1.11254222,-1.10920807
HoPt3,cP4,Pm-3m,mp-195,17472,-0.9877,-1.04221636,-1.03721597
HoIr,cP2,Pm-3m,mp-11476,17457,-0.8364,-0.87271706,-0.85305838
LaIr2,cF24,Fd-3m,mp-1463,17488,-0.6519,-0.72561905,-0.72714162
LaIr3,hR36,R-3m,,30613,-0.5151,,-0.5348565
PrIr2,cF24,Fd-3m,mp-946,17509,-0.7328,-0.66232216,-0.66759489
TbIr2,cF24,Fd-3m,mp-2725,17519,-0.7317,-0.80297357,-0.58630438
LuIr,cP2,Pm-3m,mp-1529,17492,-0.8861,-0.9940064,-0.97229331
LuIr2,cF24,Fd-3m,mp-1761,17493,-0.7359,-0.8276612,-0.83185282
YIr,cP2,Pm-3m,mp-30746,17536,-0.683,-0.80468492,-0.78488145
YIr2,cF24,Fd-3m,mp-2762,17537,-0.6156,-0.79612315,-0.80149427
ZrIr,cP2,Pm-3m,mp-11484,17541,-0.8882,-0.7304602,-0.76682189
TiIr,cP2,Pm-3m,mp-12594,116945,-0.8737,-0.74761197,-0.78383948
La3Ni,oP16,Pnma,,668142,-0.1358,,-0.19038848
LaNi,oS8,Cmcm,,30648,-0.257,,-0.33702567
LaNi5,hP6,P6/mmm,mp-2317,17564,-0.2726,-0.28580203,-0.28991384
LaRu2,cF24,Fd-3m,mp-2019,17577,-0.1068,-0.13222134,-0.11503042
LaRh,oS8,Cmcm,mp-1002107,31221,-0.5835,-0.75047637,-0.7408583
LaRh2,cF24,Fd-3m,mp-1702,17575,-0.5959,-0.70925247,-0.70088488
LaPd,oS8,Cmcm,mp-1002115,30656,-0.7898,-0.83987198,-0.83094462
LaPd3,cP4,Pm-3m,mp-674,17569,-0.7991,-0.8155392,-0.81537576
LaOs2,hP12,P63/mmc,,,-0.0933,,
LaPt2,cF24,Fd-3m,mp-912,17572,-0.9328,-1.08864628,-1.08129716
LaPt,oS8,Cmcm,mp-1002104,30659,-0.9545,-1.19302803,-1.1873856
LaPt,oS8,Cmcm,mp-1002104,30659,-1.0333,-1.19302803,-1.1873856
LuNi,oP8,Pnma,,30692,-0.4902,,-0.52931072
LuNi5,hP6,P6/mmm,mp-11491,17615,-0.3109,-0.34297382,-0.34533348
LuRh2,cF24,Fd-3m,mp-1728,17626,-0.7058,-0.77552117,-0.77269213
Lu3Rh2,,,,,-0.6084,,
LuPd,cP2,Pm-3m,mp-2205,17621,-0.9442,-0.9775014,-0.97183242
LuPd,cP2,Pm-3m,mp-2205,17621,-0.9846,-0.9775014,-0.97183242
LuPd3,cP4,Pm-3m,mp-1158,17622,-0.9193,-0.93985103,-0.9350624
LuPt,oP8,Pnma,,30701,-0.939,,-1.3408569
LuPt,oP8,Pnma,,30701,-1.2271,,-1.3408569
LuPt3,cP4,Pm-3m,mp-790,17624,-0.9245,-1.09541409,-1.09078775
LuPt3,,,,,-1.0717,,
Lu3Pd4,,,,,-1.0198,,
NbPt3,mP16,P121/m1,mp-12700,647400,-0.483,-0.65285668,-0.65412165
NdNi,oS8,Cmcm,mp-999339,30796,-0.2591,-0.31759139,-0.32541812
NdNi5,hP6,P6/mmm,mp-1824,,-0.2715,-0.27940392,
NdRu2,cF24,Fd-3m,mp-1781,17774,-0.1948,-0.1392589,-0.1218511
Nd5Ru2,mS28,C12/c1,,,-0.1783,,
NdRh,oS8,Cmcm,mp-999335,30810,-0.6654,-0.68586954,-0.67523078
NdRh2,cF24,Fd-3m,mp-2290,17771,-0.6208,-0.66563857,-0.6576357
NdRh3,hP24,P63/mmc,mp-864699,30811,-0.4602,-0.50838989,-0.50505822
Nd5Rh4,oP36,Pnma,,,-0.6208,,
NdPd,oS8,Cmcm,mp-999336,30805,-0.8001,-0.81837344,-0.81555618
NdPd3,cP4,Pm-3m,mp-2333,17765,-0.7597,-0.78640393,-0.78414478
NdIr2,cF24,Fd-3m,mp-890,17503,-0.7006,-0.69447488,-0.69973281
Nd5Ir3,tP32,P4/ncc,mp-30522,,-0.6187,-0.616531,
NdPt,oP8,Pnma,,30808,-1.082,,-1.14886368
NdPt2,cF24,Fd-3m,mp-2720,17768,-1.0147,-1.04798648,-1.0439796
NdPt5,hP6,P6/mmm,mp-2359,17770,-0.57,-0.70115448,-0.70350947
NiPt,cF4,Fm-3m,,,-0.0406,,
TiNi,cP2,Pm-3m,mp-571,116608,-0.3749,-0.34371282,-0.3780194
PrNi,oS8,Cmcm,mp-11799,30838,-0.2912,-0.29216889,-0.29994979
PrNi5,hP6,P6/mmm,mp-2370,17787,-0.2653,-0.26405656,-0.26530056
SmNi,oS8,Cmcm,mp-999145,30859,-0.3773,-0.36764828,-0.37422219
SmNi5,hP6,P6/mmm,mp-1075,17806,-0.284,-0.30177932,-0.30369402
TbNi,mP24,P121/m1,mp-31139,17831,-0.3814,-0.44018856,-0.11587876
TbNi5,hP6,P6/mmm,mp-30808,17834,-0.284,-0.32187828,-0.22247785
TmNi,oP8,Pnma,mp-11525,17842,-0.4809,-0.50330897,-0.50868034
TmNi5,hP6,P6/mmm,mp-11526,17844,-0.3016,-0.3424406,-0.34492088
TiNi3,hP16,P63/mmc,mp-1409,5776,-0.4374,-0.48423085,-0.49490854
TiNi,cP2,Pm-3m,mp-571,116608,-0.3431,-0.34371282,-0.3780194
Ni7Zr2,mS36,C12/m1,mp-2717,2288,-0.4208,-0.42918024,-0.43017345
ZrNi,oS8,Cmcm,mp-556,17864,-0.5234,-0.45603911,-0.45579793
Zr2Ni,tI12,I4/mcm,mp-328,103369,-0.3234,-0.32276983,-0.32468612
VNi3,tI8,I4/mmm,mp-171,17850,-0.2249,-0.24632097,-0.23769544
TaNi3,mP16,P121/m1,mp-569776,647410,-0.2114,-0.36122189,-0.36419278
YOs2,hP12,P63/mmc,mp-570670,19318,-0.257,-0.30890026,-0.30353374
OsTi,cP2,Pm-3m,mp-291,90586,-0.71,-0.71361444,-0.73613297
PrPd,oS8,Cmcm,mp-999291,31204,-0.8167,-0.79545696,-0.79253344
Pd2Pr,,,,,-0.8571,,
SmPd,oS8,Cmcm,mp-31380,18690,-0.854,-0.8606244,-0.85599954
Pd4Sm3,hR42,R-3,,,-0.9038,,
Pd3Sm,,,,,-0.8592,,
TbPd,oS8,Cmcm,mp-999124,30947,-0.883,-0.92341571,-0.58771042
Pd4Tb3,,,,,-0.8861,,
Pd3Tb,,,,,-0.8167,,
TmPd,cP2,Pm-3m,mp-348,17980,-0.9597,-0.95361712,-0.9479927
TmPd3,cP4,Pm-3m,mp-982,17981,-0.8996,-0.9290976,-0.92451966
YPd,oS8,Cmcm,,21469,-0.9836,,-0.91325416
Pd4Y3,hR42,R-3,,,-0.9618,,
YPd3,cP4,Pm-3m,mp-559,17986,-0.8188,-0.86590274,-0.85931583
TiPd3,hP16,P63/mmc,,21293,-0.6737,,-0.64955897
TaPd3,tI18,I4/mmm,mp-30836,17964,-0.3741,-0.49012818,-0.48488672
UPd3,hP16,P63/mmc,mp-30841,17982,-0.7638,-0.53641653,-0.5302551
UPd3,hP16,P63/mmc,mp-30841,17982,-0.741,-0.53641653,-0.5302551
TiPd,cP2,Pm-3m,mp-11546,17970,-0.5348,-0.47762927,-0.48671641
TiPd,oP4,Pmma,mp-980094,,-0.5524,-0.54879321,
Pd3Zr,,,,,-0.8747,,
ZrPd,mS16,Cmcm,mp-13495,9971,-0.6353,-0.65376425,-0.64896546
ZrPd,mS16,Cmcm,mp-13495,9971,-0.6851,-0.65376425,-0.64896546
PrRu2,cF24,Fd-3m,mp-2665,18889,-0.1752,-0.1002159,-0.08165385
PrRh2,cF24,Fd-3m,mp-2529,18888,-0.626,-0.64200098,-0.63329281
PrPt,oP8,Pnma,,30953,-1.0717,,-1.11835627
PrPt2,cF24,Fd-3m,mp-1061,18883,-0.9691,-1.02865162,-1.02437444
SmPt,oP8,Pnma,,30979,-1.1266,,-1.19778358
SmPt2,cF24,Fd-3m,mp-1127,17999,-1.0385,-1.0750635,-1.07204855
TbPt,oP8,Pnma,,670146,-1.1991,,-0.94239172
TbPt2,cF24,Fd-3m,mp-1697,18011,-1.0022,-1.10877126,-0.88454865
Pt3Tb,,,,,-0.8872,,
PtTm,oP8,Pnma,,,-1.2541,,
TmPt2,cF24,Fd-3m,mp-571271,18020,-1.1649,-1.11064205,-1.10883487
Pt3Tm,,,,,-0.9442,,
YPt,oP8,Pnma,,30992,-1.0779,,-1.26036657
YPt3,cP4,Pm-3m,mp-2403,18031,-0.9007,-0.98465417,-0.98113343
VPt3,tI8,I4/mmm,mp-2705,18028,-0.284,-0.45914973,-0.44208346
VPt2,oI6,Immm,mp-12108,30989,-0.3856,-0.55702017,-0.53721562
TiPt,cP2,Pm-3m,mp-11552,18015,-0.826,-0.79131172,-0.79979012
TiPt,oP4,Pmma,mp-998949,,-0.94,-0.9285324,
ZrPt,oS8,Cmcm,,30995,-0.995,,-1.08603694
ZrPt,oS8,Cmcm,,30995,-1.0789,,-1.08603694
SmRh2,cF24,Fd-3m,mp-840,18058,-0.6789,-0.70122295,-0.69424156
Rh3Sm4,,,,,-0.6892,,
TbRh,cP2,Pm-3m,mp-11561,18067,-0.7493,-0.86392462,-0.51145901
TbRh2,cF24,Fd-3m,mp-1310,18068,-0.6675,-0.74930235,-0.52306842
TmRh,cP2,Pm-3m,mp-11564,18076,-0.9214,-0.98561536,-0.96668025
TmRh2,cF24,Fd-3m,mp-30865,18077,-0.7566,-0.77274405,-0.77044224
YRh,cP2,Pm-3m,mp-191,18083,-0.7887,-0.85827792,-0.84222032
YRh2,cF24,Fd-3m,mp-921,18084,-0.6778,-0.74091214,-0.73874162
ZrRh,cP2,Pm-3m,mp-2808,90794,-0.7866,-0.73091778,-0.75268252
RhZr,,,,,-0.8188,,
URh3,cP4,Pm-3m,mp-1150,18078,-0.7224,-0.66664515,-0.67258111
TiRh,cP2,Pm-3m,mp-11563,18073,-0.741,-0.71770692,-0.74982654
TiRh,mP4,P12/m1,,755406,-0.7711,,-0.76142264
Ru2Tb,hP12,P63/mmc,,,-0.2446,,
Ru2Tb5,,,,,-0.3099,,
Ru2.Y5,mS28,C12/c1,,,-0.2829,,
ZrRu,cP2,Pm-3m,mp-214,116234,-0.712,-0.66012382,-0.64287548
TiRu,cP2,Pm-3m,mp-592,94574,-0.798,-0.7733,-0.78846466
URu3,cP4,Pm-3m,mp-1263,18098,-0.3213,-0.32529303,-0.32385064
HfRu,cP2,Pm-3m,mp-2802,17389,-0.9514,-0.8331391,-0.81247741
Fe2Sc,hP12,P63/mmc,,,-0.1161,,
ScCo2,cF24,Fd-3m,mp-253,19393,-0.3368,-0.35023303,-0.36189395
Sc2Co,tI12,I4/mcm,mp-30562,17119,-0.2767,-0.26004219,-0.26502967
ScNi,cP2,Pm-3m,mp-11521,17795,-0.4633,-0.50720254,-0.51584033
ScNi2,cF24,Fd-3m,mp-850,17796,-0.4457,-0.52315748,-0.52449873
ScRu,cP2,Pm-3m,mp-30867,18090,-0.4612,-0.54169358,-0.53324862
ScRh,cP2,Pm-3m,mp-1780,18054,-0.9794,-1.0415801,-1.02687326
ScIr,cP2,Pm-3m,mp-1129,17512,-0.9297,-1.05110554,-1.03014618
ScRh3,cP4,Pm-3m,mp-635,18055,-0.5358,-0.61301078,-0.61530617
ScPd,cP2,Pm-3m,mp-2781,17944,-0.9255,-0.90841484,-0.90740356
ScIr2,cF24,Fd-3m,mp-2263,17513,-0.6871,-0.74323264,-0.7488888
ScPt,cP2,Pm-3m,mp-892,17995,-1.0862,-1.22008164,-1.22878817
ScPt3,cP4,Pm-3m,mp-481,17997,-0.9805,-1.05328318,-1.04670448
Tm4Pd5,,,,,-0.9639,,
AlB12,tP216,P41212,,,-0.1182,,
AlMn4,cP20,P4132,,,-0.1565,,
AlMo3,cP8,Pm-3n,mp-259,10507,-0.2311,-0.22816317,-0.23531136
Nb3Al,cP8,Pm-3n,mp-796,18709,-0.142,-0.15861377,-0.18075574
AlPt3,,,,,-0.6592,,
AlPd2,oP12,Pnma,mp-2824,10552,-0.9048,-0.83438478,-0.82853899
AlRe2,tI6,I4/mmm,mp-10909,10574,-0.3068,-0.26518005,-0.25623593
Ta2Al,tP30,P42/mnm,mp-639874,658981,-0.2062,-0.06988478,-0.25063347
Al2Mn3,hP2,P63/mmc,,,-0.2425,,
Y3Al2,tP20,P42/mnm,mp-16723,,-0.4146,-0.35436314,
AlFe,cP2,Pm-3m,mp-2658,54708,-0.2436,-0.33204742,-0.33175568
HfAl,oS8,Cmcm,mp-249,18706,-0.4135,-0.40458448,-0.40186183
AlNi,cP2,Pm-3m,mp-1487,94913,-0.6042,-0.65864811,-0.66944636
AlPt,cP8,P213,mp-10904,10562,-1.0385,-1.04806983,-1.0482982
AlPt,cP8,P213,mp-10904,10562,-1.0116,-1.04806983,-1.0482982
AlRh,cP2,Pm-3m,mp-364,10576,-1.1017,-1.09471293,-1.09711632
AlRu,cP2,Pm-3m,mp-542569,18193,-0.6436,-0.6935834,-0.66275832
ScAl,cP2,Pm-3m,mp-331,10539,-0.426,-0.45145086,-0.44950931
Al4C3,hR21,R-3m,mp-1591,,-0.1897,-0.09141716,
Al3Pt2,hP5,P-3m1,mp-10905,10565,-1.0001,-0.99776218,-1.0001106
Al8Cr5,tI6,I4/mmm,,,-0.1752,,
Al8V5,cI52,I-43m,,,-0.3524,,
ScAl1.78,cF24,Fd-3m,,,-0.4944,,
HfAl2,hP12,P63/mmc,mp-12657,19094,-0.454,-0.44346682,-0.44402344
LaAl2,cF24,Fd-3m,mp-2694,10483,-0.5172,-0.49784908,-0.49709903
LuAl2,cF24,Fd-3m,mp-1234,10492,-0.5452,-0.48386232,-0.48440793
Al2Os,tI6,I4/mmm,mp-7188,10545,-0.4654,-0.56370358,-0.5618871
YAl2,cF24,Fd-3m,mp-2322,10612,-0.5224,-0.5314414,-0.53390158
ZrAl2,hP12,P63/mmc,mp-2772,9987,-0.54,-0.53810863,-0.54013952
Al8Mo3,mS22,C12/m1,,,-0.342,,
Al11Re4,aP15,P-1,,,-0.3576,,
ZrAl3,tI16,I4/mmm,mp-395,18198,-0.5016,-0.48454051,-0.48795685
HfAl3,tI16,I4/mmm,mp-568718,19074,-0.4208,-0.39534417,-0.39629425
NbAl3,tI8,I4/mmm,mp-1842,18710,-0.4198,-0.42336587,-0.43058276
TaAl3,tI8,I4/mmm,mp-869,644858,-0.3099,-0.31732438,-0.31961342
TiAl3,tI8,I4/mmm,mp-542915,18722,-0.3793,-0.39576492,-0.41231514
Al3V,tI8,I4/mmm,mp-2554,10604,-0.2881,-0.2886842,-0.28231944
Al11La3,oI28,Immm,,,-0.3887,,
Al4W,mS30,C1m1,mp-30336,10605,-0.1461,-0.15354977,-0.15547335
Co2B,tI12,I4/mcm,mp-493,5855,-0.2011,-0.24053737,-0.20127126
Fe2B,tI12,I4/mcm,mp-1915,7798,-0.2342,-0.31252032,-0.31235674
Mn2B,tI12,I4/mcm,mp-20318,67949,-0.3285,-0.39763521,-0.39815569
Ni2B,tI12,I4/mcm,mp-2536,7800,-0.2342,-0.28994333,-0.29406372
BPt2,hP6,P63/mmc,,,-0.2073,,
CoB,oP8,Pnma,mp-20857,5858,-0.3607,-0.40155458,-0.41008351
FeB,oP8,Pnma,mp-20787,5857,-0.3348,-0.37298173,-0.37596999
MnB,oP8,Pnma,mp-8365,13802,-0.371,-0.49912716,-0.49958023
BMo,,,,,-0.2975,,
NiB,oS8,Cmcm,mp-14019,5171,-0.2083,-0.2414927,-0.24335188
NiB,oS8,Cmcm,mp-14019,5171,-0.2145,-0.2414927,-0.24335188
RhB1.1,hP4,P63/mmc,mp-567164,,-0.3679,-0.38261772,
RuB1.1,hP4,P63/mmc,,,-0.2301,,
B4Ir3,mS28,C12/c1,,,-0.2166,,
CrB2,hP3,P6/mmm,mp-374,5847,-0.4125,-0.34044859,-0.3372479
DyB2,hP3,P6/mmm,mp-2057,8332,-0.313,-0.56534511,-0.5618701
ErB2,hP3,P6/mmm,mp-1774,647372,-0.2829,-0.62338387,-0.62242526
HoB2,hP3,P6/mmm,mp-2267,8366,-0.2892,-0.5948309,-0.59305299
LuB2,hP3,P6/mmm,mp-11219,115218,-0.3089,-0.69191694,-0.68902248
MnB2,hP3,P6/mmm,mp-585,8179,-0.2187,-0.28357077,-0.2887995
NbB2,hP3,P6/mmm,mp-450,5806,-0.625,-0.69347592,-0.69505215
ReB2,hP6,P63/mmc,mp-1773,4449,-0.2228,-0.42981648,-0.42013953
ScB2,hP3,P6/mmm,mp-2252,8428,-1.0603,-0.84106919,-0.83846984
TaB2,hP3,P6/mmm,mp-1108,5807,-0.5524,-0.652593,-0.64900102
TbB2,hP3,P6/mmm,mp-965,8471,-0.3545,-0.53102592,-0.30809373
TiB2,hP3,P6/mmm,mp-1145,5808,-1.1349,-1.05740636,-1.06683324
TmB2,hP3,P6/mmm,mp-800,8473,-0.3171,-0.65282273,-0.65122261
VB2,hP3,P6/mmm,mp-1491,109274,-0.7328,-0.74284597,-0.73208942
YB2,hP3,P6/mmm,mp-1542,8475,-0.37,-0.56479997,-0.56358483
B5Gd2,mP28,P121/c1,,,-0.4467,,
B5Nd2,,,,,-0.4032,,
B5Os2,hP6,P63/mmc,,,-0.1182,,
B5Pd2,mS28,C12/c1,,,-0.2653,,
B5W2,hP12,P63/mmc,,,-0.1814,,
CeB4,tP20,P4/mbm,mp-1974,4683,-0.5545,-0.62698238,-0.51932182
LaB4,tP20,P4/mbm,mp-7283,2155,-0.5255,-0.57170034,-0.56834399
NdB4,tP20,P4/mbm,mp-1632,19849,-0.5524,-0.5648665,-0.56388366
PrB4,tP20,P4/mbm,mp-12569,18748,-0.5503,-0.54672396,-0.54576316
YB4,tP20,P4/mbm,mp-637,5124,-0.5421,-0.59063889,-0.58949615
LaB6,cP7,Pm-3m,mp-2680,,-0.5928,-0.56401877,
PrB6,cP7,Pm-3m,mp-12762,,-0.5317,-0.48410568,
C2Mn5,mS28,C12/c1,,,-0.0922,,
C2Mn5,mS28,C12/c1,,,-0.1036,,
C3Cr7,hP80,P63mc,,,-0.1461,,
C3Mn7,hP80,P63mc,,,-0.0943,,
Mo2C,oP16,Pbcn,mp-1552,8050,-0.1202,-0.10295956,-0.11555772
CSc2,cF48,Fd-3m,,,-0.4716,,
Y2C,hR9,R-3m,mp-1334,4155,-0.3296,-0.29194155,-0.29775347
C3V4,hP8,P63mc,,,-0.4177,,
TiC,cF8,Fm-3m,mp-631,1949,-0.9628,-0.80734115,-0.80412494
CeC2,tI6,I4/mmm,mp-2839,13373,-0.2633,-0.1554227,-0.08301998
DyC2,tI6,I4/mmm,mp-541840,7901,-0.2964,-0.19310779,-0.19727318
ErC2,tI6,I4/mmm,mp-1579,4391,-0.2985,-0.19368365,-0.20063332
GdC2,tI6,I4/mmm,mp-12765,19369,-0.257,-0.16630952,-0.18553698
HoC2,,,,,-0.2964,,
LaC2,tI6,I4/mmm,mp-2367,5051,-0.2819,-0.16197667,-0.16385663
LuC2,tI6,I4/mmm,mp-8371,13888,-0.2767,-0.18638216,-0.19246326
NdC2,tI6,I4/mmm,mp-2297,53650,-0.3026,-0.11838131,-0.12456444
PrC2,tI6,I4/mmm,mp-1995,3666,-0.3047,-0.10019788,-0.10602352
SmC2,tI6,I4/mmm,mp-12764,19368,-0.2664,-0.14752258,-0.15356634
TbC2,tI6,I4/mmm,mp-2119,13374,-0.255,-0.18882349,0.02651546
C2Tm,,,,,-0.3265,,
CeSi2,tI12,I4/mcm,,,-0.627,,
CeSi,oP8,Pnma,mp-21115,18278,-0.7369,-0.65310562,-0.71849747
Ce5Si3,tI32,I4/mcm,mp-570175,29191,-0.5472,-0.54661531,-0.55564635
Ga3Co,tP16,P42/mnm,mp-20559,29254,-0.3047,-0.26603952,-0.26709825
CoSi2,cF12,Fm-3m,mp-2379,5256,-0.3617,-0.46811329,-0.47477289
CoSi,cP8,P213,mp-7577,3604,-0.511,-0.61459397,-0.62430027
Co2Si,oP12,Pnma,mp-19905,646168,-0.3928,-0.45288601,-0.46466624
CrSi2,hP9,P6222,mp-1222,,-0.2674,-0.36275147,
CrSi,cP8,P213,mp-7576,3602,-0.3545,-0.29522304,-0.2884598
Cr5Si3,tI32,I4/mcm,mp-7506,3178,-0.3482,-0.31502719,-0.31060762
Cr3Ga,cP8,Pm-3n,mp-1231,29544,-0.1223,-0.04884287,-0.05522517
Cr3Si,cP8,Pm-3n,mp-729,3600,-0.2819,-0.34850978,-0.36159126
Cu3Si,,,,,-0.0632,,
DySi2,oI12,Imma,,,-0.5659,,
DySi,oP8,Pnma,mp-1182,21014,-0.7141,-0.83304592,-0.8317414
Dy5Si3,hP16,P63/mcm,mp-2836,651409,-0.6633,-0.68672013,-0.68469964
ErSi2,hP3,P6/mmm,mp-2145,665784,-0.6488,-0.49372392,-0.49122696
ErSi,oS8,Cmcm,mp-378,2939,-0.8799,-0.82215116,-0.8255611
Er5Si3,hP16,P63/mcm,mp-31167,10339,-0.7328,-0.69769718,-0.7014002
Ga3Fe,tP16,P42/mnm,mp-636368,30160,-0.257,-0.23007081,-0.23789909
FeSi,cP8,P213,mp-871,6697,-0.4001,-0.51035913,-0.51414325
GaMo3,cP8,Pm-3n,mp-2377,30299,-0.172,-0.15113122,-0.15670685
GaPd2,oP12,Pnma,mp-1869,18584,-0.6675,-0.64677807,-0.64203331
Ti2Ga,hP6,P63/mmc,mp-30671,22484,-0.4042,-0.39903784,-0.4449591
Zr2Ga,tI12,I4/mcm,mp-569833,17131,-0.5535,-0.46617369,-0.4660022
Nb5Ga3,tI32,I4/mcm,mp-570293,30301,-0.2747,-0.3216266,-0.3365402
Sc5Ga3,hP16,P63/mcm,mp-17332,,-0.6156,-0.52132614,
GaNi,cP2,Pm-3m,mp-1941,89558,-0.4654,-0.36500987,-0.37624769
GaPd,cP8,P213,,23801,-0.7421,,-0.65903422
GaRh,cP2,Pm-3m,mp-2444,89616,-0.7587,-0.69359272,-0.68984355
GaRu,cP2,Pm-3m,mp-22320,17297,-0.3669,-0.32212428,-0.29821966
YGa,oS8,Cmcm,mp-11420,30366,-0.74,-0.66433596,-0.66682175
Ga2Ru,oF24,Fddd,,,-0.4249,,
YGa2,hP3,P6/mmm,mp-1914,30368,-0.7058,-0.6629153,-0.66099664
Ga5V2,tP14,P4/mbm,,,-0.172,,
Ga3Rh,tP16,P42/mnm,,,-0.4654,,
TmGa3,cP4,Pm-3m,mp-1603,19193,-0.5027,-0.49921012,-0.50422251
GdSi2,oI12,Imma,,,-0.6115,,
GdSi,oP8,Pnma,mp-601371,12494,-0.7835,-0.78330897,-0.82500956
Gd5Si3,hP16,P63/mcm,,30419,-0.7048,,-0.65729056
HfSi,oP8,Pnma,mp-1042,647082,-0.7348,-0.82072508,-0.8201266
Hf3Si2,tP10,P4/mbm,mp-2105,647083,-0.8291,-0.8034006,-0.80117558
HoSi2,oI12,Imma,,,-0.6022,,
HoSi,oS8,Cmcm,mp-12899,19859,-0.8385,-0.82723595,-0.82907496
Ho5Si3,hP16,P63/mcm,mp-13236,30562,-0.7732,-0.69273225,-0.69430109
SiIr,oP8,Pnma,mp-1128,3182,-0.6612,-0.68431045,-0.69033796
SiIr,oP8,Pnma,mp-1128,3182,-0.6675,-0.68431045,-0.69033796
LaSi2,tI12,I4/mcm,,14081,-0.5887,,-0.66589192
LaSi,oP8,Pnma,mp-1860,2938,-0.7659,-0.74327757,-0.73829345
La3Si2,tP10,P4/mbm,mp-10162,8508,-0.6384,-0.63776534,-0.63053424
La5Si3,tI32,I4/mcm,mp-10961,16378,-0.6229,-0.60975188,-0.60340254
LuSi,oS8,Cmcm,mp-1001612,31331,-0.8115,-0.79471601,-0.79627164
Lu5Si3,hP16,P63/mcm,mp-11908,31330,-0.7027,-0.70254819,-0.70342489
MnSi,cP8,P213,mp-1431,3603,-0.4084,-0.46536604,-0.46425079
Mn5Si3,hP16,P63/mcm,mp-1111,,-0.3524,-0.34849914,
Si2Mo,tI6,I4/mmm,mp-2592,17715,-0.4964,-0.490212,-0.49665163
Si3Mo5,tI32,I4/mcm,mp-1332,6653,-0.3959,-0.38982914,-0.39820548
NbSi2,hP9,P6222,mp-2478,,-0.5566,-0.54430792,
Nb5Si3,tI32,I4/mcm,mp-13686,3572,-0.6695,-0.66596324,-0.67982951
NdSi2,oI12,Imma,,,-0.6426,,
NdSi,oP8,Pnma,mp-9967,7934,-0.8157,-0.76401844,-0.76616419
Nd5Si3,tI32,I4/mcm,mp-567735,27253,-0.6457,-0.58656729,-0.58972551
SiNi,oP8,Pnma,mp-351,5883,-0.4394,-0.50192808,-0.5038064
SiNi2,oP12,Pnma,mp-1118,4675,-0.5244,-0.55259568,-0.55906508
Ni5Si2,hP43,P321,,,-0.4674,,
Si3Os2,oP40,Pbcn,mp-16608,83466,-0.3161,-0.45552864,-0.45174752
SiOs,cP8,P213,mp-2488,3181,-0.4146,-0.36805215,-0.36359973
SiPd2,hP9,P-62m,mp-697068,669944,-0.6685,-0.69371833,-0.6909829
SiPd2,hP9,P-62m,mp-697068,669944,-0.6654,-0.69371833,-0.6909829
SiPd3,oP16,Pnma,mp-20622,8197,-0.6001,-0.61338369,-0.60600528
PrSi2,oI12,Imma,,,-0.6374,,
PrSi,oP8,Pnma,mp-9968,7935,-0.8094,-0.74327973,-0.74525461
Pr5Si3,tI32,I4/mcm,,,-0.7006,,
SiPt,oP8,Pnma,mp-696,2257,-0.6156,-0.67142261,-0.67066312
SiPt,oP8,Pnma,mp-696,2257,-0.6177,-0.67142261,-0.67066312
SiPt2,tI6,I4/mmm,mp-1299,14060,-0.6395,-0.72375884,-0.72264214
SiPt2,,,,,-0.6561,,
Re2Si,mP24,P121/c1,mp-669547,10376,-0.1316,0.10865856,-0.09513163
SiRh,oP8,Pnma,mp-818,18901,-0.7773,-0.82274837,-0.82411252
SiRh,,,,,-0.7856,,
SiRh2,oP12,Pnma,mp-20418,8055,-0.6623,-0.72588414,-0.73085926
Si3Ru2,oP40,Pbcn,mp-22192,2149,-0.6291,-0.63734496,-0.624669
SiRu,cP8,P213,mp-189,14277,-0.6022,-0.65174517,-0.63907988
SiRu,,,,,-0.6022,,
ScSi,oS8,Cmcm,mp-9969,7936,-0.853,-0.83644904,-0.83784269
Sc5Si3,hP16,P63/mcm,mp-7822,4475,-0.9317,-0.76833573,-0.76933428
V3Si,cP8,Pm-3n,mp-2567,4182,-0.4809,-0.4647244,-0.46975583
Sm5Si3,hP16,P63/mcm,,31250,-0.6954,,-0.61183675
Ta5Si3,tI32,I4/mcm,mp-1989,3573,-0.3949,-0.61606373,-0.61647648
Tb5Si3,hP16,P63/mcm,mp-206,17347,-0.6322,-0.67495204,-0.26112869
Ti5Si3,hP16,P63/mcm,mp-2108,,-0.7649,-0.76599174,
Tm5Si3,hP16,P63/mcm,,31067,-0.7887,,-0.70337537
V5Si3,tI32,I4/mcm,mp-568671,31069,-0.6115,-0.58859846,-0.57183864
Y5Si3,hP16,P63/mcm,mp-2538,8194,-0.7431,-0.71907995,-0.72101896
Y5Si3,hP16,P63/mcm,mp-2538,8194,-0.8333,-0.71907995,-0.72101896
Zr5Si3,hP16,P63/mcm,mp-568115,31218,-0.7431,-0.81774496,-0.81917994
Si4Ti5,oP36,Pnma,,,-0.8136,,
Si4Zr5,tP36,P41212,mp-1304,3883,-0.9525,-0.90321937,-0.90447382
SmSi,oP8,Pnma,,31066,-0.826,,-0.79741521
TbSi,oP8,Pnma,mp-1924,4359,-0.8385,-0.8316249,-0.50097379
TiSi,oP8,Pnma,mp-7092,8102,-0.7524,-0.76805125,-0.79083582
TmSi,oS8,Cmcm,,31068,-0.8924,,-0.81673222
YSi,oS8,Cmcm,mp-9972,7939,-0.8364,-0.85029844,-0.8523987
ZrSi,oP8,Pnma,mp-893,3569,-0.9794,-0.93338872,-0.9340726
Si2Sm,oI12,Imma,,,-0.6871,,
TaSi2,hP9,P6222,mp-517,8153,-0.4768,-0.47875561,-0.47784741
Si2Tb,oI12,Imma,,,-0.6374,,
TiSi2,oF24,Fddd,mp-2582,1833,-0.5908,-0.55103089,-0.57236762
TmSi2,hP3,P6/mmm,mp-772,657436,-0.6726,-0.4725959,-0.47019623
VSi2,hP9,P6222,mp-10711,,-0.3887,-0.48601618,
Si2W,tI6,I4/mmm,mp-1620,5147,-0.2829,-0.34341414,-0.3448632
YSi2,hP3,P6/mmm,mp-2568,670808,-0.6405,-0.52999675,-0.52655247
ZrSi2,oS12,Cmcm,mp-1515,3570,-0.625,-0.65230484,-0.6533262
CeIn3,cP4,Pm-3m,mp-20369,29103,-0.5089,-0.41688439,-0.48217938
PrIn3,cP4,Pm-3m,mp-20903,11139,-0.5317,-0.47857438,-0.48202635
NdIn3,cP4,Pm-3m,mp-21197,11111,-0.5338,-0.47555777,-0.47815617
SmIn3,cP4,Pm-3m,mp-19977,11162,-0.5389,-0.46268878,-0.46591877
GdIn3,cP4,Pm-3m,mp-20258,30377,-0.5027,-0.43358645,-0.44569283
TbIn3,cP4,Pm-3m,mp-20920,11165,-0.5545,-0.4323234,-0.26806531
DyIn3,cP4,Pm-3m,mp-20236,31227,-0.4985,-0.4179685,-0.41726646
Ho5In3,hP16,P63/mcm,,30538,-0.5203,,-0.37241795
Er5In3,hP16,P63/mcm,,29991,-0.4944,,-0.37016066
TmIn3,cP4,Pm-3m,mp-21177,11173,-0.4923,-0.36591188,-0.3670282
Lu5In3,hP16,P63/mcm,,30575,-0.5421,,-0.35227743
Cu51Zr14,hP68,P6/m,,,-0.2519,,
Cu3Pd,cP4,Pm-3m,mp-580357,17159,-0.0788,-0.10879453,-0.10493702
Cu51Hf14,hP68,P6/m,,,-0.2373,,
Cu3Pt,cP4,Pm-3m,mp-12086,29766,-0.1119,-0.13770523,-0.14090041
TiAg,tP4,P4/nmm,mp-1017985,27645,-0.0166,-0.06492099,-0.10027248
Ti2Ag,tI6,I4/mmm,mp-979115,27647,-0.0238,-0.05569064,-0.10437079
YAg2,tI6,I4/mmm,mp-999544,27649,-0.2757,-0.32922003,-0.33455439
ScAu2,tI6,I4/mmm,mp-1018148,28211,-0.8644,-0.81646376,-0.81625514
ScAu4,tI10,I4/m,,28212,-0.5939,,-0.54758362
AuMn,oP2,Pmmm,,,-0.2622,,
YAu2,tI6,I4/mmm,mp-1018113,28232,-0.8768,-0.85966874,-0.85953584
YAu3,oP8,Pmmn,,28231,-0.7162,,-0.713549
PdAu3,cP4,Fm-3m,,313826,-0.0819,,-0.04314195
ScMn2,hP12,P63/mmc,mp-2039,18873,-0.2705,-0.14292699,-0.13666327
Os11Sc4,cF120,Fm-3m,,,-0.2342,,
TiMn2,hP12,P63/mmc,mp-1949,17696,-0.0891,-0.271193,-0.28692448
HfV2,cF24,Fd-3m,mp-1043,643804,-0.1731,0.03197413,0.03389914
VIr,oS8,Cmmm,mp-569250,17531,-0.2912,-0.5207884,-0.52346627
HfFe2,,,,,-0.1275,,
Fe7Nb6,hR39,R-3m,,,-0.0643,,
NbCo3,hP24,P63/mmc,mp-977426,,-0.0767,-0.14701269,
Co3Ta,hP24,P63/mmc,,,-0.0881,,
YNi,oP8,Pnma,mp-1364,17852,-0.341,-0.4360015,-0.44546416
ScOs2,hP12,P63/mmc,mp-567612,19315,-0.2042,-0.39309886,-0.38791876
VCo3,hP24,P63/mmc,mp-542614,31151,-0.0674,-0.17098186,-0.18077774
V3Ir,cP8,Pm-3n,mp-2006,17532,-0.3047,-0.49090709,-0.49317772
YFe3,hR36,R-3m,,30268,-0.0176,,-0.06392285
YFe2,cF24,Fd-3m,mp-1570,18348,-0.0021,-0.06311649,-0.06298
NbFe2,hP12,P63/mmc,mp-568901,30227,-0.0549,-0.12231512,-0.12212013
NbCo2,cF24,Fd-3m,mp-670,29408,-0.0684,-0.13615909,-0.15548255
TaCo2,cF24,Fd-3m,mp-1799,29506,-0.0653,-0.21619792,-0.22813203
TaFe2,hP12,P63/mmc,mp-568077,,-0.0653,-0.18944423,
NbNi3,oP8,Pmmn,mp-1451,30781,-0.1741,-0.28823706,-0.29802735
TbCu2,oI12,Imma,mp-1527,23033,-0.256,-0.26626757,-0.04598186
Cu2Dy,oI12,Imma,,,-0.2529,,
HoCu2,oI12,Imma,mp-30584,17147,-0.2591,-0.27565436,-0.27657653
Cu2Er,oI12,Imma,,,-0.2798,,
Cu2Tm,oI12,Imma,,,-0.2425,,
TbCu5,,,,,-0.1907,,
DyCu5,,,,,-0.1627,,
HoCu5,,,,,-0.1793,,
Cu5Er,,,,,-0.1907,,
TmCu5,,,,,-0.1959,,
Cu5Lu,,,,,-0.1948,,
TbAu,oS8,Cmcm,mp-999141,28223,-0.8965,-0.8814057,-0.5498906
DyAu,,,,,-0.8644,,
ErAu,oP2,Pm-3m,mp-2442,10720,-0.9349,-0.87936308,-0.88506276
TmAu,,,,,-0.9618,,
TbAu2,tI6,I4/mmm,mp-570179,10811,-0.8416,-0.86087666,-0.63931355
DyAu2,tI6,I4/mmm,mp-11241,10716,-0.8063,-0.86878179,-0.86652412
HoAu2,tI6,I4/mmm,mp-990,10738,-0.8768,-0.8741942,-0.87478831
ErAu2,tI6,I4/mmm,mp-2466,10721,-0.8903,-0.87975395,-0.88130488
TmAu2,tI6,I4/mmm,mp-560,10687,-0.9494,-0.8855729,-0.88724459
LuAu2,tI6,I4/mmm,mp-1018152,28185,-0.9442,-0.89031574,-0.89017268
TbAu3,oP8,Pmmn,,28224,-0.6892,,-0.55416782
DyAu3,,,,,-0.6664,,
HoAu3,oP8,Pmmn,mp-30386,10739,-0.6954,-0.72317647,-0.72445413
ErAu3,,,,,-0.6851,,
TmAu3,oP8,Pmmn,mp-568247,28227,-0.7535,-0.72834168,-0.7269042
Au51La14,hP68,P6/m,,,-0.6001,,
SmCu,cP2,Pm-3m,mp-12586,,-0.1285,-0.17435732,
Cu2Sm,oI12,Imma,,,-0.1731,,
SmCu6,oP28,Pnma,mp-30699,29800,-0.142,-0.1468077,-0.14585006
AgSm,oP8,Pnma,,,-0.3835,,
Ag2Sm,,,,,-0.2498,,
Ag51Sm14,hP68,P6/m,,,-0.1741,,
SmAu,,,,,-0.7908,,
Au2Sm,tP106,P4/nmm,,,-0.7991,,
Au51Sm14,hP68,P6/m,,,-0.6198,,
TbAg,cP2,Pm-3m,mp-2268,10672,-0.3783,-0.32250589,0.00103123
DyAg,cP2,Pm-3m,mp-2167,10365,-0.3866,-0.32984297,-0.33555494
ErAg,cP2,Pm-3m,mp-2621,10623,-0.4654,-0.33953982,-0.34775013
TmAg,cP2,Pm-3m,mp-2796,10678,-0.4457,-0.34526791,-0.35077449
PrAg2,oI12,Imma,,27628,-0.256,,-0.28436382
NdAg2,oI12,Imma,,27623,-0.2259,,-0.28434503
GdAg2,,,,,-0.2477,,
TbAg2,,,,,-0.2353,,
DyAg2,,,,,-0.2311,,
HoAg2,,,,,-0.2591,,
ErAg2,tI6,I4/mmm,mp-30339,10626,-0.2487,-0.3325519,-0.341657
TmAg2,tI6,I4/mmm,mp-30359,10679,-0.2622,-0.33645216,-0.34547508
Ag2Tm,oI12,Imma,,,-0.2622,,
LuAg2,tI6,I4/mmm,mp-1018131,27616,-0.2653,-0.34222325,-0.34837039
Ag3Tb,hP68,P6/m,,,-0.2135,,
Ag3Dy,hP68,P6/m,,,-0.2363,,
Ag3Ho,hP68,P6/m,,,-0.2601,,
Ag3Er,hP68,P6/m,,,-0.2633,,
Ag3Tm,oP8,Pnma,,,-0.2094,,
Al5Ni4Rh,cP2,Pm-3m,,,-0.7684,,
Al5Ni3Rh2,cP2,Pm-3m,,,-0.8019,,
Al5Ni2Rh3,cP2,Pm-3m,,,-0.8439,,
Al5NiRh4,cP2,Pm-3m,,,-1.0331,,
Ti5Ge3,hP16,P63/mcm,mp-568151,,-0.7333,-0.69194752,
V5Ge3,tI32,I4/mcm,,,-0.4586,,
Mn5Ge3,hP16,P63/mcm,mp-617291,,-0.1884,-0.09905215,
Fe5Ge3,hP6,P63/mmc,,,-0.1078,,
Co5Ge3,hP6,P63/mmc,,,-0.2029,,
Ni5Ge3,hP6,P63/mmc,,,-0.3222,,
Al0.1Ti0.25Zn0.65,cP4,Pm-3m,,,-0.2798,,
Al0.2Ti0.25Zn0.55,cP4,Pm-3m,,,-0.3109,,
Al0.3Ti0.25Zn0.45,cP4,Pm-3m,,,-0.3317,,
Al0.4Ti0.25Zn0.35,cP4,Pm-3m,,,-0.3524,,
Al2TiZn,cP4,Pm-3m,,,-0.3627,,
Al0.6Ti0.25Zn0.15,cP4,Pm-3m,,,-0.3731,,
InPd,cP2,Pm-3m,mp-21215,55542,-0.7151,-0.50914396,-0.50734224
In3Pd2,hP5,P-3m1,mp-510437,11131,-0.5908,-0.48537325,-0.48064328
Sn2Pd,tI48,I41/acd,mp-1573,5782,-0.5182,-0.38963342,-0.45171323
Zr2Co,tI12,I4/mcm,mp-628,29534,,-0.25113077,-0.26078137
ZrCo,cP2,Pm-3m,mp-2283,29537,,-0.28187688,-0.28789901
ZrCo2,cF24,Fd-3m,mp-929,31202,,-0.30849371,-0.32129482
Co4Zr,cF116,Fm-3m,,,,,
TiFe,cP2,Pm-3m,mp-305,19423,,-0.41788011,-0.44919251
TiFe2,hP12,P63/mmc,mp-2454,18688,,-0.28543016,-0.29783282
TiCo,cP2,Pm-3m,mp-823,18811,,-0.39000135,-0.4096884
TiCo2,hP24,P63/mmc,,29519,,,-0.32565458
Ti2Ni,cF96,Fd-3m,mp-1808,3230,,-0.27684474,-0.31275551
TiNi,cP2,Pm-3m,mp-571,116608,,-0.34371282,-0.3780194
TiNi3,hP16,P63/mmc,mp-1409,5776,,-0.48423085,-0.49490854
ZrFe2,cF24,Fd-3m,mp-1718,18350,,-0.2832444,-0.2798164
Zr2Ni,tI12,I4/mcm,mp-328,103369,,-0.32276983,-0.32468612
ZrNi,oS8,Cmcm,mp-556,17864,,-0.45603911,-0.45579793
Ni7Zr2,mS36,C12/m1,mp-2717,2288,,-0.42918024,-0.43017345
ZrNi5,cF24,F-43m,mp-2439,669588,,-0.32116925,-0.32486008
TiPd,cP2,Pm-3m,mp-11546,17970,,-0.47762927,-0.48671641
Ti3Pd5,tP8,P4/mmm,mp-570199,17974,,-0.61720347,-0.62559859
TiPd2,oI6,Immm,,21292,,,-0.64280199
TiPd3,hP16,P63/mmc,,21293,,,-0.64955897
Zr2Pd,tI6,I4/mmm,mp-266,17990,,-0.48842171,-0.48801108
ZrPd,cP2,Pm-3m,mp-13496,9972,,-0.58775328,-0.58504166
ZrPd2,tI6,I4/mmm,mp-1018102,30951,,-0.76098711,-0.75783907
ZrPd3,hP16,P63/mmc,mp-30842,17991,,-0.82334471,-0.8178025
HfNi5,cF24,F-43m,mp-569516,19424,,-0.34621853,-0.3497438
Hf2Ni7,mS26,C12/m1,,,,,
Hf9Ni11,tI40,I4/m,,,,,
HfNi,oS8,Cmcm,mp-1018056,30515,,-0.51942899,-0.51903074
Hf2Ni,tI12,I4/mcm,mp-861,88683,,-0.34446509,-0.34184014
Ag0.610Mg0.390,cP2,Pm-3m,,,-0.041,,
Ag0.561Mg0.439,cP2,Pm-3m,,,-0.0438,,
Ag0.542Mg0.458,cP2,Pm-3m,,,-0.0449,,
Ag0.510Mg0.490,cP2,Pm-3m,mp-2696,94482,-0.0455,-0.25172764,-0.25753188
Ag0.497Mg0.503,cP2,Pm-3m,mp-2696,94482,-0.0453,-0.25172764,-0.25753188
Ag0.485Mg0.515,cP2,Pm-3m,mp-2696,94482,-0.0455,-0.25172764,-0.25753188
Ag0.480Mg0.520,cP2,Pm-3m,mp-2696,94482,-0.0452,-0.25172764,-0.25753188
Ag0.452Mg0.548,cP2,Pm-3m,,,-0.0444,,
Hf2Pd,tI6,I4/mmm,mp-11454,17382,,-0.53118521,-0.52756749
HfPd,cP2,Pm-3m,mp-1002106,307534,,-0.62011466,-0.62936267
HfPd2,tI6,I4/mmm,,,,,
HfPd3,hP16,P63/mmc,mp-11453,17381,,-0.88831847,-0.88228811
GeRu,cP8,P213,,683580,,,-0.27869893
ZrRu,cP2,Pm-3m,mp-214,116234,,-0.66012382,-0.64287548
ZrRu2,hP12,P63/mmc,mp-569979,31033,,-0.37699088,-0.37261451
Zr3Au,cP8,Pm-3n,mp-11263,10833,,-0.34064662,-0.344695
Zr2Au,tI6,I4/mmm,mp-2348,18742,,-0.41852153,-0.41759104
AuZr,,,,,,,
Au0.588Zr0.412,,,,,,,
ZrAu2,tI6,I4/mmm,mp-1018103,28235,,-0.57450582,-0.57476874
ZrAu3,oP8,Pmmn,,28234,,,-0.49745752
ZrAu4,oP20,Pnma,mp-17813,31356,,-0.42172582,-0.41869664
Al3FeSi2,tI24,I4/mcm,,,-0.2123,,
Al2Fe3Si4,oS36,Cmcm,mp-29111,14987,-0.3716,-0.43019911,-0.4330145
Al0.71Fe0.19Si0.10,hP245,P63/mmc,,,-0.255,,
Al0.31Mn0.6Ni0.2,oS156,Cmcm,mp-30179,,-0.2398,-0.22249812,
VSi2,hP9,P6222,mp-10711,,-0.4319,-0.48601618,
Sn3Ru2,tP20,P-4c2,mp-680677,18093,,-0.17968633,-0.22988746
Sn7Ru3,cI40,Im-3m,mp-22344,647455,,-0.20901573,-0.27008554
Si3Ru4,oP28,Pnma,mp-510412,5838,,-0.55339038,-0.54075562
SiRu,cP2,Pm-3m,mp-381,74704,,-0.63762195,-0.6368074
Si3Ru2,tP20,P-4c2,mp-20191,16443,,-0.615632,-0.60255945
AlNb4,cP8,Pm-3n,,,,,
Nb2Al,tP30,P42/mnm,mp-18427,10511,,-0.28263381,-0.29648968
NbAl3,tI8,I4/mmm,mp-1842,18710,,-0.42336587,-0.43058276
OsTi,cP2,Pm-3m,mp-291,90586,,-0.71361444,-0.73613297
HfOs,cP2,Pm-3m,mp-11452,17380,,-0.70975701,-0.70811812
Hf54Os17,oI142,Immm,,,,,
Al4Ba,tI10,I4/m,,,,,
TiAl3,tI8,I4/mmm,mp-542915,18722,,-0.39576492,-0.41231514
TiAl3,tI8,I4/mmm,mp-542915,18722,,-0.39576492,-0.41231514
TiAl2,tI24,I41/amd,mp-567705,18487,,-0.42977359,-0.44963193
TiAl2,tI24,I41/amd,mp-567705,18487,,-0.42977359,-0.44963193
TiAl,tP2,P4/mmm,mp-1953,18721,,-0.40280557,-0.43603073
TiAl,tP2,P4/mmm,mp-1953,18721,,-0.40280557,-0.43603073
Al0.23Ni0.02Ti0.75,hP8,P63/mmc,,,,,
Al0.27Ni0.02Ti0.71,hP8,P63/mmc,,,,,
Al0.37Ni0.02Ti0.61,hP8,P63/mmc,,,,,
Ni3Sn2,hP6,P63/mmc,,,,,
Ni3Sn2,oP20,Pnma,mp-669720,17811,,-0.25487862,-0.31329683
Ni3Sn,hP8,P63/mmc,mp-20112,17810,,-0.19098214,-0.22263402
Ni3Sn2,hP6,P63/mmc,,,,,
Ni3Sn,hP8,P63/mmc,mp-20112,17810,,-0.19098214,-0.22263402
Ni3Sn4,mS14,C12/m1,mp-20174,17812,,-0.22376278,-0.28860227
Sc5Sn3,hP16,P63/mcm,mp-17695,31054,-0.7276,-0.68496888,-0.71993662
Sn9Ti11,oI44,Immm,,,-0.4498,,
V3Sn,cP8,Pm-3n,mp-21342,18133,-0.2249,-0.06768964,-0.07946155
Y5Sn3,hP16,P63/mcm,mp-567412,31089,-0.7545,-0.76823437,-0.80510922
Zr5Sn3,hP16,P63/mcm,mp-510522,94311,-0.7379,-0.56603354,-0.5993577
Nb3Sn,cP8,Pm-3n,mp-1326,17754,-0.1575,-0.14884203,-0.19526682
Sn7Ru3,cI40,Im-3m,mp-22344,647455,-0.1938,-0.20901573,-0.27008554
Sn2Rh,tI12,I4/mcm,mp-565,18060,-0.4363,-0.39452096,-0.46589572
SnPd3,cP4,Pm-3m,mp-718,17954,-0.5991,-0.52282047,-0.53933084
Hf5Sn3,hP16,P63/mcm,mp-21104,17391,-0.5099,-0.37901034,-0.41516328
Ir5Sn7,tI24,I4mm,mp-20466,13860,-0.1555,-0.25279987,-0.31193171
Sn2Ir,cF12,Fm-3m,mp-2083,19398,-0.1337,-0.28526758,-0.351585
SnPt,hP4,P63/mmc,mp-19856,7829,-0.6094,-0.58626824,-0.62787003
Pr5Sn3,tI32,I4/mcm,mp-570696,92492,-0.7804,-0.67825908,-0.7158068
Nd5Sn3,hP16,P63/mcm,mp-510503,647405,-0.768,-0.69045193,-0.72797909
Sm5Sn3,hP16,P63/mcm,,31076,-0.8074,,-0.74505748
Gd5Sn3,hP16,P63/mcm,,30420,-0.8136,,-0.75843331
Tb5Sn3,hP16,P63/mcm,,31084,-0.7576,,-0.34830875
Dy5Sn3,hP16,P63/mcm,mp-30623,31219,-0.7784,-0.72459532,-0.75720558
Ho5Sn3,hP16,P63/mcm,mp-30735,17478,-0.7618,-0.71602343,-0.75273452
Er5Sn3,hP16,P63/mcm,mp-31385,647468,-0.7493,-0.70634021,-0.74499058
Tm5Sn3,hP16,P63/mcm,,31088,-0.7545,,-0.73109966
Lu5Sn3,hP16,P63/mcm,,30711,-0.7784,,-0.70397538
Lu5Sn3,hP16,P63/mcm,,30711,-0.7628,,-0.70397538
Sc5Ge3,hP16,P63/mcm,mp-17190,647319,-0.968,-0.84441926,-0.84486917
Cr5Ge3,tI32,I4/mcm,mp-568324,13726,-0.1627,0.01164082,0.01146355
Y5Ge3,hP16,P63/mcm,mp-17751,10313,-0.9307,-0.83198247,-0.83402587
Zr5Ge3,hP16,P63/mcm,mp-17706,13725,-0.8405,-0.79858593,-0.79984176
Nb5Ge3,tI32,I4/mcm,mp-16842,655868,-0.7172,-0.46914122,-0.48565297
Ge3Mo5,hP16,P63/mcm,,,-0.1731,,
GeRu,cP8,P213,,683580,-0.2954,,-0.27869893
GeRh,oP8,Pnma,mp-22239,646171,-0.5897,-0.55039662,-0.55538291
GePd,oP8,Pnma,mp-1424,13801,-0.4819,-0.46246676,-0.46030866
GePd2,hP9,P-62m,mp-423,646837,-0.5421,-0.54497816,-0.54239792
La5Ge3,hP16,P63/mcm,,8070,-0.7027,,-0.69572926
Hf3Ge2,tP10,P4/mbm,mp-976273,30438,-0.7732,-0.69955296,-0.69728076
Ta5Ge3,tI32,I4/mcm,mp-17593,48717,-0.4353,-0.36231627,-0.36229547
Ge2Os,mS12,C12/m1,mp-10032,8193,-0.0383,-0.08637972,-0.0823748
GeIr,oP8,Pnma,mp-208,646856,-0.3431,-0.31015357,-0.31695899
GeIr,oP8,Pnma,mp-208,646856,-0.3368,-0.31015357,-0.31695899
GePt,oP8,Pnma,mp-542640,2258,-0.4705,-0.47655987,-0.47509124
GePt2,hP9,P-62m,mp-20061,13687,-0.3845,-0.35448466,-0.3551848
Cu3Ge,,,,,-0.0425,,
Ge8La5,,,,,-0.7815,,
Ce5Ge3,hP16,P63/mcm,mp-510493,662552,-0.7607,-0.59199312,-0.65986646
CeGe1.6,tI12,I41/amd,,,-0.7939,,
Pr5Ge3,hP16,P63/mcm,mp-17124,20668,-0.7296,-0.68400837,-0.68533545
Ge1.6Pr,tI12,I41/amd,,,-0.8468,,
Nd5Ge3,hP16,P63/mcm,mp-1464,647275,-0.7473,-0.70498837,-0.70618325
Ge8Nd5,tI12,I41/amd,,,-0.8312,,
Gd5Ge3,hP16,P63/mcm,,8025,-0.8499,,-0.77906924
Sm5Ge3,hP16,P63/mcm,,30497,-0.9411,,-0.74262386
Tb5Ge3,hP16,P63/mcm,mp-2610,10064,-0.8468,-0.79227955,-0.37857456
Dy5Ge3,hP16,P63/mcm,,29859,-0.9577,,-0.79716707
Ho5Ge3,hP16,P63/mcm,,30444,-0.9514,,-0.8021457
Er5Ge3,hP16,P63/mcm,mp-11854,18316,-0.9908,-0.80121533,-0.80431566
Tm5Ge3,hP16,P63/mcm,,30501,-0.9463,,-0.80150275
Lu5Ge3,hP16,P63/mcm,,30459,-0.9649,,-0.79262795
NdIr2,cF24,Fd-3m,mp-890,17503,-0.7006,-0.69447488,-0.69973281
YAl3,hP8,P63/mmc,mp-865527,,-0.4809,-0.43663624,
YAl2,cF24,Fd-3m,mp-2322,10612,-0.5545,-0.5314414,-0.53390158
Y3Al2,tP20,P42/mnm,mp-16723,,-0.4861,-0.35436314,
Al4NiY,oS24,Cmcm,,,-0.625,,
Sc2Al,hP6,P63/mmc,mp-11220,10540,-0.3835,-0.34999804,-0.351949
AlSc,,,,,-0.4768,,
ScAl2,cF24,Fd-3m,mp-813,10541,-0.4975,-0.48538706,-0.48600004
ScAl3,cP4,Pm-3m,mp-2121,18716,-0.4508,-0.45116262,-0.45477582
AlLa,oS16,Cmcm,mp-12684,647422,-0.4768,-0.41285323,-0.41003104
LaAl2,cF24,Fd-3m,mp-2694,10483,-0.5234,-0.49784908,-0.49709903
LaAl3,hP8,P63/mmc,mp-959,10484,-0.456,-0.4468069,-0.44815358
Al7La2,oI28,Immm,,,-0.4249,,
YbAl2,cF24,Fd-3m,mp-969,10617,-0.4094,-0.34637732,-0.35140065
YbAl3,cP4,Pm-3m,mp-1259,10618,-0.3368,-0.17169078,-0.17298079
AlSm2,oP12,Pnma,,,-0.3938,,
SmAl,oP16,Pbcm,mp-978951,658970,-0.5078,-0.39960339,-0.40410721
SmAl2,cF24,Fd-3m,mp-2358,10582,-0.57,-0.50959215,-0.51399839
SmAl3,hP8,P63/mmc,mp-867870,,-0.4975,-0.44082113,
ErAl2,cF24,Fd-3m,mp-1208,10452,-0.5089,-0.50800421,-0.51084323
Al7Ce2,oI28,Immm,,,-0.4094,,
CeAl2,cF24,Fd-3m,mp-2088,10402,-0.5068,-0.45683008,-0.47386387
Ce3Al,hP8,P63/mmc,mp-21393,18919,-0.17,-0.15424701,-0.16062138
GdAl2,cF24,Fd-3m,mp-19923,10468,-0.5327,-0.52226962,-0.52271679
AlGd,oS16,Cmcm,,,-0.4084,,
AlGd2,oP12,Pnma,,,-0.3596,,
CoLaNi4,,P6/mmm,,,-0.2529,,
Co2LaNi3,,P6/mmm,,,-0.172,,
Co0.42La0.16Ni0.42,,P6/mmm,,,-0.1244,,
Co3LaNi2,,P6/mmm,,,-0.115,,
Co0.58La0.17Ni0.25,,P6/mmm,,,-0.0881,,
Co17Dy2,hR57,R-3m,,,-0.0902,,
Co3Dy,hR54,R-3m,,,-0.1378,,
Co2Dy,cF24,Fd-3m,mp-2628,20722,-0.1803,-0.20161828,-0.21227463
Co3Dy5,hR36,R-3m,,,-0.1441,,
ErCo3,hR36,R-3m,mp-411,113163,-0.1565,-0.20561058,-0.21463602
Co2Er,cF24,Fd-3m,,,-0.1948,,
CoEr3,hR36,R-3m,,,-0.0725,,
Co17Gd2,hP38,P63/mmc,,,-0.0466,,
Co5Gd,hP38,P63/mmc,,,-0.086,,
GdCo2,cF24,Fd-3m,mp-542633,31242,-0.1213,-0.16629482,-0.16700065
Co7Gd12,mP38,P121/c1,,,-0.0653,,
DyNi5,hP6,P6/mmm,mp-1179,,-0.2601,-0.33433602,
DyNi2,cF24,Fd-3m,mp-421,19331,-0.3379,-0.45253956,-0.45261573
DyNi,oP8,Pnma,mp-2738,89117,-0.3462,-0.45827261,-0.46149673
Dy3Ni,oP16,Pnma,,29890,-0.2301,,-0.24881051
ErNi9,hP38,P63/mmc,,,-0.1337,,
ErNi5,hP6,P6/mmm,,,-0.2094,,
ErNi2,cF24,Fd-3m,,,-0.3244,,
ErNi,oP8,Pnma,mp-567314,30015,-0.3171,-0.48549384,-0.49334426
Er3Ni,oP16,Pnma,,,-0.1772,,
GdNi5,hP6,P6/mmm,,,-0.2394,,
GdNi2,cF24,Fd-3m,mp-543019,18494,-0.3317,-0.40707405,-0.41479822
GdNi,oS8,Cmcm,mp-542632,31223,-0.2674,-0.39817732,-0.4264578
Gd3Ni,oP16,Pnma,,,-0.1441,,
TaAlNi2,cF16,Fm-3m,mp-5921,10523,-0.4011,-0.46326458,-0.4683723
AlNi2V,cP2,Pm-3m,,,-0.4115,,
ZrAlNi2,cF16,Fm-3m,mp-3944,10534,-0.5203,-0.59657081,-0.6063671
FeGaNi2,cP2,Pm-3m,,,-0.257,,
GaHfNi2,cF16,Fm-3m,mp-3498,30279,-0.7182,-0.55812311,-0.56785364
NbGaNi2,cF16,Fm-3m,mp-3539,30304,-0.3721,-0.33300579,-0.34667213
HfInNi2,cF16,Fm-3m,mp-640024,647474,-0.3596,-0.39977053,-0.43095053
MnNi2Sn,cF16,Fm-3m,mp-20440,647910,-0.3078,-0.17266856,-0.20790812
Co2FeAl,cP2,Pm-3m,,,-0.1524,,
Ce2Fe17,,,,,-0.0166,,
Nd2Fe17,hR19,R-3m,mp-1510,18663,-0.0311,0.03668239,0.04087623
Sm2Fe17,hR19,R-3m,mp-1426,18642,-0.0321,0.01621323,0.02019311
Fe2Gd,cF24,Fd-3m,mp-20089,18836,-0.0187,-0.07146536,-0.03296878
HoFe2,cF24,Fd-3m,mp-1926,31298,-0.0269,-0.10130516,-0.09891662
ErFe2,cF24,Fd-3m,mp-474,20826,-0.0197,-0.12142022,-0.11960373
TmFe2,cF24,Fd-3m,mp-571183,17236,-0.0228,-0.14341286,-0.13997887
Fe2Lu,cF24,Fd-3m,mp-2463,30221,-0.0373,-0.17493036,-0.17014908
TbDy2Fe6,,,,,-0.141,,
Fe5Ga,cI2,Im-3m,,,-0.1078,,
TiFe2,hP12,P63/mmc,mp-2454,18688,-0.2819,-0.28543016,-0.29783282
TiFe,cP2,Pm-3m,mp-305,19423,-0.2332,-0.41788011,-0.44919251
FeNiTi2,,,,,-0.3545,,
LaMg,cP2,Pm-3m,mp-1104,104100,-0.211,-0.12607536,-0.1153915
Co2FeAl,cP2,Pm-3m,,,-0.2332,,
GaFeCo2,cF16,Fm-3m,mp-30551,17097,-0.2674,-0.22535881,-0.23947064
FeCo2Si,cF16,Fm-3m,mp-5436,647048,-0.398,-0.3497696,-0.36174807
FeCo2Ge,cF16,Fm-3m,mp-22300,29249,-0.1202,-0.15857999,-0.17199427
MnCo2Si,cF16,Fm-3m,mp-4492,647071,-0.4394,-0.4354005,-0.44920504
MnCo2Ge,cF16,Fm-3m,mp-19850,647056,-0.3275,-0.24303171,-0.25696368
MnCo2Sn,cF16,Fm-3m,mp-20840,29396,-0.1617,-0.10441762,-0.13898515
TiAlCo2,cF16,Fm-3m,mp-5407,27707,-0.57,-0.61306221,-0.63709835
TiGaCo2,cF16,Fm-3m,mp-20145,29293,-0.5617,-0.51703112,-0.54134649
TiCo2Si,cF16,Fm-3m,mp-3657,647094,-0.6364,-0.65953515,-0.68559285
TiCo2Ge,cF16,Fm-3m,mp-4612,647063,-0.6146,-0.49619322,-0.52142632
TiCo2Sn,cF16,Fm-3m,mp-21467,18296,-0.398,-0.36833086,-0.37173531
VGaCo2,cF16,Fm-3m,mp-22790,29296,-0.2943,-0.302636,-0.30455297
MnAlCu2,cF16,Fm-3m,mp-3574,10435,-0.2747,-0.12779898,-0.12939585
Cu2NiSn,cF16,Fm-3m,mp-4367,19462,-0.1803,0.04125642,0.00643917
Fe2CoAl,cP2,Pm-3m,,,-0.2425,,
Fe2CoGa,cF16,F-43m,,,-0.1461,,
Fe2CoSi,cF16,F-43m,,,-0.4695,,
Fe2CoGe,cF16,F-43m,,,-0.0922,,
MnFe2Si,cF16,Fm-3m,mp-5529,31335,-0.2653,-0.32760082,-0.3390292
Fe2NiGa,cP2,Pm-3m,,,-0.1513,,
Mn2CoSn,cF16,Fm-3m,,472691,-0.2259,,0.11432415
Mn2GaCo,cF16,Fm-3m,,472554,-0.1202,,-0.08439467
Mn2AlV,cF16,Fm-3m,mp-10895,22373,-0.2871,-0.31383058,-0.30950568
MnInNi2,cF16,Fm-3m,mp-22731,646824,-0.2239,-0.09505111,-0.10712478
Ni2CuSn,cF16,F-43m,,,-0.1296,,
MnInCu2,cF16,Fm-3m,mp-22673,29699,-0.1948,0.06969568,0.06588514
Cu0.55Ni0.20Sn0.25,cF16,Fm-3m,,,-0.1762,,
Cu0.6Ni0.15Sn0.25,cF16,Fm-3m,,,-0.1337,,
CoFe2Si,cF16,F-43m,,,-0.3876,,
CuFe2Ga,cF16,F-43m,,,-0.1182,,
MnGaFe2,cF16,Fm-3m,mp-1018046,525371,-0.058,-0.06796609,-0.07357737
Fe2GaNi,cP2,Pm-3m,,,-0.1513,,
Fe2NiSi,cP2,Pm-3m,,,-0.2767,,
Fe2GaV,cP2,Pm-3m,,,-0.3109,,
Mn2GaCo,cF16,F-43m,mp-20160,20349,-0.1182,-0.00660202,-0.17154466
Mn2NiSn,cF16,F-43m,,676576,-0.2166,,0.04352649
Mn2VGa,cF16,Fm-3m,mp-21235,17257,-0.2218,-0.22451226,-0.22432807
Au4In3Sn3,hP10,P63/mmc,,,-0.2176,,
SnAu,hP4,P63/mmc,mp-1775,10120,-0.1596,-0.1827522,-0.22961262
Sn2Au,oP24,Pbca,mp-1462,10801,-0.1472,-0.12815058,-0.19073514
Sn4Au,oS20,Ccce,mp-1393,19456,-0.0819,-0.0691933,-0.14436161
SnAu5,hR18,R32,mp-30418,10803,-0.0601,-0.04715316,-0.06419591
Au5Sn,hP2,P63/mmc,,,-0.0135,,
Fe3Pt,cP4,Pm-3m,mp-1649,30238,-0.0964,-0.08104349,-0.08061884
FePt,tP2,P4/mmm,mp-2260,110129,,-0.23952203,-0.24057406
FePt3,cP4,Pm-3m,mp-649,7825,,0.08097756,-0.20058362
AlNd2,oP12,Pnma,,,-1.0733,,
Li2Ca,hP12,P63/mmc,mp-570466,,,-0.01687109,
Li2Ca,hP12,P63/mmc,mp-570466,,,-0.01687109,
B3Li,tP20,P4/mbm,,689212,-0.4519,,-0.23996133
B14Li3,tI160,I-42d,,,-0.3441,,
B13Li,hR357,R-3m,,,-0.1461,,
Al2Fe,aP18,P1,,,-0.2881,,
Al5Fe2,oS24,Cmcm,,,-0.3161,,
Li13Si4,oP34,Pbam,mp-672287,31357,-0.3151,-0.24844258,-0.25311439
Li7Si3,hR21,R-3m,,,-0.3047,,
Li12Si7,oP152,Pnma,mp-1314,7559,-0.2653,-0.24244816,-0.23955457
Li22Si5,cF416,F-43m,mp-542598,,-0.2529,-0.1959975,
AlNi,cP2,Pm-3m,mp-1487,94913,-0.6871,-0.65864811,-0.66944636
AlNi3,cP4,Pm-3m,mp-2593,17890,-0.4198,-0.43251692,-0.43864812
TiAl2Ni,cF116,Fm-3m,,509949,-0.4218,,-0.33701128
AlNiTi,hP12,P63/mmc,,,-0.5897,,
AlNiTi,hP12,P63/mmc,,,,,
TiAlNi2,cF16,Fm-3m,mp-7187,21081,-0.7473,-0.62052541,-0.64117697
ZrMn2,,,,,-0.256,,
ZrMo2,cF24,Fd-3m,mp-2049,17718,-0.0601,-0.12738089,-0.13765654
Os4Zr11,cF120,Fm-3m,,,-0.0922,,
HfCr2,,,,,-0.0497,,
HfMn2,hP12,P63/mmc,mp-11449,17364,-0.2104,-0.26402934,-0.2551247
HfMo2,cF24,Fd-3m,mp-2363,17365,-0.0663,-0.16067013,-0.1700668
NbRh3,,,,,-0.2239,,
TaRh3,cP4,Pm-3m,mp-1020,18066,-0.1451,-0.61434864,-0.61292525
Mn2Nb,hP12,P63/mmc,mp-12659,19107,-0.1078,-0.13790279,-0.14415719
MoRh,oP4,Pmma,mp-12595,18874,-0.0497,-0.1906269,-0.19700494
MnPd,cP2,Pm-3m,mp-1902,90200,-0.4685,-0.18880831,-0.19334822
MoPd2,oI6,Immm,,,-0.0954,,
TaMn2,hP12,P63/mmc,mp-12678,19153,-0.1503,-0.22563882,-0.22469722
IrMn3,cP4,Pm-3m,,,-0.1368,,
CrPt3,cP4,Pm-3m,mp-2515,29575,-0.0912,-0.2581554,-0.25473662
MnPt,tP2,P4/mmm,mp-1670,668583,-0.5555,-0.35329579,-0.35251563
MoPt,oP4,Pmma,mp-999502,,-0.1855,-0.31842792,
TaPt3,mP16,P121/m1,mp-567638,,-0.2187,-0.72230996,
YMn2,cF24,Fd-3m,mp-558,,-0.029,0.1623936,
CoCr,tP30,P42/mnm,,,-0.0031,,
CuMn,cF4,Fm-3m,,,-0.0383,,
Cu3Sn,oS80,Cmcm,,,-0.1078,,
TbFe2,,,,,-0.057,,
DyFe2,cF24,Fd-3m,mp-1757,29839,-0.0166,-0.08229063,-0.07837486
Tb2Fe17,,,,,-0.0218,,
Dy2Fe17,,,,,-0.0549,,
FePd3,cP4,Pm-3m,mp-21845,30235,-0.1658,-0.11839909,-0.10785679
FePt,tP2,P4/mmm,mp-2260,110129,-0.2384,-0.23952203,-0.24057406
FePt3,cP4,Pm-3m,mp-649,7825,-0.2145,0.08097756,-0.20058362
MnNi,tP2,P4/mmm,mp-1797,17670,-0.2581,-0.03866552,-0.01265056
TiNi,cP2,Pm-3m,mp-571,116608,-0.3389,-0.34371282,-0.3780194
TiPd,,,,,-0.625,,
CeCo5,hP6,P6/mmm,mp-764,,-0.0974,-0.10506817,
Ce2Co17,,,,,-0.0705,,
PrCo5,hP6,P6/mmm,mp-2837,31347,-0.1088,-0.00869899,0.10190198
Pr2Co17,hR19,R-3m,,29447,-0.0705,,-0.05120681
NdCo5,hP6,P6/mmm,mp-569,18557,-0.1316,-0.02884124,0.07583558
Nd2Co17,hR19,R-3m,mp-356,29416,-0.0684,-0.04709472,0.12501809
SmCo5,hP6,P6/mmm,mp-1429,,-0.1264,-0.05964595,
Sm2Co17,,,,,-0.0746,,
Co5Gd,hP6,P6/mmm,,18800,-0.1036,,0.01275074
TbCo5,hP6,P6/mmm,mp-1200,31309,-0.1524,-0.09841932,0.11207467
Tb2Co17,,,,,-0.0798,,
Co17Dy2,,,,,-0.084,,
HoCo3,hR12,R-3m,mp-30558,31229,-0.1814,-0.18762872,-0.20234444
Co3Er,hR12,R-3m,mp-411,113163,-0.2042,-0.20561058,-0.21463602
TmCo3,hR12,R-3m,,29523,-0.2373,,-0.2299119
Co3Lu,hR12,R-3m,,29389,-0.2384,,-0.24771716
HfAlAu2,cF16,Fm-3m,mp-10872,10385,-0.626,-0.50109168,-0.50464884
Fe2RuSi,cF16,Fm-3m,,526506,-0.3109,,-0.05831597
Fe2RuGe,cF16,F-43m,,,-0.1669,,
Pd2CuAl,tP2,P4/mmm,,,-0.5721,,
HfAlPd2,cF16,Fm-3m,mp-16501,10474,-0.8457,-0.8315606,-0.82956983
Pd2HfGa,cF16,Fm-3m,,468834,-0.8281,,-0.74053448
Pd2HfIn,cF16,Fm-3m,mp-864734,467796,-0.7918,-0.69834147,-0.69394758
HfSnPd2,cF16,Fm-3m,,463005,-0.8043,,-0.72693835
Pd2MnAl,cP2,Pm-3m,,,-0.9027,,
Pd2MnGa,cP2,Pm-3m,,,-0.5649,,
Pd2MnIn,cP2,Pm-3m,,,-0.4249,,
MnSnPd2,cF16,Fm-3m,mp-20481,30746,-0.5659,-0.4152267,-0.43623346
Pd2TiAl,cP2,Pm-3m,,,-0.8436,,
TiGaPd2,cF16,Fm-3m,mp-866140,463385,-0.6799,-0.66035607,-0.66685186
TiInPd2,cF16,Fm-3m,mp-866168,463323,-0.4249,-0.5749228,-0.58036463
TiSnPd2,cF16,Fm-3m,mp-865679,464113,-0.8146,-0.6071031,-0.63046599
ZrAlPd2,cF16,Fm-3m,mp-541047,10557,-0.8841,-0.80610144,-0.80304897
ZrGaPd2,cF16,Fm-3m,mp-972183,463371,-0.7898,-0.7250792,-0.7232613
ZrInPd2,cF16,Fm-3m,mp-977475,463998,-0.882,-0.70439622,-0.69578426
ZrSnPd2,cF16,Fm-3m,mp-977568,463248,-0.9556,-0.73463303,-0.75081076
Pt2MnGa,,,,,-0.5814,,
Ru2FeAl,cP2,Pm-3m,,,-0.2767,,
Ru2FeSi,cP2,Pm-3m,,,-0.2954,,
Ru2FeGe,cF16,Fm-3m,mp-865191,503820,-0.2042,-0.15887265,-0.15820987
Ru2HfAl,cP2,Pm-3m,,,-0.7338,,
HfSnRu2,cF16,Fm-3m,mp-866219,502278,-0.2581,-0.64140667,-0.65579414
Ru2MnAl,cP2,Pm-3m,,,-0.3348,,
MnGaRu2,cF16,Fm-3m,mp-865140,502362,-0.2622,-0.25646363,-0.25392933
MnSiRu2,cF16,Fm-3m,mp-864966,502597,-0.4768,-0.46129678,-0.46449838
MnGeRu2,cF16,Fm-3m,mp-864936,503606,-0.3078,-0.26656891,-0.26434723
MnSnRu2,cF16,Fm-3m,mp-864971,503527,-0.2114,-0.11616176,-0.13254978
Ru2TiAl,cP2,Pm-3m,,,-0.6498,,
TiSiRu2,cF16,Fm-3m,mp-865681,502620,-0.9836,-0.89107675,-0.9041485
TiGeRu2,cF16,Fm-3m,mp-865640,503536,-0.8198,-0.69907969,-0.71557854
TiSnRu2,cF16,Fm-3m,mp-865888,503388,-0.6281,-0.58413435,-0.6117019
Ru2VAl,cP2,Pm-3m,,,-0.3203,,
VSiRu2,cF16,Fm-3m,mp-865507,502753,-0.5794,-0.56948287,-0.56545621
VGeRu2,cF16,Fm-3m,mp-865585,503010,-0.3327,-0.35868372,-0.33464862
VSnRu2,cF16,Fm-3m,,504149,-0.2187,,-0.190743
Ru2ZrAl,cP2,Pm-3m,,,-0.6685,,
Sc5Pb3,hP16,P63/mcm,mp-510209,,-0.6353,-0.47463249,
PbTi4,hP8,P63/mmc,,,-0.172,,
Y5Pb3,hP16,P63/mcm,,30931,-0.6716,,-0.59163632
Zr5Pb3,hP16,P63/mcm,mp-681992,,-0.5244,-0.14045965,
Nb3Pb,cP8,Pm-3n,mp-22068,17740,-0.1078,0.13181374,0.11097907
RhPb,hP6,P6/mmm,mp-442,,-0.171,-0.09252528,
Pd3Pb,cP4,Pm-3m,mp-20849,7834,-0.3068,-0.30894702,-0.29965135
PtPb,hP4,P63/mmc,mp-21380,669812,-0.3596,0.02424395,0.07791212
CuSnRh2,cF16,Fm-3m,mp-30595,17162,-0.3016,-0.35656496,-0.38480311
Rh2FeAl,cP2,Pm-3m,,,-0.5027,,
Rh2FeGa,cP2,Pm-3m,,,-0.3223,,
FeSnRh2,tI8,I4/mmm,mp-1018062,,-0.2995,-0.305515,
Rh2MnAl,cP2,Pm-3m,,,-0.7504,,
Rh2MnGa,cP2,Pm-3m,,,-0.5731,,
Rh2MnIn,cP2,Pm-3m,,,-0.3659,,
MnGeRh2,cF16,Fm-3m,mp-4664,647271,-0.57,-0.44292375,-0.44947884
MnSnRh2,cF16,Fm-3m,mp-4990,17688,-0.4156,-0.44010532,-0.46709352
Rh2TiAl,cP2,Pm-3m,,,-1.0116,,
Rh2TiGa,cP2,Pm-3m,,,-0.8188,,
Rh2TiSn,tI8,I4/mmm,,,-0.7742,,
VSnRh2,tI8,I4/mmm,mp-669918,18063,-0.4643,-0.41636787,-0.43863856
VGaNi2,cF16,Fm-3m,mp-30658,17275,-0.2228,-0.28814787,-0.28700053
VNi2Sn,cF16,Fm-3m,mp-20864,17820,-0.2508,-0.1140145,-0.1417274
VFe2Sn,cF16,Fm-3m,mp-636359,17233,-0.0383,0.04401775,-0.01862392
Fe2VAl,cP2,Pm-3m,,,-0.2487,,
Fe2NiAl,cP2,Pm-3m,,,-0.3203,,
Fe2CuAl,cP2,Pm-3m,,,-0.2425,,
Fe2MnAl,cP2,Pm-3m,,,-0.0943,,
Mn2RuSi,,,,,-0.3835,,
Mn2SnRu,cF16,F-43m,mp-999557,,-0.1803,0.07886879,
Mn0.2Ni0.55Sn0.25,cF16,Fm-3m,,,-0.2757,,
Mn0.30Ni0.45Sn0.25,cF16,Fm-3m,,,-0.285,,
Mn0.35Ni0.4Sn0.25,cF16,Fm-3m,,,-0.2757,,
Mn3Ni5Sn2,cF16,Fm-3m,,,-0.2176,,
Mn0.35Ni0.5Sn0.15,cF16,Fm-3m,,,-0.2083,,
TiGaNi2,cF16,Fm-3m,mp-30657,17273,-0.4405,-0.53975432,-0.56136537
TiInNi2,cF16,Fm-3m,mp-22463,55528,-0.2954,-0.34461536,-0.36462902
TiNi2Sn,cF16,Fm-3m,mp-3740,17816,-0.485,-0.43329163,-0.47901202
MnAlIr2,cF16,Fm-3m,mp-864950,458527,-0.6716,-0.57404936,-0.5817824
MnGaIr2,cF16,Fm-3m,mp-865088,457980,-0.2218,-0.33127356,-0.34589253
InMnPt2,,,,,-0.484,,
CuInRh2,cP2,Pm-3m,,,-0.2322,,
MnSnAu,cF12,F-43m,mp-22027,647441,-0.5016,-0.0448774,-0.07865257
TiCoSn,cF12,F-43m,mp-20453,860363,-0.4415,0.31134766,-0.37599542
MnGaIr,cF12,F-43m,,684862,-0.4239,,0.06719219
MnSnIr,cF12,F-43m,mp-11480,17497,-0.3047,0.29446035,0.2571392
ZrSnIr,hP18,P-62c,mp-607139,24958,-0.9235,-0.73836035,-0.77341546
HfNiSn,cF12,F-43m,mp-924128,667584,-0.6488,-0.63230214,0.13071924
TiNiSn,cF12,F-43m,mp-924130,115027,-0.5452,-0.52801859,-0.58058168
ZrNiSn,cF12,F-43m,mp-924129,676556,-0.7214,-0.68398515,-0.71904526
HfSnPd,cF12,F-43m,mp-11869,18376,-0.7089,-0.72360596,-0.7517317
PdSnZr,cP2,Pm-3m,,,-0.8975,,
HfSnPt,cF12,F-43m,mp-20889,566182,-1.024,-0.27783584,-1.01509825
MnGaPt,hP6,P63/mmc,mp-569151,17256,-0.6084,-0.45781977,-0.4582049
MnSnPt,cF12,F-43m,mp-21418,17683,-0.5783,-0.33896264,-0.36926039
TiSnPt,cF12,F-43m,mp-30847,18005,-0.9701,-0.83028347,-0.87088914
ZrSnPt,cF12,F-43m,mp-961713,566429,-1.0872,-1.02254305,-1.05425069
Co0.25Ni1.75MnSn,cF16,Fm-3m,,,-0.1969,,
Co0.125Mn0.25Ni0.375Sn0.25,cF16,Fm-3m,,,-0.1855,,
Co0.75Ni1.25MnSn,cF16,Fm-3m,,,-0.2259,,
CoNiMnSn,cF16,Fm-3m,,,-0.2094,,
Co1.25Ni0.25MnSn,cF16,Fm-3m,,,-0.2197,,
Co0.375Mn0.25Ni0.125Sn0.25,cF16,Fm-3m,,,-0.2384,,
Co1.75Ni0.25MnSn,cF16,Fm-3m,,,-0.2581,,
Ni2Mn0.25Ti0.75Sn,cF16,Fm-3m,,,-0.4353,,
Ni2Mn0.5Ti0.5Sn,cF16,Fm-3m,,,-0.3451,,
Ni2Mn0.75Ti0.25Sn,cF16,Fm-3m,,,-0.3451,,
Ni0.25Pd1.75MnSn,cF16,Fm-3m,,,-0.5369,,
Mn0.25Ni0.125Pd0.375Sn0.25,cF16,Fm-3m,,,-0.4871,,
Mn0.25Ni0.1875Pd0.3125Sn0.25,cF16,Fm-3m,,,-0.4394,,
NiPdMnSn,cF16,F-43m,,,-0.3887,,
Mn0.25Ni0.3125Pd0.1875Sn0.25,cF16,Fm-3m,,,-0.3192,,
Mn0.25Ni0.375Pd0.125Sn0.25,cF16,Fm-3m,,,-0.2985,,
Mn0.25Ni0.4375Pd0.0625Sn0.25,cF16,Fm-3m,,,-0.2985,,
In0.05Mn0.25Ni0.5Sn0.2,cF16,Fm-3m,,,-0.2353,,
In0.1Mn0.25Ni0.5Sn0.15,cF16,Fm-3m,,,-0.2643,,
In0.15Mn0.25Ni0.5Sn0.1,cF16,Fm-3m,,,-0.2104,,
In0.2Mn0.25Ni0.5Sn0.05,cF16,F-43m,,,-0.2674,,
Al0.05Mn0.25Ni0.5Sn0.2,cF16,Fm-3m,,,-0.2684,,
Al0.1Mn0.25Ni0.5Sn0.15,cF16,Fm-3m,,,-0.2954,,
Al0.15Mn0.25Ni0.5Sn0.1,cP2,Pm-3m,,,-0.3337,,
Al0.2Mn0.25Ni0.5Sn0.05,cP2,Pm-3m,,,-0.3296,,
Ni2Mn0.2V0.8Sn,cF16,Fm-3m,,,-0.284,,
Ni2Mn0.4V0.6Sn,cF16,Fm-3m,,,-0.2964,,
Mn0.15Ni0.5Sn0.25V0.1,cF16,Fm-3m,,,-0.3285,,
Mn0.2Ni0.5Sn0.25V0.05,cF16,Fm-3m,,,-0.2415,,
Fe0.25Ni1.75MnSn,cF16,Fm-3m,,,-0.2612,,
Fe0.125Mn0.25Ni0.375Sn0.25,cF16,Fm-3m,,,-0.2757,,
Fe0.75Ni1.25MnSn,cF16,Fm-3m,,,-0.1814,,
FeNiMnSn,cF16,Fm-3m,,,-0.1057,,
Cu0.25Ni1.75MnSn,cF16,Fm-3m,,,-0.2384,,
Cu0.125Mn0.25Ni0.375Sn0.25,cF16,Fm-3m,,,-0.2881,,
Fe0.1875Mn0.25Ni0.3125Sn0.25,cF16,Fm-3m,,,-0.2747,,
CuNiMnSn,cF16,Fm-3m,,,-0.2633,,
Cu0.3125Mn0.25Ni0.1875Sn0.25,cF16,Fm-3m,,,-0.2881,,
Cu0.375Mn0.25Ni0.125Sn0.25,cF16,Fm-3m,,,-0.2747,,
Cu1.75Ni0.25MnSn,cF16,Fm-3m,,,-0.2757,,
Ge0.05Mn0.25Ni0.5Sn0.2,cF16,Fm-3m,,,-0.2218,,
Ge0.1Mn0.25Ni0.5Sn0.15,cF16,Fm-3m,,,-0.2829,,
Ge0.15Mn0.25Ni0.5Sn0.1,cF16,Fm-3m,,,-0.2498,,
Ge0.2Mn0.25Ni0.5Sn0.05,cF16,Fm-3m,,,-0.3389,,
Ni2MnSi0.2Sn0.8,cF16,Fm-3m,,,-0.2446,,
Ga0.05Mn0.25Ni0.5Sn0.2,cF16,Fm-3m,,,-0.2477,,
Ga0.1Mn0.25Ni0.5Sn0.15,cF16,Fm-3m,,,-0.2995,,
Ga0.15Mn0.25Ni0.5Sn0.1,cF16,Fm-3m,,,-0.3078,,
Ga0.2Mn0.25Ni0.5Sn0.05,cF16,Fm-3m,,,-0.2892,,
Ce5Pb3,hP16,P63/mcm,,690179,-0.7835,,-0.5320109
Pr5Pb3,hP16,P63/mcm,,,-0.8001,,
Nd5Pb3,hP16,P63/mcm,,30804,-0.7773,,-0.54425795
Sm5Pb3,hP16,P63/mcm,,,-0.7929,,
Gd5Pb3,hP16,P63/mcm,,30399,-0.798,,-0.55242522
Tb5Pb3,hP16,P63/mcm,,30923,-0.7379,,-0.13671797
Dy5Pb3,hP16,P63/mcm,mp-569760,29904,-0.7887,-0.54462748,-0.54011757
Ho5Pb3,hP16,P63/mcm,mp-30730,17466,-0.7452,-0.53146096,-0.53073424
Er5Pb3,hP16,P63/mcm,,30023,-0.7794,,-0.5183237
Tm5Pb3,hP16,P63/mcm,,30928,-0.7939,,-0.49914195
Lu5Pb3,hP16,P63/mcm,,30697,-0.7752,,-0.46361792
Li17Sn4,cF420,F-43m,mp-573471,22905,-0.4156,-0.34836755,-0.35750635
AgCa3,oS36,Cmcm,,,-0.1223,,
Cu2NiSn,cF16,Fm-3m,mp-4367,19462,-0.1461,0.04125642,0.00643917
Cu0.6Ni0.15Sn0.25,cF16,Fm-3m,,,-0.1213,,
Cu0.4Ni0.35Sn0.25,cF16,Fm-3m,,,-0.1679,,
Cu0.3Ni0.45Sn0.25,cF16,Fm-3m,,,-0.1897,,
Cu0.12Ni0.63Sn0.25,oS12,Cmcm,,,-0.2239,,
Cu0.05Ni0.7Sn0.25,hP8,P63/mmc,,,-0.2415,,
Cu0.3Ni0.29Sn0.41,hP6,P63/mmc,,,-0.229,,
Cu0.2Ni0.39Sn0.41,hP6,P63/mmc,,,-0.2705,,
Cu0.1Ni0.49Sn0.41,hP6,P63/mmc,,,-0.2995,,
Cu0.275Ni0.27Sn0.455,hP6,P63/mmc,,,-0.1886,,
Cu0.375Ni0.17Sn0.455,hP6,P63/mmc,,,-0.1679,,
FeGe,hP6,P6/mmm,mp-22478,647200,-0.1613,-0.12579344,-0.12767187
FeGe2,tI12,I4/mcm,mp-21117,7790,-0.3823,-0.06049156,-0.06497736
AlLi,cF16,Fd-3m,mp-1067,2012,-0.2145,-0.17935152,-0.1861232
AlLi,cF16,Fd-3m,mp-1067,2012,,-0.17935152,-0.1861232
Al2Li3,hR15,R-3m,mp-16506,10488,-0.198,-0.18145293,-0.19199537
Al4Li9,mS26,C12/m1,mp-568404,,-0.1565,-0.15599208,
SmMg,cP2,Pm-3m,mp-2558,90153,-0.1917,-0.10785642,-0.1044123
SmMg2,cF24,Fd-3m,mp-529,17651,-0.1658,-0.09464138,-0.09422897
SmMg3,cF16,Fm-3m,mp-30779,17652,-0.1244,-0.110229,-0.10948037
Mg5Sm,cF448,F-43m,,,-0.0881,,
Mg41Sm5,tI92,I4/m,,,-0.057,,
Ni3Ge,cP4,Pm-3m,mp-21008,17342,,-0.2918224,-0.29969984
Ge3Ni5,hP6,P63/mmc,,,,,
Ge2Ni3,hP6,P63/mmc,,,,,
NiGe,oP8,Pnma,mp-1099,646855,,-0.30645184,-0.31421743
AlNd3,hP8,P63/mmc,,,-0.3131,,
NbCr2,cF24,Fd-3m,mp-548,19373,-0.0301,-0.03087492,-0.04063231
NbFe2,hP12,P63/mmc,mp-568901,30227,-0.141,-0.12231512,-0.12212013
