formula,c,mn,si,cr,ni,mo,v,n,nb,co,w,al,ti,yield strength,tensile strength,elongation
Fe0.620C0.000953Mn0.000521Si0.00102Cr0.000110Ni0.192Mo0.0176V0.000112Nb0.0000616Co0.146Al0.00318Ti0.0185,0.02,0.05,0.05,0.01,19.7,2.95,0.01,0,0.01,15,0,0.15,1.55,2411.5,2473.5,7
Fe0.623C0.00854Mn0.000104Si0.000203Cr0.147Ni0.0000971Mo0.0179V0.00515N0.00163Nb0.0000614Co0.188W0.00729Al0.000845,0.18,0.01,0.01,13.44,0.01,3.01,0.46,0.04,0.01,19.46,2.35,0.04,0,1123.1,1929.2,8
Fe0.625Mn0.000102Si0.000200Cr0.0936Ni0.129Mo0.00480V0.000110Nb0.0000604Co0.132Al0.00812Ti0.00669,0,0.01,0.01,8.67,13.45,0.82,0.01,0,0.01,13.9,0,0.39,0.57,1736.3,1871.8,
Fe0.634C0.000478Mn0.000523Si0.00102Cr0.000111Ni0.173Mo0.0237V0.000113Nb0.0000619Co0.146Al0.00277Ti0.0176,0.01,0.05,0.05,0.01,17.7,3.95,0.01,0,0.01,15,0,0.13,1.47,2487.3,2514.9,9
Fe0.636C0.000474Mn0.000518Si0.00101Cr0.000109Ni0.188Mo0.00860V0.000112Nb0.0000612Co0.144Al0.00274Ti0.0184,0.01,0.05,0.05,0.01,19.4,1.45,0.01,0,0.01,14.9,0,0.13,1.55,2249.6,2315,8.5
Fe0.636C0.00881Mn0.000203Si0.00972Cr0.135Ni0.00892Mo0.0114V0.000109Nb0.0000600Co0.190Al0.000620,0.19,0.02,0.49,12.56,0.94,1.96,0.01,0,0.01,20.1,0,0.03,0,1328.3,1779.5,19.7
Fe0.644Mn0.000521Si0.00102Cr0.000110Ni0.177Mo0.0215V0.000112Nb0.0000617Co0.126Al0.00234Ti0.0269,0,0.05,0.05,0.01,18.1,3.6,0.01,0,0.01,13,0,0.11,2.25,2501.1,2570,3.7
Fe0.646C0.00479Mn0.00597Si0.00492Cr0.135Ni0.0000980Mo0.0534V0.000113N0.000821Nb0.0000619Co0.148Al0.000640,0.1,0.57,0.24,12.19,0.01,8.9,0.01,0.02,0.01,15.2,0,0.03,0,1228.9,1795.6,2
Fe0.648C0.000453Mn0.0000991Si0.0386Cr0.183Ni0.0195Mo0.000113V0.000107Nb0.0000586Co0.109Al0.000605Ti0.000569,0.01,0.01,1.99,17.5,2.1,0.02,0.01,0,0.01,11.8,0,0.03,0.05,1088.6,1419.3,10
Fe0.648C0.00751Mn0.000103Si0.000201Cr0.158Ni0.0000961Mo0.0288V0.00531N0.00201Nb0.0000607Co0.149Al0.000836,0.16,0.01,0.01,14.56,0.01,4.9,0.48,0.05,0.01,15.6,0,0.04,0,1502,2008.4,11.5
Fe0.650C0.000477Mn0.000522Si0.00102Cr0.000110Ni0.176Mo0.0215V0.000113Nb0.0000617Co0.126Al0.00170Ti0.0225,0.01,0.05,0.05,0.01,18,3.6,0.01,0,0.01,13,0,0.08,1.88,2411.5,2475.8,7.7
Fe0.652Mn0.000522Si0.00102Cr0.000110Ni0.177Mo0.0209V0.000113Nb0.0000617Co0.126Al0.00212Ti0.0194,0,0.05,0.05,0.01,18.1,3.5,0.01,0,0.01,13,0,0.1,1.62,2331.1,2397.7,9.3
Fe0.655C0.00752Mn0.000103Si0.000201Cr0.147Ni0.0000961Mo0.0276V0.00443N0.00161Nb0.0000607Co0.155Al0.000836,0.16,0.01,0.01,13.56,0.01,4.7,0.4,0.04,0.01,16.2,0,0.04,0,1274.7,1949.9,12
Fe0.655Mn0.000522Si0.00102Cr0.000110Ni0.176Mo0.0215V0.00563Nb0.0000617Co0.117Al0.000425Ti0.0228,0,0.05,0.05,0.01,18,3.6,0.5,0,0.01,12,0,0.02,1.9,2402.3,2468.9,8.3
Fe0.656C0.00758Mn0.000104Si0.000203Cr0.156Ni0.0000970Mo0.0424V0.00458N0.00122Nb0.0000613Co0.131Al0.000844,0.16,0.01,0.01,14.24,0.01,7.15,0.41,0.03,0.01,13.6,0,0.04,0,1460.7,2197.9,4
Fe0.656C0.00930Mn0.000102Si0.000199Cr0.152Ni0.00875Mo0.0116V0.000110Nb0.000481Co0.161Al0.000621,0.2,0.01,0.01,14.13,0.92,1.99,0.01,0,0.08,17,0,0.03,0,1243.4,1792.3,20.8
Fe0.657C0.000954Mn0.000522Si0.00102Cr0.000110Ni0.166Mo0.0243V0.00776Nb0.0000617Co0.120Al0.00340Ti0.0189,0.02,0.05,0.05,0.01,17,4.07,0.69,0,0.01,12.3,0,0.16,1.58,2381.6,2436.8,9.7
Fe0.659C0.00747Mn0.000102Si0.0134Cr0.156Ni0.0000955Mo0.0297V0.00451N0.000800Nb0.0000603Co0.128Al0.000831,0.16,0.01,0.67,14.5,0.01,5.09,0.41,0.02,0.01,13.41,0,0.04,0,1412.5,2129,4
Fe0.660C0.000484Mn0.000106Si0.000207Cr0.000112Ni0.148Mo0.0364V0.000114Nb0.0000625Co0.146Al0.000646Ti0.00752,0.01,0.01,0.01,0.01,15,6.02,0.01,0,0.01,14.8,0,0.03,0.62,1603.3,1751.6,10.3
Fe0.661C0.000454Mn0.0000993Si0.0375Cr0.164Ni0.0381Mo0.000114V0.000107Nb0.0000587Co0.0972Al0.000606Ti0.000684,0.01,0.01,1.93,15.6,4.1,0.02,0.01,0,0.01,10.5,0,0.03,0.06,1185.1,1453.8,18
Fe0.661C0.000475Mn0.000520Si0.00102Cr0.000110Ni0.170Mo0.0247V0.000112Nb0.0000615Co0.111Al0.0131Ti0.0177,0.01,0.05,0.05,0.01,17.5,4.15,0.01,0,0.01,11.5,0,0.62,1.48,2510.3,2570,7.7
Fe0.662C0.000477Mn0.000521Si0.00102Cr0.000110Ni0.168Mo0.0236V0.000112Nb0.0000616Co0.119Al0.00488Ti0.0213,0.01,0.05,0.05,0.01,17.2,3.95,0.01,0,0.01,12.2,0,0.23,1.78,2372.4,2441.3,8.7
Fe0.663C0.00329Mn0.000103Si0.000201Cr0.169Ni0.0000963Mo0.0294V0.00455N0.00121Nb0.0000608Co0.129Al0.000629,0.07,0.01,0.01,15.54,0.01,4.99,0.41,0.03,0.01,13.41,0,0.03,0,1312.6,2011.9,11.5
Fe0.664C0.00751Mn0.00575Si0.000201Cr0.157Ni0.0000961Mo0.0301V0.00454N0.00121Nb0.0000607Co0.128Al0.00105,0.16,0.56,0.01,14.46,0.01,5.12,0.41,0.03,0.01,13.41,0,0.05,0,1350.4,2039.4,12
Fe0.664C0.00754Mn0.000103Si0.000604Cr0.152Ni0.0105Mo0.0292V0.000111Nb0.00164Co0.134Al0.000629,0.16,0.01,0.03,13.99,1.09,4.95,0.01,0,0.27,13.94,0,0.03,0,1169.4,1603.4,21.8
Fe0.664C0.00926Mn0.000101Si0.0101Cr0.134Ni0.00900Mo0.0114V0.000109Nb0.000479Co0.161Al0.000618,0.2,0.01,0.51,12.51,0.95,1.97,0.01,0,0.08,17.06,0,0.03,0,1322.1,1770.7,17.8
Fe0.665C0.000468Mn0.000102Si0.000200Cr0.121Ni0.0768Mo0.0293V0.000110Nb0.0000606Co0.0823Al0.0254Ti0.000118,0.01,0.01,0.01,11.14,8.01,4.99,0.01,0,0.01,8.62,0,1.22,0.01,1870.6,1970.6,11.5
Fe0.666C0.000482Mn0.000105Si0.000206Cr0.000111Ni0.149Mo0.0308V0.000114Nb0.0000623Co0.150Al0.000644Ti0.00242,0.01,0.01,0.01,0.01,15.1,5.1,0.01,0,0.01,15.3,0,0.03,0.2,1580,1675.6,13.6
Fe0.666C0.00702Mn0.000102Si0.000200Cr0.157Ni0.0000958Mo0.0296V0.00508N0.00602Nb0.0000605Co0.129Al0.00104,0.15,0.01,0.01,14.48,0.01,5.06,0.46,0.15,0.01,13.49,0,0.05,0,1164.4,2032.6,4
Fe0.666C0.00751Mn0.000103Si0.000201Cr0.155Ni0.0000960Mo0.0299V0.00963N0.00161Nb0.0000607Co0.129Al0.00104,0.16,0.01,0.01,14.34,0.01,5.09,0.87,0.04,0.01,13.45,0,0.05,0,1550.3,2122.1,12
Fe0.667C0.000477Mn0.000522Si0.00102Cr0.000110Ni0.171Mo0.0233V0.000113Nb0.0000617Co0.115Al0.00361Ti0.0184,0.01,0.05,0.05,0.01,17.5,3.9,0.01,0,0.01,11.8,0,0.17,1.54,2381.6,2436.8,9.3
Fe0.667C0.00984Mn0.000102Si0.000200Cr0.158Ni0.0000959Mo0.0295V0.00453N0.000804Nb0.0000606Co0.129Al0.00104,0.21,0.01,0.01,14.6,0.01,5.02,0.41,0.02,0.01,13.48,0,0.05,0,1405.6,2122.1,12
Fe0.667C0.00984Mn0.000102Si0.000200Cr0.158Ni0.0000959Mo0.0295V0.00508N0.000804Nb0.0000606Co0.128Al0.00104,0.21,0.01,0.01,14.58,0.01,5.02,0.46,0.02,0.01,13.45,0,0.05,0,1529.6,2108.3,12
Fe0.668C0.000469Mn0.000102Si0.000200Cr0.119Ni0.0764Mo0.0293V0.000110Nb0.0000606Co0.0817Al0.0252Ti0.000118,0.01,0.01,0.01,10.96,7.97,5,0.01,0,0.01,8.55,0,1.21,0.01,1825.8,1953.3,11
Fe0.668C0.00972Mn0.00435Si0.00990Cr0.134Ni0.0112Mo0.0119V0.000109Nb0.0000598Co0.150Al0.000618,0.21,0.43,0.5,12.53,1.18,2.06,0.01,0,0.01,15.95,0,0.03,0,1352.2,1839.4,19
Fe0.668Mn0.000102Si0.000200Cr0.119Ni0.0767Mo0.0292V0.000111Nb0.0000606Co0.0813Al0.0248Ti0.000235,0,0.01,0.01,10.97,7.99,4.98,0.01,0,0.01,8.51,0,1.19,0.02,1837.9,1949.8,12.5
Fe0.669C0.00331Mn0.00590Si0.00648Cr0.129Ni0.0000969Mo0.0375V0.000112N0.00203Nb0.0000612Co0.147Al0.000632,0.07,0.57,0.32,11.76,0.01,6.32,0.01,0.05,0.01,15.2,0,0.03,0,1133.4,1931.2,13.4
Fe0.669C0.00929Mn0.000102Si0.000596Cr0.151Ni0.0000950Mo0.0115V0.000110Nb0.000480Co0.157Al0.000620,0.2,0.01,0.03,14.09,0.01,1.98,0.01,0,0.08,16.62,0,0.03,0,1358.2,1841.4,13.8
Fe0.669C0.00957Mn0.0000996Si0.0388Cr0.132Ni0.00876Mo0.0113V0.000107Nb0.000471Co0.129Al0.000608,0.21,0.01,1.99,12.58,0.94,1.98,0.01,0,0.08,13.88,0,0.03,0,1354.2,1769.8,19.1
Fe0.670C0.00439Mn0.00704Si0.00563Cr0.138Ni0.0000999Mo0.000122V0.000115N0.00126Nb0.0000631Co0.147W0.0255Al0.000652,0.09,0.66,0.27,12.28,0.01,0.02,0.01,0.03,0.01,14.8,8,0.03,0,1081.1,1678.6,5.8
Fe0.670C0.00564Mn0.000103Si0.000201Cr0.158Ni0.0000963Mo0.0300V0.00477N0.00121Nb0.0000608Co0.129Al0.000628,0.12,0.01,0.01,14.52,0.01,5.09,0.43,0.03,0.01,13.48,0,0.03,0,1515.8,2101.5,6
Fe0.670C0.00798Mn0.000103Si0.000201Cr0.155Ni0.0000961Mo0.0299V0.00454N0.00121Nb0.0000607Co0.131Al0.000627,0.17,0.01,0.01,14.26,0.01,5.09,0.41,0.03,0.01,13.64,0,0.03,0,1502,2094.6,11
Fe0.671C0.000470Mn0.000514Si0.00100Cr0.000109Ni0.141Mo0.00882V0.000111Nb0.0000607Co0.147Al0.0159Ti0.0137,0.01,0.05,0.05,0.01,14.7,1.5,0.01,0,0.01,15.3,0,0.76,1.16,2157.3,2239.3,8.5
Fe0.671C0.00189Mn0.00569Si0.00547Cr0.134Ni0.0000969Mo0.0347V0.000112N0.00122Nb0.0000612Co0.145Al0.000632,0.04,0.55,0.27,12.29,0.01,5.85,0.01,0.03,0.01,15,0,0.03,0,1287.4,1891.1,11
Fe0.671C0.00376Mn0.000103Si0.000201Cr0.157Ni0.0000962Mo0.0294V0.00510N0.00282Nb0.0000608Co0.130Al0.000628,0.08,0.01,0.01,14.48,0.01,4.99,0.46,0.07,0.01,13.56,0,0.03,0,1311.4,2016.5,13.3
Fe0.671C0.00925Mn0.00516Si0.0103Cr0.135Ni0.00965Mo0.0115V0.000109Nb0.0000598Co0.147Al0.000618,0.2,0.51,0.52,12.66,1.02,1.99,0.01,0,0.01,15.56,0,0.03,0,1245.4,1754.6,18.5
Fe0.672C0.00473Mn0.00527Si0.00647Cr0.131Ni0.0000968Mo0.0373V0.000111N0.00162Nb0.0000611Co0.141Al0.000631,0.1,0.51,0.32,12,0.01,6.3,0.01,0.04,0.01,14.6,0,0.03,0,1155,1848,13.4
Fe0.672C0.00564Mn0.000103Si0.000201Cr0.156Ni0.0000962Mo0.0294V0.00454N0.00121Nb0.0000608Co0.129Al0.00105,0.12,0.01,0.01,14.4,0.01,4.99,0.41,0.03,0.01,13.45,0,0.05,0,1322.9,1984.3,16
Fe0.673C0.000475Mn0.000104Si0.000203Cr0.000110Ni0.144Mo0.0149V0.000112Nb0.0000614Co0.145Al0.000635Ti0.0215,0.01,0.01,0.01,0.01,14.8,2.5,0.01,0,0.01,15,0,0.03,1.8,1571.2,1701.7,10.6
Fe0.673C0.000475Mn0.000104Si0.000203Cr0.000110Ni0.180Mo0.0286V0.00482Nb0.0000614Co0.0842Al0.0201Ti0.00858,0.01,0.01,0.01,0.01,18.5,4.8,0.43,0,0.01,8.7,0,0.95,0.72,1288.4,1453.8,20
Fe0.673C0.000908Mn0.0000992Si0.0361Cr0.167Ni0.0372Mo0.000114V0.000107Nb0.0000587Co0.0851Al0.000404Ti0.000569,0.02,0.01,1.86,15.9,4,0.02,0.01,0,0.01,9.2,0,0.02,0.05,1143.7,1350.4,17
Fe0.674C0.00752Mn0.000103Si0.000201Cr0.156Ni0.0000961Mo0.0303V0.000111N0.00121Nb0.0000607Co0.129Al0.00146,0.16,0.01,0.01,14.36,0.01,5.15,0.01,0.03,0.01,13.45,0,0.07,0,1460.7,2067,12
Fe0.674C0.00925Mn0.00516Si0.0101Cr0.135Ni0.00975Mo0.0115V0.000109Nb0.0000598Co0.145Al0.000618,0.2,0.51,0.51,12.59,1.03,1.98,0.01,0,0.01,15.4,0,0.03,0,1300.3,1741.5,17.9
Fe0.674C0.0112Mn0.000102Si0.000199Cr0.0957Ni0.0829Mo0.00874V0.00307Nb0.0000602Co0.123Al0.000622Ti0.000234,0.24,0.01,0.01,8.9,8.7,1.5,0.28,0,0.01,13,0,0.03,0.02,1309.1,1757,14.3
Fe0.675C0.00705Mn0.000103Si0.000201Cr0.157Ni0.0000962Mo0.0294V0.000111Nb0.0000608Co0.129Al0.00105,0.15,0.01,0.01,14.5,0.01,5,0.01,0,0.01,13.5,0,0.05,0,1338,1792.7,14.1
Fe0.676C0.000475Mn0.000104Si0.000203Cr0.000110Ni0.180Mo0.0279V0.000112Nb0.0000614Co0.0852Al0.0216Ti0.00846,0.01,0.01,0.01,0.01,18.5,4.7,0.01,0,0.01,8.8,0,1.02,0.71,1309.1,1495.1,19
Fe0.677C0.000478Mn0.000104Si0.000204Cr0.000110Ni0.146Mo0.0188V0.000113Nb0.0000617Co0.149Al0.000638Ti0.00839,0.01,0.01,0.01,0.01,14.9,3.15,0.01,0,0.01,15.3,0,0.03,0.7,1669.3,1726.8,10.8
Fe0.677C0.00916Mn0.000100Si0.0294Cr0.134Ni0.00881Mo0.0113V0.000108Nb0.000474Co0.129Al0.000611,0.2,0.01,1.5,12.63,0.94,1.98,0.01,0,0.08,13.83,0,0.03,0,1382.2,1764.8,18.5
Fe0.678C0.000464Mn0.000102Si0.000199Cr0.0873Ni0.114Mo0.000116V0.000110Nb0.0000600Co0.0992Al0.00806Ti0.0129,0.01,0.01,0.01,8.14,11.95,0.02,0.01,0,0.01,10.48,0,0.39,1.11,1768,1828.6,
Fe0.678C0.00421Mn0.00645Si0.00741Cr0.133Ni0.0000958Mo0.0233V0.000110N0.00161Nb0.0000605Co0.145Al0.000625,0.09,0.63,0.37,12.3,0.01,3.97,0.01,0.04,0.01,15.2,0,0.03,0,1131.9,1595.4,13.4
Fe0.679C0.00705Mn0.000103Si0.000201Cr0.153Ni0.00135Mo0.0282V0.00233Nb0.0000608Co0.128Al0.000628,0.15,0.01,0.01,14.13,0.14,4.8,0.21,0,0.01,13.33,0,0.03,0,1341.7,1745.5,18.5
Fe0.680Mn0.000102Si0.000199Cr0.127Ni0.0976Mo0.00856V0.000110Nb0.0000601Co0.0709Al0.00891Ti0.00654,0,0.01,0.01,11.85,10.25,1.47,0.01,0,0.01,7.48,0,0.43,0.56,1586.7,1671.3,
Fe0.680Mn0.000104Si0.000204Cr0.111Ni0.0680Mo0.0327V0.000112N0.000408Nb0.0000616Co0.106Al0.000636,0,0.01,0.01,10.09,6.98,5.48,0.01,0.01,0.01,10.96,0,0.03,0,1373.9,1640.2,11.4
Fe0.681C0.000478Mn0.000104Si0.000204Cr0.000110Ni0.181Mo0.0293V0.00439Nb0.0000618Co0.0847Al0.0108Ti0.00779,0.01,0.01,0.01,0.01,18.5,4.9,0.39,0,0.01,8.7,0,0.51,0.65,1164.4,1371.1,22
Fe0.681C0.00744Mn0.000102Si0.000199Cr0.154Ni0.0000952Mo0.0175V0.0106N0.00120Nb0.0000601Co0.126Al0.00104,0.16,0.01,0.01,14.36,0.01,3.01,0.97,0.03,0.01,13.33,0,0.05,0,1240.2,1598.5,14
Fe0.681C0.00877Mn0.00464Si0.00968Cr0.135Ni0.00898Mo0.00861V0.000109Nb0.0000597Co0.142Al0.000617,0.19,0.46,0.49,12.67,0.95,1.49,0.01,0,0.01,15.1,0,0.03,0,1250.8,1737.4,18.1
Fe0.682C0.00515Mn0.000102Si0.000200Cr0.0995Ni0.0355Mo0.0117V0.00552Nb0.0000605Co0.159Al0.000625Ti0.000353,0.11,0.01,0.01,9.2,3.7,2,0.5,0,0.01,16.7,0,0.03,0.03,1453.8,1701.8,17
Fe0.682C0.00877Mn0.000202Si0.00967Cr0.134Ni0.00907Mo0.00861V0.00501Nb0.0000597Co0.142Al0.000616,0.19,0.02,0.49,12.54,0.96,1.49,0.46,0,0.01,15.1,0,0.03,0,1241,1719.7,18.5
Fe0.682C0.00925Mn0.000101Si0.0101Cr0.134Ni0.00899Mo0.0115V0.000109Nb0.000479Co0.143Al0.000618,0.2,0.01,0.51,12.51,0.95,1.98,0.01,0,0.08,15.16,0,0.03,0,1314.2,1775.6,15.3
Fe0.683C0.00704Mn0.000103Si0.000201Cr0.156Ni0.0000961Mo0.0299V0.00454N0.00121Nb0.0000607Co0.117Al0.000836,0.15,0.01,0.01,14.36,0.01,5.09,0.41,0.03,0.01,12.23,0,0.04,0,1471,1939.6,12.5
Fe0.683C0.00749Mn0.000102Si0.000200Cr0.156Ni0.0000958Mo0.0309V0.00453N0.00522Nb0.0000605Co0.112Al0.000834,0.16,0.01,0.01,14.4,0.01,5.28,0.41,0.13,0.01,11.74,0,0.04,0,1646.7,2149.7,10
Fe0.683C0.00925Mn0.000202Si0.00969Cr0.134Ni0.00890Mo0.0114V0.000109Nb0.000120Co0.142Al0.000618,0.2,0.02,0.49,12.55,0.94,1.97,0.01,0,0.02,15.08,0,0.03,0,1258.6,1738.3,16.9
Fe0.684C0.00699Mn0.000102Si0.000199Cr0.155Ni0.0000953Mo0.0177V0.00450N0.00120Nb0.0000602Co0.130Al0.000622,0.15,0.01,0.01,14.36,0.01,3.04,0.41,0.03,0.01,13.64,0,0.03,0,1233.3,1612.3,14
Fe0.684C0.00795Mn0.000102Si0.000200Cr0.156Ni0.0000957Mo0.0306V0.00452N0.00481Nb0.0000604Co0.109Al0.00271,0.17,0.01,0.01,14.48,0.01,5.22,0.41,0.12,0.01,11.41,0,0.13,0,1536.5,2135.9,10
Fe0.684C0.00920Mn0.000101Si0.0197Cr0.134Ni0.00885Mo0.0114V0.00228Nb0.000476Co0.129Al0.000614,0.2,0.01,1,12.6,0.94,1.98,0.21,0,0.08,13.77,0,0.03,0,1344.4,1736.9,17.8
Fe0.685C0.00877Mn0.000101Si0.00967Cr0.134Ni0.00907Mo0.00855V0.00359Nb0.0000597Co0.141Al0.000617,0.19,0.01,0.49,12.53,0.96,1.48,0.33,0,0.01,14.95,0,0.03,0,1218.4,1738.3,19.3
Fe0.685C0.0101Mn0.000101Si0.0199Cr0.134Ni0.00884Mo0.0114V0.000108Nb0.000475Co0.129Al0.000614,0.22,0.01,1.01,12.61,0.94,1.98,0.01,0,0.08,13.78,0,0.03,0,1383.7,1773.6,16.2
Fe0.685C0.0112Mn0.000102Si0.000199Cr0.0957Ni0.0705Mo0.00991V0.00307Nb0.0000602Co0.123Al0.000622Ti0.000351,0.24,0.01,0.01,8.9,7.4,1.7,0.28,0,0.01,13,0,0.03,0.03,1550.3,1940.7,14.3
Fe0.685C0.0116Mn0.000101Si0.000198Cr0.151Ni0.00882Mo0.0116V0.000109Nb0.000479Co0.131Al0.000619,0.25,0.01,0.01,14.09,0.93,2,0.01,0,0.08,13.88,0,0.03,0,1438.6,1826.1,11
Fe0.686C0.000466Mn0.000102Si0.000199Cr0.0951Ni0.103Mo0.00694V0.00450Nb0.0000602Co0.0877Al0.00892Ti0.00666,0.01,0.01,0.01,8.84,10.81,1.19,0.41,0,0.01,9.24,0,0.43,0.57,1755.2,1820.7,
Fe0.686C0.000469Mn0.000410Si0.000802Cr0.107Ni0.0671Mo0.0161Co0.0767W0.00745Al0.0376,0.01,0.04,0.04,9.9,6.99,2.75,0,0,0,8.02,2.43,1.8,0,1680.6,1768.7,6.5
Fe0.686C0.000478Mn0.000104Si0.000204Cr0.000110Ni0.143Mo0.0185V0.000113Nb0.0000618Co0.150Al0.000638Ti0.00144,0.01,0.01,0.01,0.01,14.6,3.1,0.01,0,0.01,15.4,0,0.03,0.12,1267.1,1331.5,15.8
Fe0.686C0.000910Mn0.0000995Si0.0354Cr0.146Ni0.0475Mo0.000114V0.000107Nb0.0000588Co0.0825Al0.000405Ti0.000457,0.02,0.01,1.82,13.9,5.1,0.02,0.01,0,0.01,8.9,0,0.02,0.04,1226.4,1329.8,17
Fe0.687C0.000467Mn0.000102Si0.000200Cr0.0835Ni0.114Mo0.00573V0.000110Nb0.0000604Co0.0947Al0.00562Ti0.00832,0.01,0.01,0.01,7.74,11.91,0.98,0.01,0,0.01,9.95,0,0.27,0.71,1779.7,1856.2,
Fe0.687C0.00974Mn0.000101Si0.000198Cr0.151Ni0.00883Mo0.0116V0.000109Nb0.000480Co0.131Al0.000620,0.21,0.01,0.01,14.08,0.93,2,0.01,0,0.08,13.83,0,0.03,0,1372.9,1800.2,16.8
Fe0.687C0.0162Mn0.000101Si0.000199Cr0.0965Ni0.0142Mo0.0116V0.00328Nb0.0000600Co0.170Al0.000620Ti0.000233,0.35,0.01,0.01,9,1.5,2,0.3,0,0.01,18,0,0.03,0.02,1731.7,2232.4,
Fe0.687Mn0.000102Si0.000199Cr0.119Ni0.0952Mo0.00716V0.000110Nb0.0000601Co0.0712W0.000851Al0.0118Ti0.00689,0,0.01,0.01,11.11,10,1.23,0.01,0,0.01,7.51,0.28,0.57,0.59,1729.4,1817.2,
Fe0.688C0.00877Mn0.000101Si0.00987Cr0.134Ni0.00898Mo0.00856V0.000109Nb0.0000597Co0.141Al0.000617,0.19,0.01,0.5,12.53,0.95,1.48,0.01,0,0.01,15.02,0,0.03,0,1311.1,1789.4,16.2
Fe0.689C0.000476Mn0.000104Si0.000204Cr0.111Ni0.0683Mo0.0327V0.000112Nb0.0000615Co0.0975Al0.000636,0.01,0.01,0.01,10.12,7.01,5.48,0.01,0,0.01,10.05,0,0.03,0,1486.2,1700.3,14.6
Fe0.689C0.00193Mn0.000105Si0.000206Cr0.000111Ni0.185Mo0.0362V0.000114Nb0.0000623Co0.0785Al0.00343Ti0.00507,0.04,0.01,0.01,0.01,18.8,6,0.01,0,0.01,8,0,0.16,0.42,1012.8,1198.9,6
Fe0.690C0.00697Mn0.000102Si0.000199Cr0.150Ni0.00885Mo0.0116V0.000110Nb0.000481Co0.130Al0.000621,0.15,0.01,0.01,14.01,0.93,1.99,0.01,0,0.08,13.76,0,0.03,0,1278.2,1610.8,17.7
Fe0.690C0.00785Mn0.000101Si0.0154Cr0.134Ni0.00898Mo0.0115V0.000109Nb0.000477Co0.132Al0.000617,0.17,0.01,0.78,12.54,0.95,1.99,0.01,0,0.08,13.99,0,0.03,0,1368.5,1727.5,17.3
Fe0.690C0.00970Mn0.000101Si0.0111Cr0.134Ni0.00936Mo0.0114V0.00370Nb0.000478Co0.129Al0.000617,0.21,0.01,0.56,12.54,0.99,1.97,0.34,0,0.08,13.76,0,0.03,0,1280.7,1772.2,12.5
Fe0.692C0.00837Mn0.00112Si0.00179Cr0.000107Ni0.169Mo0.000116V0.0474Nb0.0000601Co0.0764Al0.00228Ti0.000933,0.18,0.11,0.09,0.01,17.8,0.02,4.32,0,0.01,8.06,0,0.11,0.08,1605.4,1639.8,13
Fe0.692C0.00968Mn0.000101Si0.0144Cr0.133Ni0.00887Mo0.0114V0.000109Nb0.000477Co0.130Al0.000616,0.21,0.01,0.73,12.51,0.94,1.98,0.01,0,0.08,13.78,0,0.03,0,1369.5,1759.4,15.9
Fe0.693C0.000454Mn0.0000993Si0.0334Cr0.165Ni0.0381Mo0.000114V0.000107Nb0.0000587Co0.0685Al0.000405Ti0.000456,0.01,0.01,1.72,15.7,4.1,0.02,0.01,0,0.01,7.4,0,0.02,0.04,1205.8,1281.5,16
Fe0.693C0.00877Mn0.000101Si0.0144Cr0.133Ni0.00897Mo0.0114V0.000109Nb0.000477Co0.130Al0.000616,0.19,0.01,0.73,12.47,0.95,1.98,0.01,0,0.08,13.78,0,0.03,0,1275.3,1741.8,17.6
Fe0.694C0.0103Mn0.000102Si0.000200Cr0.0917Ni0.0440Mo0.00877V0.00308Nb0.0000604Co0.146W0.00153Al0.000624Ti0.000352,0.22,0.01,0.01,8.5,4.6,1.5,0.28,0,0.01,15.3,0.5,0.03,0.03,1575.5,1998.1,14.7
Fe0.695C0.00971Mn0.000101Si0.00988Cr0.134Ni0.00889Mo0.0115V0.000109Nb0.000478Co0.130Al0.000617,0.21,0.01,0.5,12.55,0.94,1.98,0.01,0,0.08,13.75,0,0.03,0,1369.5,1767.4,17.7
Fe0.695C0.0106Mn0.000101Si0.0103Cr0.133Ni0.00898Mo0.0114V0.000109Nb0.000478Co0.130Al0.000617,0.23,0.01,0.52,12.47,0.95,1.97,0.01,0,0.08,13.78,0,0.03,0,1359.7,1809.9,7.3
Fe0.696C0.00143Mn0.000105Si0.000204Cr0.000110Ni0.180Mo0.0293V0.000113Nb0.0000618Co0.0682Al0.00319Ti0.0212,0.03,0.01,0.01,0.01,18.4,4.9,0.01,0,0.01,7,0,0.15,1.77,1233.3,1378,24
Fe0.696C0.00878Mn0.000101Si0.00989Cr0.135Ni0.00927Mo0.0113V0.000109Nb0.000120Co0.129Al0.000617,0.19,0.01,0.5,12.64,0.98,1.95,0.01,0,0.02,13.67,0,0.03,0,1376.3,1732.4,17.7
Fe0.696C0.00925Mn0.000101Si0.000198Cr0.148Ni0.0107Mo0.00573V0.000109Nb0.000538Co0.129Al0.000617,0.2,0.01,0.01,13.82,1.13,0.99,0.01,0,0.09,13.74,0,0.03,0,1376.7,1809.3,18
Fe0.696C0.00974Mn0.000101Si0.000198Cr0.150Ni0.0000949Mo0.0116V0.000109Nb0.000480Co0.130Al0.000619,0.21,0.01,0.01,14.04,0.01,1.99,0.01,0,0.08,13.79,0,0.03,0,1348.9,1727.5,9.6
Fe0.697C0.00972Mn0.000101Si0.00732Cr0.135Ni0.00909Mo0.0115V0.000109Nb0.000479Co0.130Al0.000618,0.21,0.01,0.37,12.59,0.96,1.98,0.01,0,0.08,13.75,0,0.03,0,1332.7,1774.1,16.8
Fe0.699C0.000478Mn0.000104Si0.000204Cr0.000110Ni0.166Mo0.0287V0.00383Nb0.0000618Co0.0847Al0.00829Ti0.00803,0.01,0.01,0.01,0.01,17,4.8,0.34,0,0.01,8.7,0,0.39,0.67,1287.3,1429.7,19.3
Fe0.699C0.000946Mn0.000103Si0.000202Cr0.000109Ni0.140Mo0.00545V0.000112Nb0.0000612Co0.148Al0.000632Ti0.00487,0.02,0.01,0.01,0.01,14.5,0.92,0.01,0,0.01,15.4,0,0.03,0.41,1212,1272.2,14.8
Fe0.700C0.000479Mn0.000523Si0.00102Cr0.000111Ni0.170Mo0.0298V0.000113Nb0.0000619Co0.0771Al0.00277Ti0.0180,0.01,0.05,0.05,0.01,17.4,4.97,0.01,0,0.01,7.9,0,0.13,1.5,2356.4,2404.6,8
Fe0.700C0.00927Mn0.000101Si0.00594Cr0.133Ni0.00901Mo0.0114V0.000109Nb0.000479Co0.130Al0.000619,0.2,0.01,0.3,12.46,0.95,1.97,0.01,0,0.08,13.75,0,0.03,0,1299.8,1770.2,13.6
Fe0.701C0.00750Mn0.000102Si0.000200Cr0.154Ni0.0000959Mo0.0289V0.00508N0.00121Nb0.0000606Co0.101Al0.000835,0.16,0.01,0.01,14.26,0.01,4.93,0.46,0.03,0.01,10.55,0,0.04,0,1405.6,1894.8,14
Fe0.702C0.000943Mn0.000103Si0.000202Cr0.000109Ni0.142Mo0.000118V0.000111Nb0.0000609Co0.149Al0.000629Ti0.00509,0.02,0.01,0.01,0.01,14.7,0.02,0.01,0,0.01,15.5,0,0.03,0.43,1144.8,1176.2,16.5
Fe0.702C0.00930Mn0.000102Si0.000199Cr0.133Ni0.0115Mo0.0117V0.000110Nb0.000481Co0.131Al0.000621,0.2,0.01,0.01,12.43,1.21,2.01,0.01,0,0.08,13.82,0,0.03,0,1423.8,1818.8,16.5
Fe0.702Mn0.000102Si0.000200Cr0.154Ni0.0793Mo0.0152V0.000110Nb0.0000604Co0.0409Al0.00208Ti0.00574,0,0.01,0.01,14.3,8.3,2.6,0.01,0,0.01,4.3,0,0.1,0.49,1350.4,1478,
Fe0.702Mn0.000102Si0.000200Cr0.154Ni0.0802Mo0.0146V0.000110Nb0.0000604Co0.0409Al0.00249Ti0.00551,0,0.01,0.01,14.3,8.4,2.5,0.01,0,0.01,4.3,0,0.12,0.47,1274.7,1347,
Fe0.703C0.000908Mn0.0000992Si0.0375Cr0.146Ni0.0557Mo0.000114V0.000107Nb0.0000587Co0.0555Al0.000606Ti0.000569,0.02,0.01,1.93,13.9,6,0.02,0.01,0,0.01,6,0,0.03,0.05,1130,1212.6,14
Fe0.703C0.00274Mn0.0209Si0.00625Cr0.173Ni0.0481Mo0.00864V0.000108Nb0.0000591Co0.0189Al0.0179,0.06,2.09,0.32,16.42,5.14,1.51,0.01,0,0.01,2.03,0,0.88,0,1237,1374.2,9.9
Fe0.703C0.00883Mn0.000102Si0.000199Cr0.135Ni0.00942Mo0.0115V0.000110Nb0.000421Co0.131Al0.000621,0.19,0.01,0.01,12.61,0.99,1.98,0.01,0,0.07,13.79,0,0.03,0,1371.4,1730.5,15.6
Fe0.703C0.00927Mn0.000101Si0.000198Cr0.128Ni0.0235Mo0.00574V0.000109Nb0.000599Co0.129Al0.000619,0.2,0.01,0.01,11.94,2.48,0.99,0.01,0,0.1,13.64,0,0.03,0,1273.3,1640.2,18.6
Fe0.704C0.000476Mn0.000104Si0.000203Cr0.000110Ni0.148Mo0.0304V0.000112Nb0.0000615Co0.0892Al0.0191Ti0.00835,0.01,0.01,0.01,0.01,15.2,5.1,0.01,0,0.01,9.2,0,0.9,0.7,1393.5,1521.4,13.8
Fe0.705C0.000475Mn0.000104Si0.000203Cr0.000110Ni0.147Mo0.0304V0.000112Nb0.0000615Co0.0891Al0.0195Ti0.00835,0.01,0.01,0.01,0.01,15.1,5.1,0.01,0,0.01,9.2,0,0.92,0.7,1580.1,1719.1,10.2
Fe0.706C0.000906Mn0.0000990Si0.0372Cr0.162Ni0.0361Mo0.000113V0.000107Nb0.0000586Co0.0554Al0.000806Ti0.000796,0.02,0.01,1.92,15.5,3.9,0.02,0.01,0,0.01,6,0,0.04,0.07,1109.3,1178.2,12
Fe0.706C0.0106Mn0.000101Si0.00712Cr0.135Ni0.00899Mo0.0114V0.000109Nb0.000478Co0.120Al0.000617,0.23,0.01,0.36,12.6,0.95,1.97,0.01,0,0.08,12.77,0,0.03,0,1302.8,1721.7,18.1
Fe0.706C0.0116Mn0.000101Si0.000199Cr0.0965Ni0.0589Mo0.00755V0.00317Nb0.0000600Co0.115Al0.000620Ti0.000349,0.25,0.01,0.01,9,6.2,1.3,0.29,0,0.01,12.2,0,0.03,0.03,1405.6,1798.3,16
Fe0.707C0.000959Mn0.000105Si0.000205Cr0.000111Ni0.182Mo0.0306V0.000113Nb0.0000620Co0.0655Al0.00256Ti0.0107,0.02,0.01,0.01,0.01,18.6,5.1,0.01,0,0.01,6.7,0,0.12,0.89,1088.6,1226.4,21
Fe0.707C0.000959Mn0.000105Si0.000205Cr0.000111Ni0.183Mo0.0306V0.000113Nb0.0000620Co0.0675Al0.00256Ti0.00770,0.02,0.01,0.01,0.01,18.6,5.1,0.01,0,0.01,6.9,0,0.12,0.64,1026.6,1178.2,14
Fe0.707C0.0112Mn0.000102Si0.000199Cr0.0956Ni0.0485Mo0.00990V0.00318Nb0.0000601Co0.123Al0.000621Ti0.000350,0.24,0.01,0.01,8.9,5.1,1.7,0.29,0,0.01,13,0,0.03,0.03,1429.7,1925.8,15.5
Fe0.709C0.0103Mn0.000102Si0.000200Cr0.0328Ni0.107Mo0.00692V0.000110Nb0.0000605Co0.133Al0.000625Ti0.000117,0.22,0.01,0.01,3.03,11.17,1.18,0.01,0,0.01,13.89,0,0.03,0.01,1810,1970,12.2
Fe0.710C0.000477Mn0.000104Si0.000204Cr0.000110Ni0.149Mo0.0305V0.000112Nb0.0000617Co0.0885Al0.0127Ti0.00814,0.01,0.01,0.01,0.01,15.3,5.1,0.01,0,0.01,9.1,0,0.6,0.68,1123.1,1198.9,13
Fe0.711C0.00699Mn0.000102Si0.000199Cr0.0969Ni0.0458Mo0.00875V0.00549Nb0.0000603Co0.123Al0.000622Ti0.000234,0.15,0.01,0.01,9,4.8,1.5,0.5,0,0.01,13,0,0.03,0.02,1412.5,1688.1,10
Fe0.711C0.00931Mn0.000102Si0.000199Cr0.113Ni0.0237Mo0.0115V0.000110Nb0.000602Co0.130Al0.000622,0.2,0.01,0.01,10.53,2.49,1.98,0.01,0,0.1,13.67,0,0.03,0,1282.2,1668.7,17.8
Fe0.711C0.0108Mn0.000102Si0.000200Cr0.0336Ni0.108Mo0.00697V0.000110Nb0.0000605Co0.129Al0.000208Ti0.000117,0.23,0.01,0.01,3.11,11.26,1.19,0.01,0,0.01,13.48,0,0.01,0.01,1777.6,1954.6,15.6
Fe0.712C0.00143Mn0.000104Si0.000203Cr0.000110Ni0.146Mo0.0297V0.000112Nb0.00123Co0.0852Al0.0207Ti0.00310,0.03,0.01,0.01,0.01,15,5,0.01,0,0.2,8.8,0,0.98,0.26,1026.6,1164.4,35
Fe0.712C0.00144Mn0.000105Si0.000205Cr0.000111Ni0.180Mo0.0306V0.000113Nb0.0000620Co0.0655Al0.00235Ti0.00842,0.03,0.01,0.01,0.01,18.3,5.1,0.01,0,0.01,6.7,0,0.11,0.7,1109.3,1281.5,18
Fe0.712C0.00471Mn0.00639Si0.00746Cr0.133Ni0.0000964Mo0.0363V0.000111N0.00121Nb0.0000609Co0.0980Al0.000629,0.1,0.62,0.37,12.195,0.01,6.15,0.01,0.03,0.01,10.2,0,0.03,0,1258.2,1650.9,12
Fe0.712C0.0103Mn0.000102Si0.000200Cr0.0336Ni0.108Mo0.00698V0.000110Nb0.0000605Co0.129Al0.000208Ti0.000117,0.22,0.01,0.01,3.11,11.22,1.19,0.01,0,0.01,13.51,0,0.01,0.01,1743.5,1925.4,16.8
Fe0.713C0.00984Mn0.000102Si0.000200Cr0.0335Ni0.107Mo0.00698V0.000110Nb0.0000606Co0.129Al0.000209Ti0.000118,0.21,0.01,0.01,3.1,11.18,1.19,0.01,0,0.01,13.52,0,0.01,0.01,1792.1,1991.2,15
Fe0.713C0.0108Mn0.000102Si0.000200Cr0.0335Ni0.106Mo0.00697V0.000110Nb0.0000605Co0.129Al0.000208Ti0.000117,0.23,0.01,0.01,3.1,11.08,1.19,0.01,0,0.01,13.49,0,0.01,0.01,1741.8,1933.4,15.6
Fe0.713C0.0108Mn0.000102Si0.000200Cr0.0336Ni0.107Mo0.00691V0.000110Nb0.0000605Co0.128Al0.000208Ti0.000117,0.23,0.01,0.01,3.11,11.16,1.18,0.01,0,0.01,13.46,0,0.01,0.01,1746.6,1945.8,14.8
Fe0.713C0.0112Mn0.000102Si0.000200Cr0.0337Ni0.106Mo0.00697V0.000110Nb0.0000605Co0.128Al0.000208Ti0.000117,0.24,0.01,0.01,3.12,11.06,1.19,0.01,0,0.01,13.46,0,0.01,0.01,1804.2,2010.8,15.9
Fe0.714C0.00138Mn0.00602Si0.00589Cr0.154Ni0.0798Mo0.0144V0.000108Nb0.0000593Co0.0000935Al0.0245,0.03,0.6,0.3,14.5,8.5,2.5,0.01,0,0.01,0.01,0,1.2,0,1478.4,1617,5
Fe0.714C0.00984Mn0.000102Si0.000200Cr0.0336Ni0.106Mo0.00698V0.000110Nb0.0000605Co0.129Al0.000208Ti0.000118,0.21,0.01,0.01,3.11,11.11,1.19,0.01,0,0.01,13.48,0,0.01,0.01,1795.5,1991.9,13.4
Fe0.714C0.0108Mn0.000102Si0.000400Cr0.0337Ni0.106Mo0.00703V0.000110Nb0.0000605Co0.128Al0.000208Ti0.000117,0.23,0.01,0.02,3.12,11.03,1.2,0.01,0,0.01,13.45,0,0.01,0.01,1818,2022.2,14.4
Fe0.715C0.00378Mn0.00609Si0.00605Cr0.133Ni0.0000966Mo0.0372V0.000111N0.00202Nb0.0000610Co0.0962Al0.000630,0.08,0.59,0.3,12.16,0.01,6.3,0.01,0.05,0.01,10,0,0.03,0,1287.4,1801.8,9.7
Fe0.717C0.000960Mn0.000105Si0.000205Cr0.000111Ni0.178Mo0.0288V0.000113Nb0.00186Co0.0665Al0.00192Ti0.00494,0.02,0.01,0.01,0.01,18.1,4.8,0.01,0,0.3,6.8,0,0.09,0.41,1005.9,1109.3,28
Fe0.718C0.000473Mn0.000103Si0.000606Cr0.0866Ni0.0969Mo0.00118N0.000405Co0.0784W0.00707Al0.00421Ti0.00581,0.01,0.01,0.03,7.93,10.02,0.2,0,0.01,0,8.14,2.29,0.2,0.49,1525,1635,9.8
Fe0.718C0.00317Mn0.00594Si0.00581Cr0.178Ni0.0648Mo0.000113V0.000107Nb0.0000585Co0.0000922Al0.0242,0.07,0.6,0.3,17,7,0.02,0.01,0,0.01,0.01,0,1.2,0,1362.9,1447.6,9
Fe0.719C0.000945Mn0.000103Si0.000202Cr0.0557Ni0.108Mo0.0302V0.000111Nb0.0000611Co0.0597Al0.0149Ti0.0111,0.02,0.01,0.01,5.1,11.2,5.1,0.01,0,0.01,6.2,0,0.71,0.94,1071.4,1229.8,24.5
Fe0.720C0.000948Mn0.000104Si0.000203Cr0.0559Ni0.109Mo0.0303V0.00548Nb0.0000613Co0.0609Al0.00865Ti0.00880,0.02,0.01,0.01,5.1,11.2,5.1,0.49,0,0.01,6.3,0,0.41,0.74,1136.8,1205.8,22.5
Fe0.720C0.00407Mn0.0277Si0.00619Cr0.183Ni0.0411Mo0.000113V0.000107Nb0.0000585Co0.0000923Al0.0181,0.09,2.8,0.32,17.48,4.44,0.02,0.01,0,0.01,0.01,0,0.9,0,1236.6,1381.9,12.9
Fe0.721C0.000476Mn0.000104Si0.000203Cr0.0560Ni0.109Mo0.0304V0.0105Nb0.0000615Co0.0611Al0.00191Ti0.00931,0.01,0.01,0.01,5.1,11.2,5.1,0.94,0,0.01,6.3,0,0.09,0.78,1040.4,1164.4,22
Fe0.721C0.000955Mn0.000104Si0.000204Cr0.000110Ni0.143Mo0.0299V0.00484Nb0.00124Co0.0867Al0.0102Ti0.00240,0.02,0.01,0.01,0.01,14.6,5,0.43,0,0.2,8.9,0,0.48,0.2,1026.6,1178.2,18
Fe0.721C0.000955Mn0.000104Si0.000204Cr0.000110Ni0.146Mo0.0287V0.00293Nb0.0000617Co0.0846Al0.00765Ti0.00850,0.02,0.01,0.01,0.01,14.9,4.8,0.26,0,0.01,8.7,0,0.36,0.71,1164.4,1260.9,24
Fe0.721C0.00189Mn0.00455Si0.00647Cr0.131Ni0.0000967Mo0.0364V0.000111N0.00122Nb0.0000611Co0.0963Al0.000631,0.04,0.44,0.32,12,0.01,6.16,0.01,0.03,0.01,10,0,0.03,0,1219.7,1674,12.5
Fe0.721C0.00191Mn0.000104Si0.000204Cr0.000110Ni0.147Mo0.0299V0.000113Nb0.00123Co0.0856Al0.0106Ti0.00288,0.04,0.01,0.01,0.01,15,5,0.01,0,0.2,8.8,0,0.5,0.24,1019.7,1157.5,15
Fe0.721C0.00970Mn0.000101Si0.0119Cr0.0875Ni0.0246Mo0.00752V0.00316Nb0.0000597Co0.134Al0.000617Ti0.000232,0.21,0.01,0.6,8.2,2.6,1.3,0.29,0,0.01,14.2,0,0.03,0.02,1391.8,1839.6,11
Fe0.722C0.000475Mn0.000104Si0.000203Cr0.0549Ni0.109Mo0.0297V0.000112Nb0.0000614Co0.0600Al0.00190Ti0.0216,0.01,0.01,0.01,5,11.2,5,0.01,0,0.01,6.2,0,0.09,1.81,1164.4,1288.4,33
Fe0.722C0.00797Mn0.00164Si0.00100Cr0.0322Ni0.0961Mo0.00710V0.000111Nb0.0000606Co0.131Al0.000209,0.17,0.16,0.05,2.97,10.02,1.21,0.01,0,0.01,13.74,0,0.01,0,1547.3,1663.9,14.4
Fe0.723C0.00320Mn0.00600Si0.00587Cr0.158Ni0.0655Mo0.0129V0.000108Nb0.0000591Co0.0000932Al0.0244,0.07,0.6,0.3,15,7,2.25,0.01,0,0.01,0.01,0,1.2,0,1463,1555.4,6.5
Fe0.724C0.00140Mn0.000510Si0.00339Cr0.000108Ni0.157Mo0.000117V0.0440Nb0.0000603Co0.0656Al0.00208Ti0.00164,0.03,0.05,0.17,0.01,16.4,0.02,4,0,0.01,6.9,0,0.1,0.14,1536.5,1536.5,11
Fe0.725C0.0155Mn0.000677Si0.0899Cr0.000102Ni0.167Mo0.000111V0.000104Nb0.0000572Co0.0000902Al0.000591,0.35,0.07,4.75,0.01,18.5,0.02,0.01,0,0.01,0.01,0,0.03,0,1250.5,1949.9,2
Fe0.727C0.000476Mn0.000104Si0.000203Cr0.0549Ni0.108Mo0.0304V0.000112Nb0.0000615Co0.0611Al0.00212Ti0.0154,0.01,0.01,0.01,5,11.1,5.1,0.01,0,0.01,6.3,0,0.1,1.29,1123.1,1247.1,23
Fe0.730C0.00414Mn0.0101Si0.00983Cr0.186Ni0.0395Mo0.0158V0.000108N0.00394Nb0.0000594Co0.0000937Al0.000614,0.09,1,0.5,17.5,4.2,2.75,0.01,0.1,0.01,0.01,0,0.03,0,1016.4,1324.4,12
Fe0.731C0.00897Mn0.000103Si0.000202Cr0.0742Ni0.0271Mo0.0142V0.00312Nb0.0000610Co0.137W0.00401Al0.000631Ti0.000237,0.19,0.01,0.01,6.8,2.8,2.4,0.28,0,0.01,14.2,1.3,0.03,0.02,1371.1,1812.1,13
Fe0.732C0.00415Mn0.00504Si0.00553Cr0.182Ni0.0395Mo0.0117V0.000109Nb0.0000597Co0.0190Al0.000616,0.09,0.5,0.28,17.12,4.18,2.02,0.01,0,0.01,2.02,0,0.03,0,1117.3,1286.6,20.2
Fe0.732C0.00480Mn0.00556Si0.00533Cr0.136Ni0.0000981Mo0.000120V0.000113N0.00123Nb0.0000620Co0.0953W0.0188Al0.000640,0.1,0.53,0.26,12.32,0.01,0.02,0.01,0.03,0.01,9.75,6,0.03,0,1232,1566.2,14.7
Fe0.733C0.00750Mn0.00164Si0.00100Cr0.0213Ni0.0964Mo0.00587V0.000111Nb0.0000606Co0.133Al0.000209,0.16,0.16,0.05,1.97,10.05,1,0.01,0,0.01,13.88,0,0.01,0,1592.9,1729.6,14.5
Fe0.734C0.00750Mn0.000615Si0.000802Cr0.0211Ni0.0974Mo0.00575V0.000111Nb0.0000606Co0.132Al0.000209Ti0.000118,0.16,0.06,0.04,1.95,10.15,0.98,0.01,0,0.01,13.8,0,0.01,0.01,1629.9,1760.8,14.5
Fe0.735C0.000951Mn0.000104Si0.000203Cr0.0549Ni0.108Mo0.0286V0.000112Nb0.0000615Co0.0601Al0.00190Ti0.00978,0.02,0.01,0.01,5,11.1,4.8,0.01,0,0.01,6.2,0,0.09,0.82,1047.3,1178.2,18
Fe0.735C0.00514Mn0.00593Si0.00440Cr0.128Ni0.0000957Mo0.0227V0.000110N0.000802Nb0.0000604Co0.0972Al0.000624,0.11,0.58,0.22,11.89,0.01,3.88,0.01,0.02,0.01,10.2,0,0.03,0,1096.5,1492.3,14.5
Fe0.735C0.0111Mn0.000101Si0.000198Cr0.0974Ni0.0266Mo0.00754V0.00404Nb0.0000599Co0.117Al0.000619Ti0.000349,0.24,0.01,0.01,9.1,2.8,1.3,0.37,0,0.01,12.4,0,0.03,0.03,1615.8,1960.2,15.5
Fe0.736C0.0107Mn0.000101Si0.000198Cr0.0964Ni0.0266Mo0.00755V0.00328Nb0.0000600Co0.118Al0.000619Ti0.000349,0.23,0.01,0.01,9,2.8,1.3,0.3,0,0.01,12.5,0,0.03,0.03,1522.7,2024,14.4
Fe0.737C0.000956Mn0.000105Si0.000204Cr0.000110Ni0.127Mo0.0299V0.00530Nb0.0000618Co0.0867Al0.00426Ti0.00852,0.02,0.01,0.01,0.01,13,5,0.47,0,0.01,8.9,0,0.2,0.71,1061.1,1198.9,23
Fe0.737C0.00836Mn0.000102Si0.000199Cr0.0977Ni0.0266Mo0.00756V0.00318Nb0.0000601Co0.118Al0.000621Ti0.000350,0.18,0.01,0.01,9.1,2.8,1.3,0.29,0,0.01,12.5,0,0.03,0.03,1426.2,1800.6,16
Fe0.737C0.0111Mn0.000101Si0.000198Cr0.0964Ni0.0266Mo0.00755V0.00317Nb0.0000599Co0.117Al0.000619Ti0.000233,0.24,0.01,0.01,9,2.8,1.3,0.29,0,0.01,12.4,0,0.03,0.02,1564,1939.6,16
Fe0.740C0.00457Mn0.0300Si0.00586Cr0.179Ni0.0393Mo0.000114V0.000108Nb0.0000591Co0.0000931Al0.000610,0.1,3,0.3,17,4.2,0.02,0.01,0,0.01,0.01,0,0.03,0,1130.4,1350.6,30.5
Fe0.741C0.00702Mn0.00164Si0.00100Cr0.0321Ni0.0964Mo0.00586V0.000110Nb0.0000605Co0.115Al0.000208,0.15,0.16,0.05,2.97,10.06,1,0.01,0,0.01,12.05,0,0.01,0,1455.4,1567.7,16.7
Fe0.744C0.00414Mn0.0217Si0.00354Cr0.180Ni0.0401Mo0.00598V0.000108Nb0.0000594Co0.0000937Al0.000614,0.09,2.16,0.18,16.92,4.26,1.04,0.01,0,0.01,0.01,0,0.03,0,1028.7,1315.2,18
Fe0.745C0.00138Mn0.000101Si0.000197Cr0.134Ni0.0794Mo0.0129V0.000108Nb0.0000594Co0.0000937Al0.0268Ti0.000115,0.03,0.01,0.01,12.64,8.44,2.24,0.01,0,0.01,0.01,0,1.31,0.01,1521.3,1572.3,13.5
Fe0.747C0.000899Mn0.000982Si0.0820Cr0.000104Ni0.166Mo0.000112V0.000106Nb0.0000581Co0.0000916Al0.00140Ti0.00101,0.02,0.1,4.27,0.01,18.1,0.02,0.01,0,0.01,0.01,0,0.07,0.09,1801.8,1915.4,4
Fe0.748C0.00704Mn0.00164Si0.00120Cr0.0218Ni0.0967Mo0.00716V0.000111Nb0.0000606Co0.116Al0.000209,0.15,0.16,0.06,2.01,10.08,1.22,0.01,0,0.01,12.15,0,0.01,0,1503.4,1642.2,16
Fe0.750C0.00138Mn0.000101Si0.000197Cr0.133Ni0.0789Mo0.0128V0.000109Nb0.0000596Co0.0000940Al0.0218Ti0.00104,0.03,0.01,0.01,12.51,8.36,2.22,0.01,0,0.01,0.01,0,1.06,0.09,1350.3,1413.2,18.2
Fe0.750C0.00184Mn0.000101Si0.000394Cr0.133Ni0.0814Mo0.0121V0.000109Nb0.0000596Co0.0000939Al0.0205,0.04,0.01,0.02,12.52,8.63,2.1,0.01,0,0.01,0.01,0,1,0,1308,1431.4,14.3
Fe0.751C0.00138Mn0.000101Si0.000197Cr0.133Ni0.0784Mo0.0128V0.000109N0.000395Nb0.0000596Co0.0000939Al0.0217Ti0.00104,0.03,0.01,0.01,12.49,8.31,2.21,0.01,0.01,0.01,0.01,0,1.06,0.09,1357.9,1408.6,16.8
Fe0.751C0.00138Mn0.000101Si0.000197Cr0.133Ni0.0784Mo0.0128V0.000109Nb0.0000596Co0.0000939Al0.0220Ti0.000578,0.03,0.01,0.01,12.49,8.31,2.22,0.01,0,0.01,0.01,0,1.07,0.05,1317,1526.5,18.1
Fe0.751C0.00138Mn0.000101Si0.000197Cr0.133Ni0.0787Mo0.0128V0.000109N0.000395Nb0.0000596Co0.0000939Al0.0217Ti0.000231,0.03,0.01,0.01,12.52,8.34,2.21,0.01,0.01,0.01,0.01,0,1.06,0.02,1269,1325.2,16.2
Fe0.751C0.00138Mn0.000101Si0.000197Cr0.134Ni0.0782Mo0.0128V0.000109N0.000395Nb0.0000596Co0.0000939Al0.0215Ti0.000116,0.03,0.01,0.01,12.57,8.29,2.22,0.01,0.01,0.01,0.01,0,1.05,0.01,1306.9,1336.4,15.9
Fe0.751C0.00138Mn0.000101Si0.000197Cr0.134Ni0.0791Mo0.0129V0.000109Nb0.0000596Co0.0000940Al0.0211Ti0.000116,0.03,0.01,0.01,12.54,8.38,2.24,0.01,0,0.01,0.01,0,1.03,0.01,1285,1311.3,16
Fe0.751C0.00184Mn0.000101Si0.000197Cr0.133Ni0.0783Mo0.0129V0.000109Nb0.0000596Co0.0000939Al0.0220Ti0.000116,0.04,0.01,0.01,12.49,8.3,2.23,0.01,0,0.01,0.01,0,1.07,0.01,1297.5,1343.3,15.5
Fe0.751C0.00184Mn0.000101Si0.000197Cr0.133Ni0.0785Mo0.0128V0.000109Nb0.0000596Co0.0000939Al0.0217Ti0.000578,0.04,0.01,0.01,12.51,8.32,2.22,0.01,0,0.01,0.01,0,1.06,0.05,1344,1511,17.8
Fe0.751C0.00184Mn0.000101Si0.000197Cr0.133Ni0.0786Mo0.0127V0.000109Nb0.0000596Co0.0000939Al0.0213Ti0.00116,0.04,0.01,0.01,12.45,8.33,2.2,0.01,0,0.01,0.01,0,1.04,0.1,1348.6,1440.6,17.3
Fe0.751C0.00563Mn0.00185Si0.00120Cr0.0218Ni0.0967Mo0.00587V0.000111Nb0.0000606Co0.116Al0.000209,0.12,0.18,0.06,2.01,10.07,1,0.01,0,0.01,12.1,0,0.01,0,1463.3,1574.7,15.4
Fe0.752C0.00138Mn0.000101Si0.000197Cr0.133Ni0.0781Mo0.0127V0.000109N0.000395Nb0.0000596Co0.0000939Al0.0215Ti0.000578,0.03,0.01,0.01,12.51,8.28,2.2,0.01,0.01,0.01,0.01,0,1.05,0.05,1276.7,1334,18.3
Fe0.752C0.00138Mn0.000101Si0.000197Cr0.133Ni0.0784Mo0.0128V0.000109Nb0.0000596Co0.0000940Al0.0218Ti0.000231,0.03,0.01,0.01,12.51,8.31,2.22,0.01,0,0.01,0.01,0,1.06,0.02,1296,1355.3,18.2
Fe0.752C0.00138Mn0.000101Si0.000197Cr0.134Ni0.0784Mo0.0128V0.000109Nb0.0000596Co0.0000940Al0.0209Ti0.000116,0.03,0.01,0.01,12.56,8.31,2.22,0.01,0,0.01,0.01,0,1.02,0.01,1277.7,1308.8,16.1
Fe0.752C0.00184Mn0.000101Si0.000197Cr0.133Ni0.0783Mo0.0128V0.000109Nb0.0000596Co0.0000940Al0.0209Ti0.00104,0.04,0.01,0.01,12.49,8.3,2.21,0.01,0,0.01,0.01,0,1.02,0.09,1391.2,1426,16.6
Fe0.752C0.00184Mn0.000101Si0.000197Cr0.133Ni0.0787Mo0.0129V0.000109Nb0.0000596Co0.0000940Al0.0213Ti0.000116,0.04,0.01,0.01,12.46,8.34,2.24,0.01,0,0.01,0.01,0,1.04,0.01,1312,1344.4,14.6
Fe0.753C0.00138Mn0.000101Si0.000197Cr0.133Ni0.0784Mo0.0127V0.000109Nb0.0000596Co0.0000940Al0.0211Ti0.000231,0.03,0.01,0.01,12.47,8.31,2.2,0.01,0,0.01,0.01,0,1.03,0.02,1276.5,1463.8,18.6
Fe0.753C0.00929Mn0.000102Si0.000199Cr0.0880Ni0.0200Mo0.00756V0.00318Nb0.0000600Co0.117Al0.000620Ti0.000233,0.2,0.01,0.01,8.2,2.1,1.3,0.29,0,0.01,12.4,0,0.03,0.02,1357.3,1777.6,11
Fe0.754C0.00184Mn0.000101Si0.000197Cr0.132Ni0.0780Mo0.0128V0.000109Nb0.0000596Co0.0000940Al0.0213Ti0.000347,0.04,0.01,0.01,12.35,8.27,2.21,0.01,0,0.01,0.01,0,1.04,0.03,1294.9,1352.1,18.2
Fe0.754C0.00599Mn0.0101Si0.00493Cr0.165Ni0.0396Mo0.0159V0.000109N0.00395Nb0.0000596Co0.0000940Al0.000616,0.13,1,0.25,15.5,4.2,2.75,0.01,0.1,0.01,0.01,0,0.03,0,1155,1409.1,14
Fe0.754C0.00640Mn0.0300Si0.00469Cr0.166Ni0.0387Mo0.000114V0.000108Nb0.0000591Co0.0000931Al0.000610,0.14,3,0.24,15.69,4.14,0.02,0.01,0,0.01,0.01,0,0.03,0,1153.4,1359.8,17.2
Fe0.755C0.00185Mn0.000101Si0.000198Cr0.134Ni0.0794Mo0.0127V0.000109Nb0.0000598Co0.0000942Al0.0158Ti0.000232,0.04,0.01,0.01,12.58,8.39,2.2,0.01,0,0.01,0.01,0,0.77,0.02,1280.2,1343.8,18.4
Fe0.755C0.00552Mn0.00543Si0.0236Cr0.128Ni0.0188Mo0.0173V0.00380N0.00197Nb0.00244Co0.0375Al0.000615,0.12,0.54,1.2,12.02,2,3.01,0.35,0.05,0.41,4,0,0.03,0,1074.9,1342.9,17.9
Fe0.757C0.000465Mn0.000712Si0.00219Cr0.121Ni0.0981Mo0.0119V0.000110Nb0.0000602Co0.0000948Al0.00497Ti0.00269,0.01,0.07,0.11,11.3,10.3,2.05,0.01,0,0.01,0.01,0,0.24,0.23,1157.5,1187.8,16.5
Fe0.757C0.00185Mn0.000101Si0.000791Cr0.133Ni0.0781Mo0.0127V0.000109Nb0.0000597Co0.0000942Al0.0158Ti0.000232,0.04,0.01,0.04,12.44,8.26,2.19,0.01,0,0.01,0.01,0,0.77,0.02,1280.8,1340.1,16.1
Fe0.757C0.0186Mn0.00163Si0.000199Cr0.131Ni0.0000953Mo0.0341V0.0105Nb0.0000602Co0.0467Al0.000622,0.4,0.16,0.01,12.14,0.01,5.84,0.96,0,0.01,4.92,0,0.03,0,1667.4,2122.1,4
Fe0.758C0.00142Mn0.000104Si0.000203Cr0.123Ni0.0932Mo0.000119V0.000112Nb0.0000612Co0.0000965W0.0124Al0.00822Ti0.00309,0.03,0.01,0.01,11.2,9.61,0.02,0.01,0,0.01,0.01,4,0.39,0.26,1199,1266.5,10.3
Fe0.758C0.00185Mn0.000101Si0.000198Cr0.132Ni0.0780Mo0.0127V0.000109Nb0.0000597Co0.0000942Al0.0167Ti0.000348,0.04,0.01,0.01,12.38,8.25,2.2,0.01,0,0.01,0.01,0,0.81,0.03,1305.4,1361.8,18.2
Fe0.759C0.000472Mn0.000103Si0.000202Cr0.000109Ni0.203Mo0.0124V0.000111Nb0.0000610Co0.0000961Al0.00273Ti0.0225,0.01,0.01,0.01,0.01,21,2.1,0.01,0,0.01,0.01,0,0.13,1.9,1661.2,1888.4,6
Fe0.760C0.000454Mn0.000992Si0.0640Cr0.000105Ni0.172Mo0.000114V0.000107Nb0.0000587Co0.0000925Al0.00101Ti0.00125,0.01,0.1,3.3,0.01,18.5,0.02,0.01,0,0.01,0.01,0,0.05,0.11,1474.4,1529.6,13.5
Fe0.760C0.000468Mn0.000102Si0.000200Cr0.113Ni0.0986Mo0.0181V0.000110Nb0.0000605Co0.0000953Al0.00749Ti0.00129,0.01,0.01,0.01,10.5,10.3,3.1,0.01,0,0.01,0.01,0,0.36,0.11,1091.4,1140.3,22
Fe0.762C0.000930Mn0.00752Si0.00199Cr0.110Ni0.0971Mo0.0115V0.000110Nb0.0000601Co0.0000948Al0.00621Ti0.00257,0.02,0.74,0.1,10.2,10.2,1.98,0.01,0,0.01,0.01,0,0.3,0.22,1145.8,1196.1,18
Fe0.763C0.000466Mn0.000509Si0.000398Cr0.114Ni0.101Mo0.0120V0.000110Nb0.0000602Co0.0000949Al0.00746Ti0.000935,0.01,0.05,0.02,10.6,10.6,2.06,0.01,0,0.01,0.01,0,0.36,0.08,1194,1235.4,17
Fe0.763C0.00479Mn0.00524Si0.00615Cr0.133Ni0.0196Mo0.000120V0.000113Nb0.0000619Co0.0488W0.0188Al0.000640,0.1,0.5,0.3,12,2,0.02,0.01,0,0.01,5,6,0.03,0,1235.9,1520,15.6
Fe0.763Mn0.00102Si0.00814Cr0.109Ni0.0988Mo0.0116V0.000109Nb0.0000600Co0.0000946Al0.00517Ti0.00268,0,0.1,0.41,10.2,10.4,2,0.01,0,0.01,0.01,0,0.25,0.23,1221.6,1282.9,17.5
Fe0.764C0.000467Mn0.000511Si0.00200Cr0.0831Ni0.117Mo0.0178V0.000110Nb0.0000604Co0.0000952Al0.0131Ti0.00234,0.01,0.05,0.1,7.7,12.2,3.05,0.01,0,0.01,0.01,0,0.63,0.2,1506.8,1546.8,14
Fe0.765C0.000909Mn0.00109Si0.0618Cr0.000105Ni0.170Mo0.000114V0.000107Nb0.0000587Co0.0000926Al0.000607,0.02,0.11,3.18,0.01,18.3,0.02,0.01,0,0.01,0.01,0,0.03,0,1419.4,1481.4,14
Fe0.765Mn0.000713Si0.00199Cr0.112Ni0.0992Mo0.0128V0.000110Nb0.0000603Co0.0000950Al0.00519Ti0.00281,0,0.07,0.1,10.4,10.4,2.2,0.01,0,0.01,0.01,0,0.25,0.24,1224.7,1241.2,15.5
Fe0.765Mn0.00112Si0.00597Cr0.110Ni0.0990Mo0.0119V0.000110Nb0.0000601Co0.0000948Al0.00414Ti0.00257,0,0.11,0.3,10.2,10.4,2.05,0.01,0,0.01,0.01,0,0.2,0.22,1173.8,1232,18
Fe0.766C0.000468Mn0.000819Si0.00100Cr0.102Ni0.103Mo0.0188V0.000110Nb0.0000606Co0.0000955Al0.00563Ti0.00259,0.01,0.08,0.05,9.4,10.7,3.2,0.01,0,0.01,0.01,0,0.27,0.22,1267.8,1285,15
Fe0.766C0.00140Mn0.000102Si0.000199Cr0.115Ni0.0900Mo0.0143V0.000110Nb0.0000601Co0.0000948Al0.00952Ti0.00327,0.03,0.01,0.01,10.7,9.46,2.45,0.01,0,0.01,0.01,0,0.46,0.28,1182,1254.5,10.1
Fe0.766Mn0.000510Si0.000399Cr0.121Ni0.0945Mo0.0120V0.000110Nb0.0000603Co0.0000950Al0.00270Ti0.00351,0,0.05,0.02,11.2,9.9,2.05,0.01,0,0.01,0.01,0,0.13,0.3,1172,1213.3,18
Fe0.766Mn0.00366Si0.00159Cr0.110Ni0.0981Mo0.0118V0.000110Nb0.0000602Co0.0000949Al0.00622Ti0.00269,0,0.36,0.08,10.2,10.3,2.02,0.01,0,0.01,0.01,0,0.3,0.23,1178.9,1234.4,18.5
Fe0.766Mn0.00448Si0.00159Cr0.109Ni0.0981Mo0.0117V0.000110Nb0.0000602Co0.0000949Al0.00622Ti0.00257,0,0.44,0.08,10.1,10.3,2,0.01,0,0.01,0.01,0,0.3,0.22,1163,1219.6,17.5
Fe0.767C0.000465Mn0.00112Si0.00358Cr0.110Ni0.0981Mo0.0119V0.000110Nb0.0000601Co0.0000948Al0.00559Ti0.00257,0.01,0.11,0.18,10.2,10.3,2.05,0.01,0,0.01,0.01,0,0.27,0.22,1175.4,1224.4,19
Fe0.768C0.000466Mn0.000306Si0.000598Cr0.110Ni0.100Mo0.0128V0.000110Nb0.0000603Co0.0000951Al0.00478Ti0.00281,0.01,0.03,0.03,10.2,10.5,2.2,0.01,0,0.01,0.01,0,0.23,0.24,1340.8,1353.2,13
Fe0.768C0.000466Mn0.00122Si0.00119Cr0.111Ni0.0972Mo0.0119V0.000110Nb0.0000602Co0.0000949Al0.00642Ti0.00245,0.01,0.12,0.06,10.3,10.2,2.05,0.01,0,0.01,0.01,0,0.31,0.21,1258.8,1289.1,15
Fe0.768C0.000468Mn0.000512Si0.00180Cr0.0827Ni0.117Mo0.0179V0.000110Nb0.0000605Co0.0000954Al0.00958Ti0.00235,0.01,0.05,0.09,7.65,12.2,3.05,0.01,0,0.01,0.01,0,0.46,0.2,1414.5,1465.5,15
Fe0.768C0.000931Mn0.00244Si0.00199Cr0.110Ni0.0981Mo0.0113V0.000110Nb0.0000602Co0.0000948Al0.00497Ti0.00269,0.02,0.24,0.1,10.2,10.3,1.94,0.01,0,0.01,0.01,0,0.24,0.23,1167.2,1207.8,16.5
Fe0.769Mn0.000509Si0.000398Cr0.112Ni0.0953Mo0.0119V0.000110Nb0.0000602Co0.0000949Al0.00725Ti0.00362,0,0.05,0.02,10.4,10,2.05,0.01,0,0.01,0.01,0,0.35,0.31,1282.2,1344.2,16
Fe0.770C0.000470Mn0.000103Si0.000201Cr0.000109Ni0.168Mo0.0124V0.0222Nb0.0000607Co0.0000957Al0.00251Ti0.0236,0.01,0.01,0.01,0.01,17.5,2.1,2,0,0.01,0.01,0,0.12,2,1998.6,2088.4,10
Fe0.770C0.000930Mn0.00488Si0.00199Cr0.107Ni0.0952Mo0.0112V0.000110Nb0.0000601Co0.0000948Al0.00600Ti0.00245,0.02,0.48,0.1,10,10,1.92,0.01,0,0.01,0.01,0,0.29,0.21,1188.6,1236.4,16.5
Fe0.770Mn0.000509Si0.000398Cr0.111Ni0.0972Mo0.0120V0.000110Nb0.0000602Co0.0000949Al0.00726Ti0.00199,0,0.05,0.02,10.3,10.2,2.06,0.01,0,0.01,0.01,0,0.35,0.17,1243,1292.6,16
Fe0.771Mn0.00122Si0.00140Cr0.107Ni0.100Mo0.0123V0.000110Nb0.0000603Co0.0000950Al0.00477Ti0.00257,0,0.12,0.07,9.9,10.5,2.1,0.01,0,0.01,0.01,0,0.23,0.22,1150.6,1202.6,17
Fe0.772C0.0169Mn0.00226Si0.000201Cr0.0732Ni0.0000961Mo0.0338V0.0106Nb0.0000607Co0.0905Al0.000627,0.36,0.22,0.01,6.75,0.01,5.75,0.96,0,0.01,9.46,0,0.03,0,1846.5,2177.2,6
Fe0.773C0.000933Mn0.000612Si0.00259Cr0.112Ni0.0945Mo0.0126V0.000110Nb0.0000603Co0.0000950Al0.00187Ti0.00152,0.02,0.06,0.13,10.4,9.9,2.15,0.01,0,0.01,0.01,0,0.09,0.13,1005.9,1033.5,21
Fe0.773C0.00141Mn0.000512Si0.00220Cr0.0812Ni0.116Mo0.0179V0.000110Nb0.0000606Co0.0000955Al0.00522Ti0.00235,0.03,0.05,0.11,7.5,12.1,3.05,0.01,0,0.01,0.01,0,0.25,0.2,1218.8,1260.2,18
Fe0.774Mn0.000511Si0.000599Cr0.111Ni0.0985Mo0.0120V0.000110Nb0.0000604Co0.0000952Al0.00187Ti0.00105,0,0.05,0.03,10.3,10.3,2.06,0.01,0,0.01,0.01,0,0.09,0.09,1032.1,1063.1,20
Fe0.777C0.000470Mn0.000719Si0.00201Cr0.0836Ni0.115Mo0.0178V0.000111Nb0.0000607Co0.0000958Al0.00167Ti0.000707,0.01,0.07,0.1,7.7,12,3.02,0.01,0,0.01,0.01,0,0.08,0.06,1010.8,1041.1,19
Fe0.777C0.00140Mn0.000102Si0.000199Cr0.122Ni0.0824Mo0.000117V0.000110Nb0.0000603Co0.0000950W0.00561Al0.00810Ti0.00316,0.03,0.01,0.01,11.3,8.64,0.02,0.01,0,0.01,0.01,1.84,0.39,0.27,1194,1259,10.8
Fe0.778C0.000465Mn0.000813Si0.00238Cr0.0966Ni0.0808Mo0.0189V0.000110Nb0.0000601Co0.0000947Al0.0186Ti0.00268,0.01,0.08,0.12,9,8.5,3.25,0.01,0,0.01,0.01,0,0.9,0.23,1462.7,1533,12
Fe0.778C0.000931Mn0.000611Si0.00159Cr0.0796Ni0.0981Mo0.0189V0.000110Nb0.0000602Co0.0000949Al0.0189Ti0.00269,0.02,0.06,0.08,7.4,10.3,3.25,0.01,0,0.01,0.01,0,0.91,0.23,1555.8,1598.5,12
Fe0.778Mn0.00122Si0.00159Cr0.112Ni0.0876Mo0.0115V0.000110Nb0.0000602Co0.0000949Al0.00539Ti0.00245,0,0.12,0.08,10.4,9.2,1.97,0.01,0,0.01,0.01,0,0.26,0.21,1207.8,1223.7,16
Fe0.779C0.000946Mn0.000103Si0.000202Cr0.000109Ni0.173Mo0.0184V0.0100Nb0.0000611Co0.0000964Al0.00147Ti0.0166,0.02,0.01,0.01,0.01,17.9,3.1,0.9,0,0.01,0.01,0,0.07,1.4,1730.2,1819.5,10
Fe0.779C0.00139Mn0.000101Si0.000198Cr0.114Ni0.0973Mo0.000116V0.000109Nb0.0000597Co0.0000941Al0.00432Ti0.00359,0.03,0.01,0.01,10.7,10.3,0.02,0.01,0,0.01,0.01,0,0.21,0.31,1125,1217.5,15.4
Fe0.779C0.00141Mn0.000103Si0.000201Cr0.000109Ni0.174Mo0.0130V0.000111Nb0.0000608Co0.0000959Al0.00209Ti0.0295,0.03,0.01,0.01,0.01,18.1,2.2,0.01,0,0.01,0.01,0,0.1,2.5,2006,2130,5
Fe0.779C0.00141Mn0.000103Si0.000201Cr0.000109Ni0.174Mo0.0130V0.000111Nb0.0000608Co0.0000959Al0.00230Ti0.0295,0.03,0.01,0.01,0.01,18.1,2.2,0.01,0,0.01,0.01,0,0.11,2.5,2005.5,2129.5,5
Fe0.780C0.000457Mn0.000599Si0.0504Cr0.000106Ni0.166Mo0.000114V0.000108Nb0.0000591Co0.0000931Al0.00102Ti0.000802,0.01,0.06,2.58,0.01,17.8,0.02,0.01,0,0.01,0.01,0,0.05,0.07,1309.1,1374.6,16
Fe0.780C0.000465Mn0.00122Si0.00159Cr0.105Ni0.0953Mo0.00991V0.000110Nb0.0000602Co0.0000949Al0.00414Ti0.00222,0.01,0.12,0.08,9.8,10,1.7,0.01,0,0.01,0.01,0,0.2,0.19,1087,1130.2,15.4
Fe0.780C0.000467Mn0.000510Si0.00200Cr0.0830Ni0.0993Mo0.0179V0.000110Nb0.0000603Co0.0000951Al0.0139Ti0.00234,0.01,0.05,0.1,7.7,10.4,3.07,0.01,0,0.01,0.01,0,0.67,0.2,1475.8,1529.6,16
Fe0.781C0.000475Mn0.000104Si0.000203Cr0.000110Ni0.173Mo0.0184V0.0112Nb0.0000613Co0.0000967W0.00102Al0.00106Ti0.0131,0.01,0.01,0.01,0.01,17.8,3.1,1,0,0.01,0.01,0.33,0.05,1.1,1688.1,1750.1,12
Fe0.781C0.00141Mn0.000103Si0.000201Cr0.000109Ni0.167Mo0.000118V0.0200Nb0.0152Co0.0000960Al0.00210Ti0.0126,0.03,0.01,0.01,0.01,17.3,0.02,1.8,0,2.5,0.01,0,0.1,1.07,1730.2,1771.4,8
Fe0.782C0.0181Mn0.00187Si0.000203Cr0.0816Ni0.0000973Mo0.0576V0.0108Nb0.0000615Co0.0476Al0.000635,0.38,0.18,0.01,7.43,0.01,9.67,0.96,0,0.01,4.91,0,0.03,0,1577.8,1943,3
Fe0.783C0.0187Mn0.00184Si0.000200Cr0.104Ni0.0000955Mo0.0341V0.0106Nb0.0000603Co0.0463Al0.000623,0.4,0.18,0.01,9.69,0.01,5.84,0.96,0,0.01,4.87,0,0.03,0,1798.3,2135.9,6
Fe0.784C0.000919Mn0.00100Si0.0397Cr0.000106Ni0.173Mo0.000115V0.000108Nb0.0000594Co0.0000936Al0.000614,0.02,0.1,2.02,0.01,18.4,0.02,0.01,0,0.01,0.01,0,0.03,0,1298.8,1343.6,15
Fe0.785C0.000467Mn0.000511Si0.00180Cr0.0820Ni0.0985Mo0.0178V0.000110Nb0.0000604Co0.0000952Al0.0108Ti0.00235,0.01,0.05,0.09,7.6,10.3,3.05,0.01,0,0.01,0.01,0,0.52,0.2,1383.5,1424.9,15
Fe0.785C0.000931Mn0.000102Si0.000199Cr0.000108Ni0.167Mo0.000117V0.0209Nb0.0000602Co0.0000949Al0.00187Ti0.0241,0.02,0.01,0.01,0.01,17.5,0.02,1.9,0,0.01,0.01,0,0.09,2.06,1730.2,1943.5,6
Fe0.786C0.000469Mn0.000512Si0.00120Cr0.0576Ni0.124Mo0.0172V0.000110Nb0.0000606Co0.0000955Al0.0106Ti0.00235,0.01,0.05,0.06,5.32,12.95,2.93,0.01,0,0.01,0.01,0,0.51,0.2,1404.2,1429,15
Fe0.786C0.000473Mn0.000310Si0.000202Cr0.000109Ni0.175Mo0.0182V0.000112Nb0.0000612Co0.0000965Al0.00190Ti0.0167,0.01,0.03,0.01,0.01,18.11,3.07,0.01,0,0.01,0.01,0,0.09,1.41,1641.2,1709.9,10.7
Fe0.787C0.000474Mn0.000207Si0.000203Cr0.000109Ni0.176Mo0.0181V0.000112Nb0.0000612Co0.0000965Al0.00190Ti0.0150,0.01,0.02,0.01,0.01,18.2,3.06,0.01,0,0.01,0.01,0,0.09,1.26,1599.4,1670.1,12.5
Fe0.787C0.0137Mn0.000103Si0.000202Cr0.0111Ni0.101Mo0.0118V0.00111Nb0.0000610Co0.0689W0.00394Al0.000630Ti0.000118,0.29,0.01,0.01,1.02,10.46,2,0.1,0,0.01,7.17,1.28,0.03,0.01,1683,1990,14
Fe0.788Mn0.000104Si0.000203Cr0.000109Ni0.176Mo0.0184V0.000112Nb0.0000613Co0.0000966Al0.00105Ti0.0166,0,0.01,0.01,0.01,18.1,3.1,0.01,0,0.01,0.01,0,0.05,1.4,1716.3,1833.4,13
Fe0.789C0.00143Mn0.000104Si0.000204Cr0.000110Ni0.181Mo0.000119V0.000112Nb0.0000617Co0.0000972W0.00935Al0.00212Ti0.0168,0.03,0.01,0.01,0.01,18.5,0.02,0.01,0,0.01,0.01,3,0.1,1.4,1600,1650,8
Fe0.789Mn0.000719Si0.00161Cr0.0814Ni0.101Mo0.0194V0.000111Nb0.0000607Co0.0000957Al0.00439Ti0.00271,0,0.07,0.08,7.5,10.5,3.3,0.01,0,0.01,0.01,0,0.21,0.23,1263.6,1279.5,16
Fe0.792C0.000470Mn0.000411Si0.00201Cr0.0862Ni0.0980Mo0.0181V0.000111Nb0.0000607Co0.0000957Al0.00167Ti0.000589,0.01,0.04,0.1,7.95,10.2,3.08,0.01,0,0.01,0.01,0,0.08,0.05,1061.7,1079,18
Fe0.793C0.000468Mn0.000819Si0.00240Cr0.0962Ni0.0800Mo0.0190V0.000110Nb0.0000605Co0.0000954Al0.00521Ti0.00235,0.01,0.08,0.12,8.9,8.35,3.25,0.01,0,0.01,0.01,0,0.25,0.2,1169.2,1181.6,18
Fe0.794C0.000470Mn0.000617Si0.00101Cr0.0847Ni0.0981Mo0.0188V0.000111Nb0.0000608Co0.0000958Al0.00126Ti0.00118,0.01,0.06,0.05,7.8,10.2,3.2,0.01,0,0.01,0.01,0,0.06,0.1,1036.9,1054.9,19
Fe0.795C0.00141Mn0.000717Si0.000801Cr0.0963Ni0.0810Mo0.0191V0.000110Nb0.0000606Co0.0000955Al0.00313Ti0.00270,0.03,0.07,0.04,8.9,8.45,3.25,0.01,0,0.01,0.01,0,0.15,0.23,1150.6,1168.5,17
Fe0.796C0.000469Mn0.000103Si0.000201Cr0.000108Ni0.174Mo0.00587V0.000111Nb0.0000606Co0.0000956Al0.00167Ti0.0212,0.01,0.01,0.01,0.01,18.1,1,0.01,0,0.01,0.01,0,0.08,1.8,1737.2,1840.3,9
Fe0.797C0.000939Mn0.00215Si0.00381Cr0.0540Ni0.118Mo0.0175V0.000111Nb0.0000607Co0.0000957Al0.00481Ti0.00165,0.02,0.21,0.19,4.98,12.26,2.97,0.01,0,0.01,0.01,0,0.23,0.14,1194,1223.7,15
Fe0.798C0.000469Mn0.000820Si0.00100Cr0.0504Ni0.116Mo0.0184V0.000111Nb0.0000606Co0.0000955Al0.0119Ti0.00235,0.01,0.08,0.05,4.65,12.11,3.13,0.01,0,0.01,0.01,0,0.57,0.2,1390.4,1413.8,15
Fe0.799C0.000468Mn0.0256Si0.000401Cr0.000108Ni0.173Mo0.000117V0.000110Nb0.0000605Co0.0000955Al0.00104Ti0.000470,0.01,2.5,0.02,0.01,18,0.02,0.01,0,0.01,0.01,0,0.05,0.04,1471.1,1522.7,12
Fe0.799C0.000469Mn0.000513Si0.00241Cr0.0520Ni0.117Mo0.0176V0.000111Nb0.0000606Co0.0000956Al0.00835Ti0.00224,0.01,0.05,0.12,4.8,12.16,2.99,0.01,0,0.01,0.01,0,0.4,0.19,1272.6,1318.1,17.5
Fe0.799C0.000470Mn0.000103Si0.000201Cr0.000108Ni0.167Mo0.00847V0.000111Nb0.0000607Co0.0000957Al0.00167Ti0.0224,0.01,0.01,0.01,0.01,17.4,1.44,0.01,0,0.01,0.01,0,0.08,1.9,1392.4,1640.4,12
Fe0.799C0.000471Mn0.000103Si0.000201Cr0.000109Ni0.165Mo0.0118V0.000111Nb0.0000609Co0.0000960Al0.00147Ti0.0215,0.01,0.01,0.01,0.01,17.1,2,0.01,0,0.01,0.01,0,0.07,1.82,1874.6,1971.2,10
Fe0.799C0.000936Mn0.000102Si0.000200Cr0.000108Ni0.170Mo0.00375V0.000110Nb0.0000605Co0.0000954Al0.00167Ti0.0238,0.02,0.01,0.01,0.01,17.8,0.64,0.01,0,0.01,0.01,0,0.08,2.03,1730.2,1854.2,10
Fe0.800C0.000470Mn0.000616Si0.000602Cr0.0506Ni0.117Mo0.0186V0.000111Nb0.0000607Co0.0000957Al0.00982Ti0.00224,0.01,0.06,0.03,4.67,12.14,3.17,0.01,0,0.01,0.01,0,0.47,0.19,1390.4,1413.8,15
Fe0.801C0.000469Mn0.00103Si0.00361Cr0.0528Ni0.116Mo0.0175V0.000111Nb0.0000607Co0.0000957Al0.00522Ti0.00177,0.01,0.1,0.18,4.87,12.08,2.97,0.01,0,0.01,0.01,0,0.25,0.15,1230.6,1262.2,16
Fe0.801C0.000470Mn0.000205Si0.000603Cr0.0543Ni0.117Mo0.0176V0.000111Nb0.0000607Co0.0000958Al0.00648Ti0.00248,0.01,0.02,0.03,5,12.16,3,0.01,0,0.01,0.01,0,0.31,0.21,1309.8,1345.6,15
Fe0.801C0.000934Mn0.000102Si0.000200Cr0.000108Ni0.171Mo0.00175V0.000110Nb0.0000604Co0.0000952Al0.00208Ti0.0229,0.02,0.01,0.01,0.01,17.9,0.3,0.01,0,0.01,0.01,0,0.1,1.95,1674.6,1778.3,9
Fe0.801C0.000939Mn0.000821Si0.000803Cr0.0513Ni0.116Mo0.0185V0.000111Nb0.0000607Co0.0000957Al0.00794Ti0.00271,0.02,0.08,0.04,4.73,12.08,3.15,0.01,0,0.01,0.01,0,0.38,0.23,1243.6,1267.1,17
Fe0.802C0.000468Mn0.000512Si0.00120Cr0.0526Ni0.111Mo0.0173V0.000110Nb0.0000605Co0.0000954Al0.0121Ti0.00258,0.01,0.05,0.06,4.86,11.6,2.95,0.01,0,0.01,0.01,0,0.58,0.22,1437.3,1459.3,16
Fe0.802C0.000470Mn0.000308Si0.00221Cr0.0518Ni0.117Mo0.0178V0.000111Nb0.0000607Co0.0000958Al0.00544Ti0.00236,0.01,0.03,0.11,4.77,12.21,3.03,0.01,0,0.01,0.01,0,0.26,0.2,1216.8,1249.8,17
Fe0.802C0.0174Mn0.00185Si0.000201Cr0.0805Ni0.0000962Mo0.0403V0.0106Nb0.0000608Co0.0468Al0.000628,0.37,0.18,0.01,7.41,0.01,6.85,0.96,0,0.01,4.88,0,0.03,0,1784.5,2129,5
Fe0.802Mn0.000410Si0.00120Cr0.0543Ni0.114Mo0.0175V0.000111Nb0.0000607Co0.0000957Al0.00815Ti0.00236,0,0.04,0.06,5.01,11.83,2.98,0.01,0,0.01,0.01,0,0.39,0.2,1324.3,1351.8,16
Fe0.803C0.000460Mn0.000402Si0.0368Cr0.000106Ni0.157Mo0.000115V0.000108Nb0.0000594Co0.0000937Al0.00102Ti0.000923,0.01,0.04,1.87,0.01,16.7,0.02,0.01,0,0.01,0.01,0,0.05,0.08,1188.5,1223,18
Fe0.803C0.000470Mn0.000823Si0.000805Cr0.0511Ni0.117Mo0.0184V0.000111Nb0.0000608Co0.0000959Al0.00544Ti0.00224,0.01,0.08,0.04,4.7,12.2,3.13,0.01,0,0.01,0.01,0,0.26,0.19,1212.6,1244.3,18
Fe0.803C0.0168Mn0.00215Si0.000200Cr0.0834Ni0.0000957Mo0.0334V0.0127Nb0.0000605Co0.0470Al0.000625,0.36,0.21,0.01,7.72,0.01,5.71,1.15,0,0.01,4.93,0,0.03,0,1819,2135.9,6
Fe0.803C0.0174Mn0.00236Si0.000201Cr0.0779Ni0.0000960Mo0.0335V0.0122Nb0.00473Co0.0477Al0.000627,0.37,0.23,0.01,7.19,0.01,5.71,1.1,0,0.78,4.99,0,0.03,0,1340.1,1998.1,10
Fe0.803Mn0.000512Si0.00120Cr0.0520Ni0.110Mo0.0173V0.000110Nb0.0000605Co0.0000954Al0.0137Ti0.00235,0,0.05,0.06,4.81,11.5,2.95,0.01,0,0.01,0.01,0,0.66,0.2,1451.7,1494.4,16
Fe0.804C0.0166Mn0.00238Si0.000202Cr0.0782Ni0.0000969Mo0.0343V0.0114Nb0.0000612Co0.0473W0.00476Al0.000632,0.35,0.23,0.01,7.15,0.01,5.78,1.02,0,0.01,4.9,1.54,0.03,0,1688.1,2039.4,6
Fe0.805C0.000470Mn0.000719Si0.000804Cr0.0496Ni0.116Mo0.0184V0.000111Nb0.0000608Co0.0000958Al0.00711Ti0.00212,0.01,0.07,0.04,4.57,12.05,3.12,0.01,0,0.01,0.01,0,0.34,0.18,1254,1286.4,16
Fe0.806C0.000468Mn0.0176Si0.000401Cr0.000108Ni0.174Mo0.000117V0.000110Nb0.0000606Co0.0000955Al0.00104Ti0.000705,0.01,1.72,0.02,0.01,18.1,0.02,0.01,0,0.01,0.01,0,0.05,0.06,1136.9,1192,8
Fe0.806C0.0176Mn0.00181Si0.000209Cr0.0802Ni0.0000999Mo0.00153V0.0124Nb0.0000631Co0.0501W0.0293Al0.000652,0.36,0.17,0.01,7.11,0.01,0.25,1.08,0,0.01,5.03,9.18,0.03,0,1681.2,2032.6,2
Fe0.807C0.000470Mn0.000513Si0.00221Cr0.0501Ni0.116Mo0.0164V0.000111Nb0.0000607Co0.0000957Al0.00439Ti0.00236,0.01,0.05,0.11,4.62,12.08,2.79,0.01,0,0.01,0.01,0,0.21,0.2,1167.2,1220.9,17.5
Fe0.808C0.0201Mn0.00214Si0.000200Cr0.0770Ni0.0000955Mo0.0328V0.0112Nb0.0000603Co0.0475Al0.000623,0.43,0.21,0.01,7.14,0.01,5.62,1.02,0,0.01,4.99,0,0.03,0,1736.3,2039.4,6
Fe0.810C0.000940Mn0.000103Si0.000201Cr0.000109Ni0.151Mo0.0118V0.000111Nb0.0000608Co0.0000958Al0.00209Ti0.0234,0.02,0.01,0.01,0.01,15.7,2,0.01,0,0.01,0.01,0,0.1,1.98,1723.2,1847.2,10
Fe0.811C0.0182Mn0.00225Si0.000200Cr0.0755Ni0.0000957Mo0.0337V0.0119Nb0.0000605Co0.0467Al0.000625,0.39,0.22,0.01,6.99,0.01,5.75,1.08,0,0.01,4.9,0,0.03,0,1688.1,1998.1,8
Fe0.812C0.000934Mn0.000715Si0.00220Cr0.0507Ni0.0975Mo0.0181V0.000110Nb0.0000604Co0.0000952Al0.0146Ti0.00258,0.02,0.07,0.11,4.7,10.2,3.1,0.01,0,0.01,0.01,0,0.7,0.22,1420,1455.9,12
Fe0.813C0.0187Mn0.00143Si0.000200Cr0.0800Ni0.0000957Mo0.0337V0.00617Nb0.0000604Co0.0460Al0.000624,0.4,0.14,0.01,7.41,0.01,5.75,0.56,0,0.01,4.83,0,0.03,0,1805.2,2101.5,4
Fe0.814C0.000937Mn0.000717Si0.00200Cr0.0522Ni0.0977Mo0.0188V0.000110Nb0.0000605Co0.0000954Al0.0108Ti0.00282,0.02,0.07,0.1,4.83,10.2,3.2,0.01,0,0.01,0.01,0,0.52,0.24,1304.3,1338.7,14
Fe0.814C0.0169Mn0.00236Si0.000201Cr0.0710Ni0.0000960Mo0.0338V0.00951Nb0.00249Co0.0488Al0.000627,0.36,0.23,0.01,6.55,0.01,5.75,0.86,0,0.41,5.1,0,0.03,0,1653.6,1963.7,6
Fe0.816C0.000937Mn0.000102Si0.000200Cr0.000108Ni0.147Mo0.00821V0.000110Nb0.0000606Co0.0000955Al0.00250Ti0.0247,0.02,0.01,0.01,0.01,15.3,1.4,0.01,0,0.01,0.01,0,0.12,2.1,1792.2,1916.2,4
Fe0.818C0.0178Mn0.00194Si0.000200Cr0.0799Ni0.0000958Mo0.0337V0.000662Nb0.0000605Co0.0466Al0.000625,0.38,0.19,0.01,7.39,0.01,5.75,0.06,0,0.01,4.88,0,0.03,0,1564,1887.9,8
Fe0.819C0.00507Mn0.00686Si0.00493Cr0.127Ni0.0225Mo0.0102V0.00359N0.000791Nb0.0000596Co0.0000940Al0.000616,0.11,0.68,0.25,11.9,2.38,1.76,0.33,0.02,0.01,0.01,0,0.03,0,1021,1128.8,23.6
Fe0.819C0.0150Mn0.00236Si0.000201Cr0.0716Ni0.0000960Mo0.0338V0.0102Nb0.0000606Co0.0468Al0.000626,0.32,0.23,0.01,6.61,0.01,5.75,0.92,0,0.01,4.9,0,0.03,0,1681.2,1984.3,8
Fe0.822C0.000470Mn0.000616Si0.00161Cr0.0512Ni0.0971Mo0.0184V0.000111Nb0.0000607Co0.0000957Al0.00523Ti0.00271,0.01,0.06,0.08,4.72,10.1,3.13,0.01,0,0.01,0.01,0,0.25,0.23,1172,1198.2,16
Fe0.823C0.0176Mn0.00183Si0.000198Cr0.0779Ni0.0000949Mo0.0219V0.0105Nb0.0000600Co0.0463Al0.000620,0.38,0.18,0.01,7.27,0.01,3.77,0.96,0,0.01,4.9,0,0.03,0,1722.5,1998.1,5
Fe0.823Mn0.000618Si0.00101Cr0.0561Ni0.0984Mo0.0189V0.000111Nb0.0000609Co0.0000961Al0.000629Ti0.00106,0,0.06,0.05,5.15,10.2,3.2,0.01,0,0.01,0.01,0,0.03,0.09,1019,1019,19
Fe0.825C0.0174Mn0.00175Si0.000201Cr0.0565Ni0.0000963Mo0.0344V0.0116Nb0.00554Co0.0468Al0.000628,0.37,0.17,0.01,5.2,0.01,5.84,1.05,0,0.91,4.88,0,0.03,0,1860.3,2156.6,3
Fe0.858C0.0191Mn0.00194Si0.000199Cr0.0753Ni0.0000954Mo0.0341V0.0101Nb0.0000603Co0.000190Al0.000623,0.41,0.19,0.01,6.99,0.01,5.84,0.92,0,0.01,0.02,0,0.03,0,1812.1,2087.7,2
Fe0.860C0.0125Mn0.00274Si0.000198Cr0.00439Ni0.0786Mo0.00284V0.000765Nb0.0000600Co0.0369Al0.000619,0.27,0.27,0.01,0.41,8.28,0.49,0.07,0,0.01,3.9,0,0.03,0,1139.7,1236.3,15.4